Asset_ID,Anomaly_Type,Severity,Description,Timestamp,Recommended_Action
EQX1001,Engine Condition = CRITICAL,CRITICAL,Critical engine condition flagged due to extreme temperature or vibration spikes.,2024-10-30 08:00:00,Shut down engine immediately and dispatch emergency field mechanic.
EQX1001,Engine Condition = CRITICAL,CRITICAL,Critical engine condition flagged due to extreme temperature or vibration spikes.,2024-11-01 09:00:00,Shut down engine immediately and dispatch emergency field mechanic.
EQX1002,Engine Condition = CRITICAL,CRITICAL,Critical engine condition flagged due to extreme temperature or vibration spikes.,2025-03-14 04:00:00,Shut down engine immediately and dispatch emergency field mechanic.
EQX1003,Engine Condition = CRITICAL,CRITICAL,Critical engine condition flagged due to extreme temperature or vibration spikes.,2025-02-28 20:00:00,Shut down engine immediately and dispatch emergency field mechanic.
EQX1003,Engine Condition = CRITICAL,CRITICAL,Critical engine condition flagged due to extreme temperature or vibration spikes.,2025-03-01 10:00:00,Shut down engine immediately and dispatch emergency field mechanic.
EQX1003,Engine Condition = CRITICAL,CRITICAL,Critical engine condition flagged due to extreme temperature or vibration spikes.,2025-03-02 22:00:00,Shut down engine immediately and dispatch emergency field mechanic.
EQX1004,Engine Condition = CRITICAL,CRITICAL,Critical engine condition flagged due to extreme temperature or vibration spikes.,2025-05-14 23:00:00,Shut down engine immediately and dispatch emergency field mechanic.
EQX1005,Engine Condition = CRITICAL,CRITICAL,Critical engine condition flagged due to extreme temperature or vibration spikes.,2024-12-12 03:00:00,Shut down engine immediately and dispatch emergency field mechanic.
EQX1005,Engine Condition = CRITICAL,CRITICAL,Critical engine condition flagged due to extreme temperature or vibration spikes.,2024-12-14 12:00:00,Shut down engine immediately and dispatch emergency field mechanic.
EQX1006,Engine Condition = CRITICAL,CRITICAL,Critical engine condition flagged due to extreme temperature or vibration spikes.,2024-11-26 05:00:00,Shut down engine immediately and dispatch emergency field mechanic.
EQX1006,Engine Condition = CRITICAL,CRITICAL,Critical engine condition flagged due to extreme temperature or vibration spikes.,2024-11-27 13:00:00,Shut down engine immediately and dispatch emergency field mechanic.
EQX1007,Engine Condition = CRITICAL,CRITICAL,Critical engine condition flagged due to extreme temperature or vibration spikes.,2024-08-16 15:00:00,Shut down engine immediately and dispatch emergency field mechanic.
EQX1007,Engine Condition = CRITICAL,CRITICAL,Critical engine condition flagged due to extreme temperature or vibration spikes.,2024-08-16 23:00:00,Shut down engine immediately and dispatch emergency field mechanic.
EQX1007,Engine Condition = CRITICAL,CRITICAL,Critical engine condition flagged due to extreme temperature or vibration spikes.,2024-08-18 09:00:00,Shut down engine immediately and dispatch emergency field mechanic.
EQX1008,Engine Condition = CRITICAL,CRITICAL,Critical engine condition flagged due to extreme temperature or vibration spikes.,2024-11-02 17:00:00,Shut down engine immediately and dispatch emergency field mechanic.
EQX1008,Engine Condition = CRITICAL,CRITICAL,Critical engine condition flagged due to extreme temperature or vibration spikes.,2024-11-04 01:00:00,Shut down engine immediately and dispatch emergency field mechanic.
EQX1008,Engine Condition = CRITICAL,CRITICAL,Critical engine condition flagged due to extreme temperature or vibration spikes.,2024-11-05 18:00:00,Shut down engine immediately and dispatch emergency field mechanic.
EQX1009,Engine Condition = CRITICAL,CRITICAL,Critical engine condition flagged due to extreme temperature or vibration spikes.,2025-04-10 08:00:00,Shut down engine immediately and dispatch emergency field mechanic.
EQX1009,Engine Condition = CRITICAL,CRITICAL,Critical engine condition flagged due to extreme temperature or vibration spikes.,2025-04-11 09:00:00,Shut down engine immediately and dispatch emergency field mechanic.
EQX1009,Engine Condition = CRITICAL,CRITICAL,Critical engine condition flagged due to extreme temperature or vibration spikes.,2025-04-14 09:00:00,Shut down engine immediately and dispatch emergency field mechanic.
EQX1010,Engine Condition = CRITICAL,CRITICAL,Critical engine condition flagged due to extreme temperature or vibration spikes.,2025-07-16 22:00:00,Shut down engine immediately and dispatch emergency field mechanic.
EQX1010,Engine Condition = CRITICAL,CRITICAL,Critical engine condition flagged due to extreme temperature or vibration spikes.,2025-07-17 02:00:00,Shut down engine immediately and dispatch emergency field mechanic.
EQX1011,Engine Condition = CRITICAL,CRITICAL,Critical engine condition flagged due to extreme temperature or vibration spikes.,2024-11-05 09:00:00,Shut down engine immediately and dispatch emergency field mechanic.
EQX1012,Engine Condition = CRITICAL,CRITICAL,Critical engine condition flagged due to extreme temperature or vibration spikes.,2025-01-30 04:00:00,Shut down engine immediately and dispatch emergency field mechanic.
EQX1012,Engine Condition = CRITICAL,CRITICAL,Critical engine condition flagged due to extreme temperature or vibration spikes.,2025-02-03 07:00:00,Shut down engine immediately and dispatch emergency field mechanic.
EQX1013,Engine Condition = CRITICAL,CRITICAL,Critical engine condition flagged due to extreme temperature or vibration spikes.,2024-10-16 21:00:00,Shut down engine immediately and dispatch emergency field mechanic.
EQX1015,Engine Condition = CRITICAL,CRITICAL,Critical engine condition flagged due to extreme temperature or vibration spikes.,2025-06-02 22:00:00,Shut down engine immediately and dispatch emergency field mechanic.
EQX1015,Engine Condition = CRITICAL,CRITICAL,Critical engine condition flagged due to extreme temperature or vibration spikes.,2025-06-03 05:00:00,Shut down engine immediately and dispatch emergency field mechanic.
EQX1015,Engine Condition = CRITICAL,CRITICAL,Critical engine condition flagged due to extreme temperature or vibration spikes.,2025-06-04 16:00:00,Shut down engine immediately and dispatch emergency field mechanic.
EQX1016,Engine Condition = CRITICAL,CRITICAL,Critical engine condition flagged due to extreme temperature or vibration spikes.,2025-02-02 06:00:00,Shut down engine immediately and dispatch emergency field mechanic.
EQX1016,Engine Condition = CRITICAL,CRITICAL,Critical engine condition flagged due to extreme temperature or vibration spikes.,2025-02-03 10:00:00,Shut down engine immediately and dispatch emergency field mechanic.
EQX1016,Engine Condition = CRITICAL,CRITICAL,Critical engine condition flagged due to extreme temperature or vibration spikes.,2025-02-03 18:00:00,Shut down engine immediately and dispatch emergency field mechanic.
EQX1017,Engine Condition = CRITICAL,CRITICAL,Critical engine condition flagged due to extreme temperature or vibration spikes.,2025-03-24 12:00:00,Shut down engine immediately and dispatch emergency field mechanic.
EQX1017,Engine Condition = CRITICAL,CRITICAL,Critical engine condition flagged due to extreme temperature or vibration spikes.,2025-03-24 13:00:00,Shut down engine immediately and dispatch emergency field mechanic.
EQX1018,Engine Condition = CRITICAL,CRITICAL,Critical engine condition flagged due to extreme temperature or vibration spikes.,2025-07-09 18:00:00,Shut down engine immediately and dispatch emergency field mechanic.
EQX1018,Engine Condition = CRITICAL,CRITICAL,Critical engine condition flagged due to extreme temperature or vibration spikes.,2025-07-12 05:00:00,Shut down engine immediately and dispatch emergency field mechanic.
EQX1018,Engine Condition = CRITICAL,CRITICAL,Critical engine condition flagged due to extreme temperature or vibration spikes.,2025-07-12 16:00:00,Shut down engine immediately and dispatch emergency field mechanic.
EQX1019,Engine Condition = CRITICAL,CRITICAL,Critical engine condition flagged due to extreme temperature or vibration spikes.,2025-01-09 16:00:00,Shut down engine immediately and dispatch emergency field mechanic.
EQX1019,Engine Condition = CRITICAL,CRITICAL,Critical engine condition flagged due to extreme temperature or vibration spikes.,2025-01-12 15:00:00,Shut down engine immediately and dispatch emergency field mechanic.
EQX1019,Engine Condition = CRITICAL,CRITICAL,Critical engine condition flagged due to extreme temperature or vibration spikes.,2025-01-12 19:00:00,Shut down engine immediately and dispatch emergency field mechanic.
EQX1020,Engine Condition = CRITICAL,CRITICAL,Critical engine condition flagged due to extreme temperature or vibration spikes.,2024-08-10 12:00:00,Shut down engine immediately and dispatch emergency field mechanic.
EQX1020,Engine Condition = CRITICAL,CRITICAL,Critical engine condition flagged due to extreme temperature or vibration spikes.,2024-08-12 15:00:00,Shut down engine immediately and dispatch emergency field mechanic.
EQX1021,Engine Condition = CRITICAL,CRITICAL,Critical engine condition flagged due to extreme temperature or vibration spikes.,2024-11-19 02:00:00,Shut down engine immediately and dispatch emergency field mechanic.
EQX1021,Engine Condition = CRITICAL,CRITICAL,Critical engine condition flagged due to extreme temperature or vibration spikes.,2024-11-19 17:00:00,Shut down engine immediately and dispatch emergency field mechanic.
EQX1021,Engine Condition = CRITICAL,CRITICAL,Critical engine condition flagged due to extreme temperature or vibration spikes.,2024-11-22 03:00:00,Shut down engine immediately and dispatch emergency field mechanic.
EQX1022,Engine Condition = CRITICAL,CRITICAL,Critical engine condition flagged due to extreme temperature or vibration spikes.,2025-03-29 06:00:00,Shut down engine immediately and dispatch emergency field mechanic.
EQX1022,Engine Condition = CRITICAL,CRITICAL,Critical engine condition flagged due to extreme temperature or vibration spikes.,2025-03-30 14:00:00,Shut down engine immediately and dispatch emergency field mechanic.
EQX1022,Engine Condition = CRITICAL,CRITICAL,Critical engine condition flagged due to extreme temperature or vibration spikes.,2025-03-30 18:00:00,Shut down engine immediately and dispatch emergency field mechanic.
EQX1022,Engine Condition = CRITICAL,CRITICAL,Critical engine condition flagged due to extreme temperature or vibration spikes.,2025-03-31 16:00:00,Shut down engine immediately and dispatch emergency field mechanic.
EQX1022,Engine Condition = CRITICAL,CRITICAL,Critical engine condition flagged due to extreme temperature or vibration spikes.,2025-04-01 07:00:00,Shut down engine immediately and dispatch emergency field mechanic.
EQX1023,Engine Condition = CRITICAL,CRITICAL,Critical engine condition flagged due to extreme temperature or vibration spikes.,2024-10-01 05:00:00,Shut down engine immediately and dispatch emergency field mechanic.
EQX1023,Engine Condition = CRITICAL,CRITICAL,Critical engine condition flagged due to extreme temperature or vibration spikes.,2024-10-02 12:00:00,Shut down engine immediately and dispatch emergency field mechanic.
EQX1023,Engine Condition = CRITICAL,CRITICAL,Critical engine condition flagged due to extreme temperature or vibration spikes.,2024-10-03 19:00:00,Shut down engine immediately and dispatch emergency field mechanic.
EQX1023,Engine Condition = CRITICAL,CRITICAL,Critical engine condition flagged due to extreme temperature or vibration spikes.,2024-10-03 23:00:00,Shut down engine immediately and dispatch emergency field mechanic.
EQX1024,Engine Condition = CRITICAL,CRITICAL,Critical engine condition flagged due to extreme temperature or vibration spikes.,2025-04-30 03:00:00,Shut down engine immediately and dispatch emergency field mechanic.
EQX1024,Engine Condition = CRITICAL,CRITICAL,Critical engine condition flagged due to extreme temperature or vibration spikes.,2025-04-30 12:00:00,Shut down engine immediately and dispatch emergency field mechanic.
EQX1024,Engine Condition = CRITICAL,CRITICAL,Critical engine condition flagged due to extreme temperature or vibration spikes.,2025-05-02 04:00:00,Shut down engine immediately and dispatch emergency field mechanic.
EQX1025,Engine Condition = CRITICAL,CRITICAL,Critical engine condition flagged due to extreme temperature or vibration spikes.,2024-08-10 23:00:00,Shut down engine immediately and dispatch emergency field mechanic.
EQX1025,Engine Condition = CRITICAL,CRITICAL,Critical engine condition flagged due to extreme temperature or vibration spikes.,2024-08-11 17:00:00,Shut down engine immediately and dispatch emergency field mechanic.
EQX1025,Engine Condition = CRITICAL,CRITICAL,Critical engine condition flagged due to extreme temperature or vibration spikes.,2024-08-12 18:00:00,Shut down engine immediately and dispatch emergency field mechanic.
EQX1025,Engine Condition = CRITICAL,CRITICAL,Critical engine condition flagged due to extreme temperature or vibration spikes.,2024-08-12 20:00:00,Shut down engine immediately and dispatch emergency field mechanic.
EQX1025,Engine Condition = CRITICAL,CRITICAL,Critical engine condition flagged due to extreme temperature or vibration spikes.,2024-08-13 01:00:00,Shut down engine immediately and dispatch emergency field mechanic.
EQX1025,Engine Condition = CRITICAL,CRITICAL,Critical engine condition flagged due to extreme temperature or vibration spikes.,2024-08-13 16:00:00,Shut down engine immediately and dispatch emergency field mechanic.
EQX1025,Engine Condition = CRITICAL,CRITICAL,Critical engine condition flagged due to extreme temperature or vibration spikes.,2024-08-13 17:00:00,Shut down engine immediately and dispatch emergency field mechanic.
EQX1025,Engine Condition = CRITICAL,CRITICAL,Critical engine condition flagged due to extreme temperature or vibration spikes.,2024-08-13 19:00:00,Shut down engine immediately and dispatch emergency field mechanic.
EQX1025,Engine Condition = CRITICAL,CRITICAL,Critical engine condition flagged due to extreme temperature or vibration spikes.,2024-08-15 07:00:00,Shut down engine immediately and dispatch emergency field mechanic.
EQX1026,Engine Condition = CRITICAL,CRITICAL,Critical engine condition flagged due to extreme temperature or vibration spikes.,2025-01-19 17:00:00,Shut down engine immediately and dispatch emergency field mechanic.
EQX1027,Engine Condition = CRITICAL,CRITICAL,Critical engine condition flagged due to extreme temperature or vibration spikes.,2025-02-05 11:00:00,Shut down engine immediately and dispatch emergency field mechanic.
EQX1028,Engine Condition = CRITICAL,CRITICAL,Critical engine condition flagged due to extreme temperature or vibration spikes.,2025-02-21 11:00:00,Shut down engine immediately and dispatch emergency field mechanic.
EQX1029,Engine Condition = CRITICAL,CRITICAL,Critical engine condition flagged due to extreme temperature or vibration spikes.,2024-12-24 20:00:00,Shut down engine immediately and dispatch emergency field mechanic.
EQX1029,Engine Condition = CRITICAL,CRITICAL,Critical engine condition flagged due to extreme temperature or vibration spikes.,2024-12-26 22:00:00,Shut down engine immediately and dispatch emergency field mechanic.
EQX1030,Engine Condition = CRITICAL,CRITICAL,Critical engine condition flagged due to extreme temperature or vibration spikes.,2025-01-15 20:00:00,Shut down engine immediately and dispatch emergency field mechanic.
EQX1030,Engine Condition = CRITICAL,CRITICAL,Critical engine condition flagged due to extreme temperature or vibration spikes.,2025-01-16 10:00:00,Shut down engine immediately and dispatch emergency field mechanic.
EQX1030,Engine Condition = CRITICAL,CRITICAL,Critical engine condition flagged due to extreme temperature or vibration spikes.,2025-01-17 19:00:00,Shut down engine immediately and dispatch emergency field mechanic.
EQX1030,Engine Condition = CRITICAL,CRITICAL,Critical engine condition flagged due to extreme temperature or vibration spikes.,2025-01-17 21:00:00,Shut down engine immediately and dispatch emergency field mechanic.
EQX1030,Engine Condition = CRITICAL,CRITICAL,Critical engine condition flagged due to extreme temperature or vibration spikes.,2025-01-18 22:00:00,Shut down engine immediately and dispatch emergency field mechanic.
EQX1031,Engine Condition = CRITICAL,CRITICAL,Critical engine condition flagged due to extreme temperature or vibration spikes.,2025-06-29 15:00:00,Shut down engine immediately and dispatch emergency field mechanic.
EQX1031,Engine Condition = CRITICAL,CRITICAL,Critical engine condition flagged due to extreme temperature or vibration spikes.,2025-06-30 12:00:00,Shut down engine immediately and dispatch emergency field mechanic.
EQX1031,Engine Condition = CRITICAL,CRITICAL,Critical engine condition flagged due to extreme temperature or vibration spikes.,2025-06-30 14:00:00,Shut down engine immediately and dispatch emergency field mechanic.
EQX1031,Engine Condition = CRITICAL,CRITICAL,Critical engine condition flagged due to extreme temperature or vibration spikes.,2025-07-02 04:00:00,Shut down engine immediately and dispatch emergency field mechanic.
EQX1032,Engine Condition = CRITICAL,CRITICAL,Critical engine condition flagged due to extreme temperature or vibration spikes.,2025-03-05 21:00:00,Shut down engine immediately and dispatch emergency field mechanic.
EQX1032,Engine Condition = CRITICAL,CRITICAL,Critical engine condition flagged due to extreme temperature or vibration spikes.,2025-03-07 02:00:00,Shut down engine immediately and dispatch emergency field mechanic.
EQX1032,Engine Condition = CRITICAL,CRITICAL,Critical engine condition flagged due to extreme temperature or vibration spikes.,2025-03-07 17:00:00,Shut down engine immediately and dispatch emergency field mechanic.
EQX1033,Engine Condition = CRITICAL,CRITICAL,Critical engine condition flagged due to extreme temperature or vibration spikes.,2025-02-07 23:00:00,Shut down engine immediately and dispatch emergency field mechanic.
EQX1033,Engine Condition = CRITICAL,CRITICAL,Critical engine condition flagged due to extreme temperature or vibration spikes.,2025-02-09 00:00:00,Shut down engine immediately and dispatch emergency field mechanic.
EQX1033,Engine Condition = CRITICAL,CRITICAL,Critical engine condition flagged due to extreme temperature or vibration spikes.,2025-02-10 03:00:00,Shut down engine immediately and dispatch emergency field mechanic.
EQX1033,Engine Condition = CRITICAL,CRITICAL,Critical engine condition flagged due to extreme temperature or vibration spikes.,2025-02-11 07:00:00,Shut down engine immediately and dispatch emergency field mechanic.
EQX1033,Engine Condition = CRITICAL,CRITICAL,Critical engine condition flagged due to extreme temperature or vibration spikes.,2025-02-12 00:00:00,Shut down engine immediately and dispatch emergency field mechanic.
EQX1034,Engine Condition = CRITICAL,CRITICAL,Critical engine condition flagged due to extreme temperature or vibration spikes.,2024-11-10 19:00:00,Shut down engine immediately and dispatch emergency field mechanic.
EQX1034,Engine Condition = CRITICAL,CRITICAL,Critical engine condition flagged due to extreme temperature or vibration spikes.,2024-11-11 03:00:00,Shut down engine immediately and dispatch emergency field mechanic.
EQX1035,Engine Condition = CRITICAL,CRITICAL,Critical engine condition flagged due to extreme temperature or vibration spikes.,2024-12-18 20:00:00,Shut down engine immediately and dispatch emergency field mechanic.
EQX1035,Engine Condition = CRITICAL,CRITICAL,Critical engine condition flagged due to extreme temperature or vibration spikes.,2024-12-20 04:00:00,Shut down engine immediately and dispatch emergency field mechanic.
EQX1036,Engine Condition = CRITICAL,CRITICAL,Critical engine condition flagged due to extreme temperature or vibration spikes.,2024-09-03 18:00:00,Shut down engine immediately and dispatch emergency field mechanic.
EQX1036,Engine Condition = CRITICAL,CRITICAL,Critical engine condition flagged due to extreme temperature or vibration spikes.,2024-09-05 15:00:00,Shut down engine immediately and dispatch emergency field mechanic.
EQX1037,Engine Condition = CRITICAL,CRITICAL,Critical engine condition flagged due to extreme temperature or vibration spikes.,2025-04-03 17:00:00,Shut down engine immediately and dispatch emergency field mechanic.
EQX1037,Engine Condition = CRITICAL,CRITICAL,Critical engine condition flagged due to extreme temperature or vibration spikes.,2025-04-04 21:00:00,Shut down engine immediately and dispatch emergency field mechanic.
EQX1037,Engine Condition = CRITICAL,CRITICAL,Critical engine condition flagged due to extreme temperature or vibration spikes.,2025-04-05 06:00:00,Shut down engine immediately and dispatch emergency field mechanic.
EQX1037,Engine Condition = CRITICAL,CRITICAL,Critical engine condition flagged due to extreme temperature or vibration spikes.,2025-04-05 15:00:00,Shut down engine immediately and dispatch emergency field mechanic.
EQX1039,Engine Condition = CRITICAL,CRITICAL,Critical engine condition flagged due to extreme temperature or vibration spikes.,2024-09-25 13:00:00,Shut down engine immediately and dispatch emergency field mechanic.
EQX1039,Engine Condition = CRITICAL,CRITICAL,Critical engine condition flagged due to extreme temperature or vibration spikes.,2024-09-27 05:00:00,Shut down engine immediately and dispatch emergency field mechanic.
EQX1039,Engine Condition = CRITICAL,CRITICAL,Critical engine condition flagged due to extreme temperature or vibration spikes.,2024-09-28 05:00:00,Shut down engine immediately and dispatch emergency field mechanic.
EQX1040,Engine Condition = CRITICAL,CRITICAL,Critical engine condition flagged due to extreme temperature or vibration spikes.,2025-05-31 10:00:00,Shut down engine immediately and dispatch emergency field mechanic.
EQX1040,Engine Condition = CRITICAL,CRITICAL,Critical engine condition flagged due to extreme temperature or vibration spikes.,2025-05-31 23:00:00,Shut down engine immediately and dispatch emergency field mechanic.
EQX1040,Engine Condition = CRITICAL,CRITICAL,Critical engine condition flagged due to extreme temperature or vibration spikes.,2025-06-01 16:00:00,Shut down engine immediately and dispatch emergency field mechanic.
EQX1040,Engine Condition = CRITICAL,CRITICAL,Critical engine condition flagged due to extreme temperature or vibration spikes.,2025-06-02 01:00:00,Shut down engine immediately and dispatch emergency field mechanic.
EQX1040,Engine Condition = CRITICAL,CRITICAL,Critical engine condition flagged due to extreme temperature or vibration spikes.,2025-06-02 23:00:00,Shut down engine immediately and dispatch emergency field mechanic.
EQX1001,Diagnostic Trouble Codes,HIGH,Diagnostic Trouble Code (DTC) 'P0087' logged by engine ECM.,2024-10-30 13:00:00,Dispatch field technician for ECM diagnostic scan and DTC 'P0087' service.
EQX1001,Diagnostic Trouble Codes,HIGH,Diagnostic Trouble Code (DTC) 'P0087' logged by engine ECM.,2024-11-01 09:00:00,Dispatch field technician for ECM diagnostic scan and DTC 'P0087' service.
EQX1002,Diagnostic Trouble Codes,HIGH,Diagnostic Trouble Code (DTC) 'P0217' logged by engine ECM.,2025-03-13 04:00:00,Dispatch field technician for ECM diagnostic scan and DTC 'P0217' service.
EQX1003,Diagnostic Trouble Codes,HIGH,Diagnostic Trouble Code (DTC) 'P0087' logged by engine ECM.,2025-02-28 20:00:00,Dispatch field technician for ECM diagnostic scan and DTC 'P0087' service.
EQX1003,Diagnostic Trouble Codes,HIGH,Diagnostic Trouble Code (DTC) 'P0087' logged by engine ECM.,2025-03-03 15:00:00,Dispatch field technician for ECM diagnostic scan and DTC 'P0087' service.
EQX1004,Diagnostic Trouble Codes,HIGH,Diagnostic Trouble Code (DTC) 'P0087' logged by engine ECM.,2025-05-13 12:00:00,Dispatch field technician for ECM diagnostic scan and DTC 'P0087' service.
EQX1004,Diagnostic Trouble Codes,HIGH,Diagnostic Trouble Code (DTC) 'P0087' logged by engine ECM.,2025-05-15 02:00:00,Dispatch field technician for ECM diagnostic scan and DTC 'P0087' service.
EQX1005,Diagnostic Trouble Codes,HIGH,Diagnostic Trouble Code (DTC) 'P0087' logged by engine ECM.,2024-12-14 06:00:00,Dispatch field technician for ECM diagnostic scan and DTC 'P0087' service.
EQX1005,Diagnostic Trouble Codes,HIGH,Diagnostic Trouble Code (DTC) 'P0087' logged by engine ECM.,2024-12-14 12:00:00,Dispatch field technician for ECM diagnostic scan and DTC 'P0087' service.
EQX1006,Diagnostic Trouble Codes,HIGH,Diagnostic Trouble Code (DTC) 'P0217' logged by engine ECM.,2024-11-24 23:00:00,Dispatch field technician for ECM diagnostic scan and DTC 'P0217' service.
EQX1006,Diagnostic Trouble Codes,HIGH,Diagnostic Trouble Code (DTC) 'P0217' logged by engine ECM.,2024-11-26 05:00:00,Dispatch field technician for ECM diagnostic scan and DTC 'P0217' service.
EQX1006,Diagnostic Trouble Codes,HIGH,Diagnostic Trouble Code (DTC) 'P0087' logged by engine ECM.,2024-11-27 03:00:00,Dispatch field technician for ECM diagnostic scan and DTC 'P0087' service.
EQX1006,Diagnostic Trouble Codes,HIGH,Diagnostic Trouble Code (DTC) 'P0217' logged by engine ECM.,2024-11-27 13:00:00,Dispatch field technician for ECM diagnostic scan and DTC 'P0217' service.
EQX1006,Diagnostic Trouble Codes,HIGH,Diagnostic Trouble Code (DTC) 'P0217' logged by engine ECM.,2024-11-28 05:00:00,Dispatch field technician for ECM diagnostic scan and DTC 'P0217' service.
EQX1007,Missing Operator,HIGH,Equipment EQX1007 operating without assigned certified operator ID.,2024-12-11,Assign certified operator immediately or halt machine operation.
EQX1007,Diagnostic Trouble Codes,HIGH,Diagnostic Trouble Code (DTC) 'P0217' logged by engine ECM.,2024-08-15 20:00:00,Dispatch field technician for ECM diagnostic scan and DTC 'P0217' service.
EQX1007,Diagnostic Trouble Codes,HIGH,Diagnostic Trouble Code (DTC) 'P0087' logged by engine ECM.,2024-08-18 09:00:00,Dispatch field technician for ECM diagnostic scan and DTC 'P0087' service.
EQX1008,Diagnostic Trouble Codes,HIGH,Diagnostic Trouble Code (DTC) 'P0087' logged by engine ECM.,2024-11-01 17:00:00,Dispatch field technician for ECM diagnostic scan and DTC 'P0087' service.
EQX1008,Diagnostic Trouble Codes,HIGH,Diagnostic Trouble Code (DTC) 'P0217' logged by engine ECM.,2024-11-05 18:00:00,Dispatch field technician for ECM diagnostic scan and DTC 'P0217' service.
EQX1009,Diagnostic Trouble Codes,HIGH,Diagnostic Trouble Code (DTC) 'P0087' logged by engine ECM.,2025-04-12 16:00:00,Dispatch field technician for ECM diagnostic scan and DTC 'P0087' service.
EQX1009,Diagnostic Trouble Codes,HIGH,Diagnostic Trouble Code (DTC) 'P0087' logged by engine ECM.,2025-04-13 22:00:00,Dispatch field technician for ECM diagnostic scan and DTC 'P0087' service.
EQX1009,Diagnostic Trouble Codes,HIGH,Diagnostic Trouble Code (DTC) 'P0087' logged by engine ECM.,2025-04-14 02:00:00,Dispatch field technician for ECM diagnostic scan and DTC 'P0087' service.
EQX1010,Diagnostic Trouble Codes,HIGH,Diagnostic Trouble Code (DTC) 'P0217' logged by engine ECM.,2025-07-16 02:00:00,Dispatch field technician for ECM diagnostic scan and DTC 'P0217' service.
EQX1010,Diagnostic Trouble Codes,HIGH,Diagnostic Trouble Code (DTC) 'P0217' logged by engine ECM.,2025-07-16 07:00:00,Dispatch field technician for ECM diagnostic scan and DTC 'P0217' service.
EQX1010,Diagnostic Trouble Codes,HIGH,Diagnostic Trouble Code (DTC) 'P0217' logged by engine ECM.,2025-07-17 02:00:00,Dispatch field technician for ECM diagnostic scan and DTC 'P0217' service.
EQX1010,Diagnostic Trouble Codes,HIGH,Diagnostic Trouble Code (DTC) 'P0087' logged by engine ECM.,2025-07-17 12:00:00,Dispatch field technician for ECM diagnostic scan and DTC 'P0087' service.
EQX1010,Diagnostic Trouble Codes,HIGH,Diagnostic Trouble Code (DTC) 'P0217' logged by engine ECM.,2025-07-20 01:00:00,Dispatch field technician for ECM diagnostic scan and DTC 'P0217' service.
EQX1010,Diagnostic Trouble Codes,HIGH,Diagnostic Trouble Code (DTC) 'P0217' logged by engine ECM.,2025-07-20 06:00:00,Dispatch field technician for ECM diagnostic scan and DTC 'P0217' service.
EQX1011,Diagnostic Trouble Codes,HIGH,Diagnostic Trouble Code (DTC) 'P0087' logged by engine ECM.,2024-11-05 04:00:00,Dispatch field technician for ECM diagnostic scan and DTC 'P0087' service.
EQX1011,Diagnostic Trouble Codes,HIGH,Diagnostic Trouble Code (DTC) 'P0087' logged by engine ECM.,2024-11-05 09:00:00,Dispatch field technician for ECM diagnostic scan and DTC 'P0087' service.
EQX1012,Missing Operator,HIGH,Equipment EQX1012 operating without assigned certified operator ID.,2025-03-01,Assign certified operator immediately or halt machine operation.
EQX1012,Diagnostic Trouble Codes,HIGH,Diagnostic Trouble Code (DTC) 'P0217' logged by engine ECM.,2025-01-31 06:00:00,Dispatch field technician for ECM diagnostic scan and DTC 'P0217' service.
EQX1012,Diagnostic Trouble Codes,HIGH,Diagnostic Trouble Code (DTC) 'P0217' logged by engine ECM.,2025-02-03 07:00:00,Dispatch field technician for ECM diagnostic scan and DTC 'P0217' service.
EQX1013,Diagnostic Trouble Codes,HIGH,Diagnostic Trouble Code (DTC) 'P0217' logged by engine ECM.,2024-10-15 15:00:00,Dispatch field technician for ECM diagnostic scan and DTC 'P0217' service.
EQX1014,Missing Operator,HIGH,Equipment EQX1014 operating without assigned certified operator ID.,2024-10-30,Assign certified operator immediately or halt machine operation.
EQX1014,Diagnostic Trouble Codes,HIGH,Diagnostic Trouble Code (DTC) 'P0217' logged by engine ECM.,2025-02-15 04:00:00,Dispatch field technician for ECM diagnostic scan and DTC 'P0217' service.
EQX1015,Diagnostic Trouble Codes,HIGH,Diagnostic Trouble Code (DTC) 'P0087' logged by engine ECM.,2025-06-02 06:00:00,Dispatch field technician for ECM diagnostic scan and DTC 'P0087' service.
EQX1015,Diagnostic Trouble Codes,HIGH,Diagnostic Trouble Code (DTC) 'P0087' logged by engine ECM.,2025-06-02 14:00:00,Dispatch field technician for ECM diagnostic scan and DTC 'P0087' service.
EQX1015,Diagnostic Trouble Codes,HIGH,Diagnostic Trouble Code (DTC) 'P0217' logged by engine ECM.,2025-06-03 04:00:00,Dispatch field technician for ECM diagnostic scan and DTC 'P0217' service.
EQX1016,Diagnostic Trouble Codes,HIGH,Diagnostic Trouble Code (DTC) 'P0217' logged by engine ECM.,2025-02-01 23:00:00,Dispatch field technician for ECM diagnostic scan and DTC 'P0217' service.
EQX1016,Diagnostic Trouble Codes,HIGH,Diagnostic Trouble Code (DTC) 'P0087' logged by engine ECM.,2025-02-03 18:00:00,Dispatch field technician for ECM diagnostic scan and DTC 'P0087' service.
EQX1017,Diagnostic Trouble Codes,HIGH,Diagnostic Trouble Code (DTC) 'P0087' logged by engine ECM.,2025-03-26 18:00:00,Dispatch field technician for ECM diagnostic scan and DTC 'P0087' service.
EQX1018,Missing Operator,HIGH,Equipment EQX1018 operating without assigned certified operator ID.,2024-12-23,Assign certified operator immediately or halt machine operation.
EQX1018,Diagnostic Trouble Codes,HIGH,Diagnostic Trouble Code (DTC) 'P0217' logged by engine ECM.,2025-07-09 20:00:00,Dispatch field technician for ECM diagnostic scan and DTC 'P0217' service.
EQX1018,Diagnostic Trouble Codes,HIGH,Diagnostic Trouble Code (DTC) 'P0087' logged by engine ECM.,2025-07-12 02:00:00,Dispatch field technician for ECM diagnostic scan and DTC 'P0087' service.
EQX1018,Diagnostic Trouble Codes,HIGH,Diagnostic Trouble Code (DTC) 'P0087' logged by engine ECM.,2025-07-12 05:00:00,Dispatch field technician for ECM diagnostic scan and DTC 'P0087' service.
EQX1018,Diagnostic Trouble Codes,HIGH,Diagnostic Trouble Code (DTC) 'P0217' logged by engine ECM.,2025-07-12 16:00:00,Dispatch field technician for ECM diagnostic scan and DTC 'P0217' service.
EQX1019,Diagnostic Trouble Codes,HIGH,Diagnostic Trouble Code (DTC) 'P0217' logged by engine ECM.,2025-01-09 05:00:00,Dispatch field technician for ECM diagnostic scan and DTC 'P0217' service.
EQX1019,Diagnostic Trouble Codes,HIGH,Diagnostic Trouble Code (DTC) 'P0087' logged by engine ECM.,2025-01-09 16:00:00,Dispatch field technician for ECM diagnostic scan and DTC 'P0087' service.
EQX1019,Diagnostic Trouble Codes,HIGH,Diagnostic Trouble Code (DTC) 'P0087' logged by engine ECM.,2025-01-09 17:00:00,Dispatch field technician for ECM diagnostic scan and DTC 'P0087' service.
EQX1020,Diagnostic Trouble Codes,HIGH,Diagnostic Trouble Code (DTC) 'P0087' logged by engine ECM.,2024-08-10 12:00:00,Dispatch field technician for ECM diagnostic scan and DTC 'P0087' service.
EQX1020,Diagnostic Trouble Codes,HIGH,Diagnostic Trouble Code (DTC) 'P0217' logged by engine ECM.,2024-08-14 14:00:00,Dispatch field technician for ECM diagnostic scan and DTC 'P0217' service.
EQX1020,Diagnostic Trouble Codes,HIGH,Diagnostic Trouble Code (DTC) 'P0087' logged by engine ECM.,2024-08-15 09:00:00,Dispatch field technician for ECM diagnostic scan and DTC 'P0087' service.
EQX1021,Diagnostic Trouble Codes,HIGH,Diagnostic Trouble Code (DTC) 'P0087' logged by engine ECM.,2024-11-18 17:00:00,Dispatch field technician for ECM diagnostic scan and DTC 'P0087' service.
EQX1021,Diagnostic Trouble Codes,HIGH,Diagnostic Trouble Code (DTC) 'P0217' logged by engine ECM.,2024-11-18 21:00:00,Dispatch field technician for ECM diagnostic scan and DTC 'P0217' service.
EQX1021,Diagnostic Trouble Codes,HIGH,Diagnostic Trouble Code (DTC) 'P0217' logged by engine ECM.,2024-11-19 02:00:00,Dispatch field technician for ECM diagnostic scan and DTC 'P0217' service.
EQX1021,Diagnostic Trouble Codes,HIGH,Diagnostic Trouble Code (DTC) 'P0087' logged by engine ECM.,2024-11-19 22:00:00,Dispatch field technician for ECM diagnostic scan and DTC 'P0087' service.
EQX1022,Diagnostic Trouble Codes,HIGH,Diagnostic Trouble Code (DTC) 'P0087' logged by engine ECM.,2025-03-29 06:00:00,Dispatch field technician for ECM diagnostic scan and DTC 'P0087' service.
EQX1022,Diagnostic Trouble Codes,HIGH,Diagnostic Trouble Code (DTC) 'P0087' logged by engine ECM.,2025-03-29 18:00:00,Dispatch field technician for ECM diagnostic scan and DTC 'P0087' service.
EQX1022,Diagnostic Trouble Codes,HIGH,Diagnostic Trouble Code (DTC) 'P0217' logged by engine ECM.,2025-03-30 14:00:00,Dispatch field technician for ECM diagnostic scan and DTC 'P0217' service.
EQX1022,Diagnostic Trouble Codes,HIGH,Diagnostic Trouble Code (DTC) 'P0087' logged by engine ECM.,2025-03-31 16:00:00,Dispatch field technician for ECM diagnostic scan and DTC 'P0087' service.
EQX1022,Diagnostic Trouble Codes,HIGH,Diagnostic Trouble Code (DTC) 'P0217' logged by engine ECM.,2025-04-01 07:00:00,Dispatch field technician for ECM diagnostic scan and DTC 'P0217' service.
EQX1022,Diagnostic Trouble Codes,HIGH,Diagnostic Trouble Code (DTC) 'P0217' logged by engine ECM.,2025-04-01 09:00:00,Dispatch field technician for ECM diagnostic scan and DTC 'P0217' service.
EQX1023,Diagnostic Trouble Codes,HIGH,Diagnostic Trouble Code (DTC) 'P0217' logged by engine ECM.,2024-09-29 10:00:00,Dispatch field technician for ECM diagnostic scan and DTC 'P0217' service.
EQX1023,Diagnostic Trouble Codes,HIGH,Diagnostic Trouble Code (DTC) 'P0217' logged by engine ECM.,2024-10-01 05:00:00,Dispatch field technician for ECM diagnostic scan and DTC 'P0217' service.
EQX1023,Diagnostic Trouble Codes,HIGH,Diagnostic Trouble Code (DTC) 'P0087' logged by engine ECM.,2024-10-03 19:00:00,Dispatch field technician for ECM diagnostic scan and DTC 'P0087' service.
EQX1024,Diagnostic Trouble Codes,HIGH,Diagnostic Trouble Code (DTC) 'P0087' logged by engine ECM.,2025-04-29 13:00:00,Dispatch field technician for ECM diagnostic scan and DTC 'P0087' service.
EQX1025,Diagnostic Trouble Codes,HIGH,Diagnostic Trouble Code (DTC) 'P0217' logged by engine ECM.,2024-08-10 23:00:00,Dispatch field technician for ECM diagnostic scan and DTC 'P0217' service.
EQX1025,Diagnostic Trouble Codes,HIGH,Diagnostic Trouble Code (DTC) 'P0217' logged by engine ECM.,2024-08-12 18:00:00,Dispatch field technician for ECM diagnostic scan and DTC 'P0217' service.
EQX1025,Diagnostic Trouble Codes,HIGH,Diagnostic Trouble Code (DTC) 'P0087' logged by engine ECM.,2024-08-12 20:00:00,Dispatch field technician for ECM diagnostic scan and DTC 'P0087' service.
EQX1025,Diagnostic Trouble Codes,HIGH,Diagnostic Trouble Code (DTC) 'P0087' logged by engine ECM.,2024-08-13 19:00:00,Dispatch field technician for ECM diagnostic scan and DTC 'P0087' service.
EQX1025,Diagnostic Trouble Codes,HIGH,Diagnostic Trouble Code (DTC) 'P0087' logged by engine ECM.,2024-08-14 17:00:00,Dispatch field technician for ECM diagnostic scan and DTC 'P0087' service.
EQX1026,Missing Operator,HIGH,Equipment EQX1026 operating without assigned certified operator ID.,2025-01-15,Assign certified operator immediately or halt machine operation.
EQX1026,Diagnostic Trouble Codes,HIGH,Diagnostic Trouble Code (DTC) 'P0217' logged by engine ECM.,2025-01-16 23:00:00,Dispatch field technician for ECM diagnostic scan and DTC 'P0217' service.
EQX1026,Diagnostic Trouble Codes,HIGH,Diagnostic Trouble Code (DTC) 'P0087' logged by engine ECM.,2025-01-18 12:00:00,Dispatch field technician for ECM diagnostic scan and DTC 'P0087' service.
EQX1026,Diagnostic Trouble Codes,HIGH,Diagnostic Trouble Code (DTC) 'P0087' logged by engine ECM.,2025-01-19 19:00:00,Dispatch field technician for ECM diagnostic scan and DTC 'P0087' service.
EQX1027,Diagnostic Trouble Codes,HIGH,Diagnostic Trouble Code (DTC) 'P0217' logged by engine ECM.,2025-02-05 11:00:00,Dispatch field technician for ECM diagnostic scan and DTC 'P0217' service.
EQX1027,Diagnostic Trouble Codes,HIGH,Diagnostic Trouble Code (DTC) 'P0217' logged by engine ECM.,2025-02-09 09:00:00,Dispatch field technician for ECM diagnostic scan and DTC 'P0217' service.
EQX1028,Diagnostic Trouble Codes,HIGH,Diagnostic Trouble Code (DTC) 'P0217' logged by engine ECM.,2025-02-20 22:00:00,Dispatch field technician for ECM diagnostic scan and DTC 'P0217' service.
EQX1028,Diagnostic Trouble Codes,HIGH,Diagnostic Trouble Code (DTC) 'P0217' logged by engine ECM.,2025-02-21 11:00:00,Dispatch field technician for ECM diagnostic scan and DTC 'P0217' service.
EQX1029,Diagnostic Trouble Codes,HIGH,Diagnostic Trouble Code (DTC) 'P0217' logged by engine ECM.,2024-12-24 01:00:00,Dispatch field technician for ECM diagnostic scan and DTC 'P0217' service.
EQX1030,Diagnostic Trouble Codes,HIGH,Diagnostic Trouble Code (DTC) 'P0217' logged by engine ECM.,2025-01-16 10:00:00,Dispatch field technician for ECM diagnostic scan and DTC 'P0217' service.
EQX1030,Diagnostic Trouble Codes,HIGH,Diagnostic Trouble Code (DTC) 'P0087' logged by engine ECM.,2025-01-17 01:00:00,Dispatch field technician for ECM diagnostic scan and DTC 'P0087' service.
EQX1030,Diagnostic Trouble Codes,HIGH,Diagnostic Trouble Code (DTC) 'P0217' logged by engine ECM.,2025-01-17 21:00:00,Dispatch field technician for ECM diagnostic scan and DTC 'P0217' service.
EQX1030,Diagnostic Trouble Codes,HIGH,Diagnostic Trouble Code (DTC) 'P0217' logged by engine ECM.,2025-01-18 01:00:00,Dispatch field technician for ECM diagnostic scan and DTC 'P0217' service.
EQX1030,Diagnostic Trouble Codes,HIGH,Diagnostic Trouble Code (DTC) 'P0217' logged by engine ECM.,2025-01-20 03:00:00,Dispatch field technician for ECM diagnostic scan and DTC 'P0217' service.
EQX1030,Diagnostic Trouble Codes,HIGH,Diagnostic Trouble Code (DTC) 'P0217' logged by engine ECM.,2025-01-20 07:00:00,Dispatch field technician for ECM diagnostic scan and DTC 'P0217' service.
EQX1031,Missing Operator,HIGH,Equipment EQX1031 operating without assigned certified operator ID.,2025-07-04,Assign certified operator immediately or halt machine operation.
EQX1031,Diagnostic Trouble Codes,HIGH,Diagnostic Trouble Code (DTC) 'P0217' logged by engine ECM.,2025-06-28 01:00:00,Dispatch field technician for ECM diagnostic scan and DTC 'P0217' service.
EQX1031,Diagnostic Trouble Codes,HIGH,Diagnostic Trouble Code (DTC) 'P0217' logged by engine ECM.,2025-06-29 15:00:00,Dispatch field technician for ECM diagnostic scan and DTC 'P0217' service.
EQX1031,Diagnostic Trouble Codes,HIGH,Diagnostic Trouble Code (DTC) 'P0217' logged by engine ECM.,2025-07-01 00:00:00,Dispatch field technician for ECM diagnostic scan and DTC 'P0217' service.
EQX1031,Diagnostic Trouble Codes,HIGH,Diagnostic Trouble Code (DTC) 'P0087' logged by engine ECM.,2025-07-01 16:00:00,Dispatch field technician for ECM diagnostic scan and DTC 'P0087' service.
EQX1032,Diagnostic Trouble Codes,HIGH,Diagnostic Trouble Code (DTC) 'P0217' logged by engine ECM.,2025-03-05 00:00:00,Dispatch field technician for ECM diagnostic scan and DTC 'P0217' service.
EQX1033,Diagnostic Trouble Codes,HIGH,Diagnostic Trouble Code (DTC) 'P0217' logged by engine ECM.,2025-02-07 08:00:00,Dispatch field technician for ECM diagnostic scan and DTC 'P0217' service.
EQX1033,Diagnostic Trouble Codes,HIGH,Diagnostic Trouble Code (DTC) 'P0087' logged by engine ECM.,2025-02-07 16:00:00,Dispatch field technician for ECM diagnostic scan and DTC 'P0087' service.
EQX1033,Diagnostic Trouble Codes,HIGH,Diagnostic Trouble Code (DTC) 'P0087' logged by engine ECM.,2025-02-10 02:00:00,Dispatch field technician for ECM diagnostic scan and DTC 'P0087' service.
EQX1033,Diagnostic Trouble Codes,HIGH,Diagnostic Trouble Code (DTC) 'P0087' logged by engine ECM.,2025-02-10 13:00:00,Dispatch field technician for ECM diagnostic scan and DTC 'P0087' service.
EQX1034,Diagnostic Trouble Codes,HIGH,Diagnostic Trouble Code (DTC) 'P0087' logged by engine ECM.,2024-11-08 12:00:00,Dispatch field technician for ECM diagnostic scan and DTC 'P0087' service.
EQX1034,Diagnostic Trouble Codes,HIGH,Diagnostic Trouble Code (DTC) 'P0217' logged by engine ECM.,2024-11-09 08:00:00,Dispatch field technician for ECM diagnostic scan and DTC 'P0217' service.
EQX1034,Diagnostic Trouble Codes,HIGH,Diagnostic Trouble Code (DTC) 'P0087' logged by engine ECM.,2024-11-09 17:00:00,Dispatch field technician for ECM diagnostic scan and DTC 'P0087' service.
EQX1034,Diagnostic Trouble Codes,HIGH,Diagnostic Trouble Code (DTC) 'P0087' logged by engine ECM.,2024-11-10 19:00:00,Dispatch field technician for ECM diagnostic scan and DTC 'P0087' service.
EQX1034,Diagnostic Trouble Codes,HIGH,Diagnostic Trouble Code (DTC) 'P0217' logged by engine ECM.,2024-11-11 05:00:00,Dispatch field technician for ECM diagnostic scan and DTC 'P0217' service.
EQX1035,Missing Operator,HIGH,Equipment EQX1035 operating without assigned certified operator ID.,2024-12-16,Assign certified operator immediately or halt machine operation.
EQX1035,Diagnostic Trouble Codes,HIGH,Diagnostic Trouble Code (DTC) 'P0087' logged by engine ECM.,2024-12-17 15:00:00,Dispatch field technician for ECM diagnostic scan and DTC 'P0087' service.
EQX1035,Diagnostic Trouble Codes,HIGH,Diagnostic Trouble Code (DTC) 'P0087' logged by engine ECM.,2024-12-18 09:00:00,Dispatch field technician for ECM diagnostic scan and DTC 'P0087' service.
EQX1035,Diagnostic Trouble Codes,HIGH,Diagnostic Trouble Code (DTC) 'P0217' logged by engine ECM.,2024-12-18 10:00:00,Dispatch field technician for ECM diagnostic scan and DTC 'P0217' service.
EQX1035,Diagnostic Trouble Codes,HIGH,Diagnostic Trouble Code (DTC) 'P0217' logged by engine ECM.,2024-12-18 20:00:00,Dispatch field technician for ECM diagnostic scan and DTC 'P0217' service.
EQX1036,Diagnostic Trouble Codes,HIGH,Diagnostic Trouble Code (DTC) 'P0217' logged by engine ECM.,2024-09-05 15:00:00,Dispatch field technician for ECM diagnostic scan and DTC 'P0217' service.
EQX1036,Diagnostic Trouble Codes,HIGH,Diagnostic Trouble Code (DTC) 'P0217' logged by engine ECM.,2024-09-06 10:00:00,Dispatch field technician for ECM diagnostic scan and DTC 'P0217' service.
EQX1037,Missing Operator,HIGH,Equipment EQX1037 operating without assigned certified operator ID.,2025-04-03,Assign certified operator immediately or halt machine operation.
EQX1037,Diagnostic Trouble Codes,HIGH,Diagnostic Trouble Code (DTC) 'P0087' logged by engine ECM.,2025-04-03 16:00:00,Dispatch field technician for ECM diagnostic scan and DTC 'P0087' service.
EQX1037,Diagnostic Trouble Codes,HIGH,Diagnostic Trouble Code (DTC) 'P0087' logged by engine ECM.,2025-04-05 17:00:00,Dispatch field technician for ECM diagnostic scan and DTC 'P0087' service.
EQX1037,Diagnostic Trouble Codes,HIGH,Diagnostic Trouble Code (DTC) 'P0087' logged by engine ECM.,2025-04-07 08:00:00,Dispatch field technician for ECM diagnostic scan and DTC 'P0087' service.
EQX1037,Diagnostic Trouble Codes,HIGH,Diagnostic Trouble Code (DTC) 'P0217' logged by engine ECM.,2025-04-07 23:00:00,Dispatch field technician for ECM diagnostic scan and DTC 'P0217' service.
EQX1038,Diagnostic Trouble Codes,HIGH,Diagnostic Trouble Code (DTC) 'P0087' logged by engine ECM.,2025-03-14 21:00:00,Dispatch field technician for ECM diagnostic scan and DTC 'P0087' service.
EQX1038,Diagnostic Trouble Codes,HIGH,Diagnostic Trouble Code (DTC) 'P0087' logged by engine ECM.,2025-03-16 07:00:00,Dispatch field technician for ECM diagnostic scan and DTC 'P0087' service.
EQX1038,Diagnostic Trouble Codes,HIGH,Diagnostic Trouble Code (DTC) 'P0217' logged by engine ECM.,2025-03-17 13:00:00,Dispatch field technician for ECM diagnostic scan and DTC 'P0217' service.
EQX1038,Diagnostic Trouble Codes,HIGH,Diagnostic Trouble Code (DTC) 'P0087' logged by engine ECM.,2025-03-17 21:00:00,Dispatch field technician for ECM diagnostic scan and DTC 'P0087' service.
EQX1038,Diagnostic Trouble Codes,HIGH,Diagnostic Trouble Code (DTC) 'P0217' logged by engine ECM.,2025-03-18 00:00:00,Dispatch field technician for ECM diagnostic scan and DTC 'P0217' service.
EQX1038,Diagnostic Trouble Codes,HIGH,Diagnostic Trouble Code (DTC) 'P0217' logged by engine ECM.,2025-03-18 08:00:00,Dispatch field technician for ECM diagnostic scan and DTC 'P0217' service.
EQX1038,Diagnostic Trouble Codes,HIGH,Diagnostic Trouble Code (DTC) 'P0087' logged by engine ECM.,2025-03-19 08:00:00,Dispatch field technician for ECM diagnostic scan and DTC 'P0087' service.
EQX1039,Diagnostic Trouble Codes,HIGH,Diagnostic Trouble Code (DTC) 'P0087' logged by engine ECM.,2024-09-25 13:00:00,Dispatch field technician for ECM diagnostic scan and DTC 'P0087' service.
EQX1039,Diagnostic Trouble Codes,HIGH,Diagnostic Trouble Code (DTC) 'P0087' logged by engine ECM.,2024-09-26 09:00:00,Dispatch field technician for ECM diagnostic scan and DTC 'P0087' service.
EQX1039,Diagnostic Trouble Codes,HIGH,Diagnostic Trouble Code (DTC) 'P0087' logged by engine ECM.,2024-09-27 22:00:00,Dispatch field technician for ECM diagnostic scan and DTC 'P0087' service.
EQX1039,Diagnostic Trouble Codes,HIGH,Diagnostic Trouble Code (DTC) 'P0217' logged by engine ECM.,2024-09-29 08:00:00,Dispatch field technician for ECM diagnostic scan and DTC 'P0217' service.
EQX1039,Diagnostic Trouble Codes,HIGH,Diagnostic Trouble Code (DTC) 'P0217' logged by engine ECM.,2024-09-29 18:00:00,Dispatch field technician for ECM diagnostic scan and DTC 'P0217' service.
EQX1040,Diagnostic Trouble Codes,HIGH,Diagnostic Trouble Code (DTC) 'P0217' logged by engine ECM.,2025-06-02 01:00:00,Dispatch field technician for ECM diagnostic scan and DTC 'P0217' service.
EQX1040,Diagnostic Trouble Codes,HIGH,Diagnostic Trouble Code (DTC) 'P0217' logged by engine ECM.,2025-06-02 11:00:00,Dispatch field technician for ECM diagnostic scan and DTC 'P0217' service.
EQX1040,Diagnostic Trouble Codes,HIGH,Diagnostic Trouble Code (DTC) 'P0087' logged by engine ECM.,2025-06-04 10:00:00,Dispatch field technician for ECM diagnostic scan and DTC 'P0087' service.
EQX1001,Diagnostic Trouble Codes,MEDIUM,Diagnostic Trouble Code (DTC) 'P0017' logged by engine ECM.,2024-10-30 06:00:00,Dispatch field technician for ECM diagnostic scan and DTC 'P0017' service.
EQX1001,Diagnostic Trouble Codes,MEDIUM,Diagnostic Trouble Code (DTC) 'P0420' logged by engine ECM.,2024-10-30 08:00:00,Dispatch field technician for ECM diagnostic scan and DTC 'P0420' service.
EQX1001,Fuel Remaining below 15%,MEDIUM,Low fuel remaining level (14.9%). Risk of engine air-lock if tank empties.,2024-10-31 22:00:00,Schedule mobile fuel tender dispatch to job site.
EQX1001,Fuel Remaining below 15%,MEDIUM,Low fuel remaining level (14.9%). Risk of engine air-lock if tank empties.,2024-10-31 23:00:00,Schedule mobile fuel tender dispatch to job site.
EQX1001,Fuel Remaining below 15%,MEDIUM,Low fuel remaining level (14.9%). Risk of engine air-lock if tank empties.,2024-11-01 00:00:00,Schedule mobile fuel tender dispatch to job site.
EQX1001,Fuel Remaining below 15%,MEDIUM,Low fuel remaining level (14.8%). Risk of engine air-lock if tank empties.,2024-11-01 01:00:00,Schedule mobile fuel tender dispatch to job site.
EQX1001,Fuel Remaining below 15%,MEDIUM,Low fuel remaining level (14.8%). Risk of engine air-lock if tank empties.,2024-11-01 02:00:00,Schedule mobile fuel tender dispatch to job site.
EQX1001,Fuel Remaining below 15%,MEDIUM,Low fuel remaining level (14.8%). Risk of engine air-lock if tank empties.,2024-11-01 03:00:00,Schedule mobile fuel tender dispatch to job site.
EQX1001,Fuel Remaining below 15%,MEDIUM,Low fuel remaining level (14.8%). Risk of engine air-lock if tank empties.,2024-11-01 04:00:00,Schedule mobile fuel tender dispatch to job site.
EQX1001,Fuel Remaining below 15%,MEDIUM,Low fuel remaining level (14.7%). Risk of engine air-lock if tank empties.,2024-11-01 05:00:00,Schedule mobile fuel tender dispatch to job site.
EQX1001,Fuel Remaining below 15%,MEDIUM,Low fuel remaining level (14.7%). Risk of engine air-lock if tank empties.,2024-11-01 06:00:00,Schedule mobile fuel tender dispatch to job site.
EQX1001,Fuel Remaining below 15%,MEDIUM,Low fuel remaining level (14.7%). Risk of engine air-lock if tank empties.,2024-11-01 07:00:00,Schedule mobile fuel tender dispatch to job site.
EQX1001,Fuel Remaining below 15%,MEDIUM,Low fuel remaining level (13.4%). Risk of engine air-lock if tank empties.,2024-11-01 08:00:00,Schedule mobile fuel tender dispatch to job site.
EQX1001,Fuel Remaining below 15%,MEDIUM,Low fuel remaining level (12.1%). Risk of engine air-lock if tank empties.,2024-11-01 09:00:00,Schedule mobile fuel tender dispatch to job site.
EQX1001,Fuel Remaining below 15%,MEDIUM,Low fuel remaining level (10.3%). Risk of engine air-lock if tank empties.,2024-11-01 10:00:00,Schedule mobile fuel tender dispatch to job site.
EQX1002,Idle Hours > Engine Hours,MEDIUM,Equipment EQX1002 recorded higher daily idle hours (8.0h) than active engine work hours (0.7h).,2025-03-09,Instruct site operator to shut down ignition during downtime to curb fuel wastage.
EQX1002,Idle Hours > Engine Hours,MEDIUM,Equipment EQX1002 recorded higher daily idle hours (10.6h) than active engine work hours (0.8h).,2025-02-14,Instruct site operator to shut down ignition during downtime to curb fuel wastage.
EQX1002,Diagnostic Trouble Codes,MEDIUM,Diagnostic Trouble Code (DTC) 'P0300' logged by engine ECM.,2025-03-10 06:00:00,Dispatch field technician for ECM diagnostic scan and DTC 'P0300' service.
EQX1002,Diagnostic Trouble Codes,MEDIUM,Diagnostic Trouble Code (DTC) 'P0300' logged by engine ECM.,2025-03-11 18:00:00,Dispatch field technician for ECM diagnostic scan and DTC 'P0300' service.
EQX1002,Fuel Remaining below 15%,MEDIUM,Low fuel remaining level (13.7%). Risk of engine air-lock if tank empties.,2025-03-13 08:00:00,Schedule mobile fuel tender dispatch to job site.
EQX1002,Fuel Remaining below 15%,MEDIUM,Low fuel remaining level (11.8%). Risk of engine air-lock if tank empties.,2025-03-13 09:00:00,Schedule mobile fuel tender dispatch to job site.
EQX1002,Diagnostic Trouble Codes,MEDIUM,Diagnostic Trouble Code (DTC) 'P0017' logged by engine ECM.,2025-03-14 04:00:00,Dispatch field technician for ECM diagnostic scan and DTC 'P0017' service.
EQX1003,Idle Hours > Engine Hours,MEDIUM,Equipment EQX1003 recorded higher daily idle hours (8.9h) than active engine work hours (2.4h).,2025-05-20,Instruct site operator to shut down ignition during downtime to curb fuel wastage.
EQX1003,Diagnostic Trouble Codes,MEDIUM,Diagnostic Trouble Code (DTC) 'P0562' logged by engine ECM.,2025-03-01 09:00:00,Dispatch field technician for ECM diagnostic scan and DTC 'P0562' service.
EQX1003,Diagnostic Trouble Codes,MEDIUM,Diagnostic Trouble Code (DTC) 'P0562' logged by engine ECM.,2025-03-01 10:00:00,Dispatch field technician for ECM diagnostic scan and DTC 'P0562' service.
EQX1003,Diagnostic Trouble Codes,MEDIUM,Diagnostic Trouble Code (DTC) 'P0300' logged by engine ECM.,2025-03-02 05:00:00,Dispatch field technician for ECM diagnostic scan and DTC 'P0300' service.
EQX1003,Diagnostic Trouble Codes,MEDIUM,Diagnostic Trouble Code (DTC) 'P0420' logged by engine ECM.,2025-03-02 22:00:00,Dispatch field technician for ECM diagnostic scan and DTC 'P0420' service.
EQX1003,Fuel Remaining below 15%,MEDIUM,Low fuel remaining level (13.8%). Risk of engine air-lock if tank empties.,2025-03-03 17:00:00,Schedule mobile fuel tender dispatch to job site.
EQX1003,Fuel Remaining below 15%,MEDIUM,Low fuel remaining level (13.7%). Risk of engine air-lock if tank empties.,2025-03-03 18:00:00,Schedule mobile fuel tender dispatch to job site.
EQX1003,Fuel Remaining below 15%,MEDIUM,Low fuel remaining level (13.7%). Risk of engine air-lock if tank empties.,2025-03-03 19:00:00,Schedule mobile fuel tender dispatch to job site.
EQX1003,Fuel Remaining below 15%,MEDIUM,Low fuel remaining level (13.7%). Risk of engine air-lock if tank empties.,2025-03-03 20:00:00,Schedule mobile fuel tender dispatch to job site.
EQX1003,Fuel Remaining below 15%,MEDIUM,Low fuel remaining level (13.6%). Risk of engine air-lock if tank empties.,2025-03-03 21:00:00,Schedule mobile fuel tender dispatch to job site.
EQX1003,Fuel Remaining below 15%,MEDIUM,Low fuel remaining level (13.6%). Risk of engine air-lock if tank empties.,2025-03-03 22:00:00,Schedule mobile fuel tender dispatch to job site.
EQX1003,Fuel Remaining below 15%,MEDIUM,Low fuel remaining level (13.6%). Risk of engine air-lock if tank empties.,2025-03-03 23:00:00,Schedule mobile fuel tender dispatch to job site.
EQX1003,Diagnostic Trouble Codes,MEDIUM,Diagnostic Trouble Code (DTC) 'P0420' logged by engine ECM.,2025-03-04 00:00:00,Dispatch field technician for ECM diagnostic scan and DTC 'P0420' service.
EQX1003,Fuel Remaining below 15%,MEDIUM,Low fuel remaining level (13.6%). Risk of engine air-lock if tank empties.,2025-03-04 00:00:00,Schedule mobile fuel tender dispatch to job site.
EQX1003,Diagnostic Trouble Codes,MEDIUM,Diagnostic Trouble Code (DTC) 'P0420' logged by engine ECM.,2025-03-04 01:00:00,Dispatch field technician for ECM diagnostic scan and DTC 'P0420' service.
EQX1003,Fuel Remaining below 15%,MEDIUM,Low fuel remaining level (13.5%). Risk of engine air-lock if tank empties.,2025-03-04 01:00:00,Schedule mobile fuel tender dispatch to job site.
EQX1003,Fuel Remaining below 15%,MEDIUM,Low fuel remaining level (13.5%). Risk of engine air-lock if tank empties.,2025-03-04 02:00:00,Schedule mobile fuel tender dispatch to job site.
EQX1003,Fuel Remaining below 15%,MEDIUM,Low fuel remaining level (13.5%). Risk of engine air-lock if tank empties.,2025-03-04 03:00:00,Schedule mobile fuel tender dispatch to job site.
EQX1003,Fuel Remaining below 15%,MEDIUM,Low fuel remaining level (13.4%). Risk of engine air-lock if tank empties.,2025-03-04 04:00:00,Schedule mobile fuel tender dispatch to job site.
EQX1003,Fuel Remaining below 15%,MEDIUM,Low fuel remaining level (13.4%). Risk of engine air-lock if tank empties.,2025-03-04 05:00:00,Schedule mobile fuel tender dispatch to job site.
EQX1003,Fuel Remaining below 15%,MEDIUM,Low fuel remaining level (13.4%). Risk of engine air-lock if tank empties.,2025-03-04 06:00:00,Schedule mobile fuel tender dispatch to job site.
EQX1003,Fuel Remaining below 15%,MEDIUM,Low fuel remaining level (13.4%). Risk of engine air-lock if tank empties.,2025-03-04 07:00:00,Schedule mobile fuel tender dispatch to job site.
EQX1003,Fuel Remaining below 15%,MEDIUM,Low fuel remaining level (12.0%). Risk of engine air-lock if tank empties.,2025-03-04 08:00:00,Schedule mobile fuel tender dispatch to job site.
EQX1003,Diagnostic Trouble Codes,MEDIUM,Diagnostic Trouble Code (DTC) 'P0420' logged by engine ECM.,2025-03-04 10:00:00,Dispatch field technician for ECM diagnostic scan and DTC 'P0420' service.
EQX1004,Diagnostic Trouble Codes,MEDIUM,Diagnostic Trouble Code (DTC) 'P0420' logged by engine ECM.,2025-05-12 22:00:00,Dispatch field technician for ECM diagnostic scan and DTC 'P0420' service.
EQX1004,Diagnostic Trouble Codes,MEDIUM,Diagnostic Trouble Code (DTC) 'P0300' logged by engine ECM.,2025-05-13 07:00:00,Dispatch field technician for ECM diagnostic scan and DTC 'P0300' service.
EQX1004,Diagnostic Trouble Codes,MEDIUM,Diagnostic Trouble Code (DTC) 'P0017' logged by engine ECM.,2025-05-14 00:00:00,Dispatch field technician for ECM diagnostic scan and DTC 'P0017' service.
EQX1004,Diagnostic Trouble Codes,MEDIUM,Diagnostic Trouble Code (DTC) 'P0562' logged by engine ECM.,2025-05-14 23:00:00,Dispatch field technician for ECM diagnostic scan and DTC 'P0562' service.
EQX1004,Fuel Remaining below 15%,MEDIUM,Low fuel remaining level (13.1%). Risk of engine air-lock if tank empties.,2025-05-15 10:00:00,Schedule mobile fuel tender dispatch to job site.
EQX1004,Fuel Remaining below 15%,MEDIUM,Low fuel remaining level (11.6%). Risk of engine air-lock if tank empties.,2025-05-15 11:00:00,Schedule mobile fuel tender dispatch to job site.
EQX1004,Diagnostic Trouble Codes,MEDIUM,Diagnostic Trouble Code (DTC) 'P0017' logged by engine ECM.,2025-05-15 18:00:00,Dispatch field technician for ECM diagnostic scan and DTC 'P0017' service.
EQX1004,Diagnostic Trouble Codes,MEDIUM,Diagnostic Trouble Code (DTC) 'P0420' logged by engine ECM.,2025-05-16 11:00:00,Dispatch field technician for ECM diagnostic scan and DTC 'P0420' service.
EQX1005,Diagnostic Trouble Codes,MEDIUM,Diagnostic Trouble Code (DTC) 'P0017' logged by engine ECM.,2024-12-10 12:00:00,Dispatch field technician for ECM diagnostic scan and DTC 'P0017' service.
EQX1005,Diagnostic Trouble Codes,MEDIUM,Diagnostic Trouble Code (DTC) 'P0300' logged by engine ECM.,2024-12-10 19:00:00,Dispatch field technician for ECM diagnostic scan and DTC 'P0300' service.
EQX1005,Diagnostic Trouble Codes,MEDIUM,Diagnostic Trouble Code (DTC) 'P0420' logged by engine ECM.,2024-12-12 03:00:00,Dispatch field technician for ECM diagnostic scan and DTC 'P0420' service.
EQX1005,Diagnostic Trouble Codes,MEDIUM,Diagnostic Trouble Code (DTC) 'P0017' logged by engine ECM.,2024-12-14 03:00:00,Dispatch field technician for ECM diagnostic scan and DTC 'P0017' service.
EQX1005,Fuel Remaining below 15%,MEDIUM,Low fuel remaining level (14.6%). Risk of engine air-lock if tank empties.,2024-12-14 08:00:00,Schedule mobile fuel tender dispatch to job site.
EQX1005,Fuel Remaining below 15%,MEDIUM,Low fuel remaining level (12.9%). Risk of engine air-lock if tank empties.,2024-12-14 09:00:00,Schedule mobile fuel tender dispatch to job site.
EQX1005,Fuel Remaining below 15%,MEDIUM,Low fuel remaining level (10.7%). Risk of engine air-lock if tank empties.,2024-12-14 10:00:00,Schedule mobile fuel tender dispatch to job site.
EQX1006,Idle Hours > Engine Hours,MEDIUM,Equipment EQX1006 recorded higher daily idle hours (10.8h) than active engine work hours (1.3h).,2025-05-22,Instruct site operator to shut down ignition during downtime to curb fuel wastage.
EQX1006,Diagnostic Trouble Codes,MEDIUM,Diagnostic Trouble Code (DTC) 'P0562' logged by engine ECM.,2024-11-27 02:00:00,Dispatch field technician for ECM diagnostic scan and DTC 'P0562' service.
EQX1006,Fuel Remaining below 15%,MEDIUM,Low fuel remaining level (14.9%). Risk of engine air-lock if tank empties.,2024-11-28 07:00:00,Schedule mobile fuel tender dispatch to job site.
EQX1006,Fuel Remaining below 15%,MEDIUM,Low fuel remaining level (13.7%). Risk of engine air-lock if tank empties.,2024-11-28 08:00:00,Schedule mobile fuel tender dispatch to job site.
EQX1006,Fuel Remaining below 15%,MEDIUM,Low fuel remaining level (12.1%). Risk of engine air-lock if tank empties.,2024-11-28 09:00:00,Schedule mobile fuel tender dispatch to job site.
EQX1006,Fuel Remaining below 15%,MEDIUM,Low fuel remaining level (10.4%). Risk of engine air-lock if tank empties.,2024-11-28 10:00:00,Schedule mobile fuel tender dispatch to job site.
EQX1007,Idle Hours > Engine Hours,MEDIUM,Equipment EQX1007 recorded higher daily idle hours (10.8h) than active engine work hours (1.6h).,2024-12-11,Instruct site operator to shut down ignition during downtime to curb fuel wastage.
EQX1007,Diagnostic Trouble Codes,MEDIUM,Diagnostic Trouble Code (DTC) 'P0300' logged by engine ECM.,2024-08-13 17:00:00,Dispatch field technician for ECM diagnostic scan and DTC 'P0300' service.
EQX1007,Diagnostic Trouble Codes,MEDIUM,Diagnostic Trouble Code (DTC) 'P0420' logged by engine ECM.,2024-08-15 09:00:00,Dispatch field technician for ECM diagnostic scan and DTC 'P0420' service.
EQX1007,Diagnostic Trouble Codes,MEDIUM,Diagnostic Trouble Code (DTC) 'P0562' logged by engine ECM.,2024-08-16 05:00:00,Dispatch field technician for ECM diagnostic scan and DTC 'P0562' service.
EQX1007,Diagnostic Trouble Codes,MEDIUM,Diagnostic Trouble Code (DTC) 'P0420' logged by engine ECM.,2024-08-16 15:00:00,Dispatch field technician for ECM diagnostic scan and DTC 'P0420' service.
EQX1007,Diagnostic Trouble Codes,MEDIUM,Diagnostic Trouble Code (DTC) 'P0562' logged by engine ECM.,2024-08-16 20:00:00,Dispatch field technician for ECM diagnostic scan and DTC 'P0562' service.
EQX1007,Diagnostic Trouble Codes,MEDIUM,Diagnostic Trouble Code (DTC) 'P0562' logged by engine ECM.,2024-08-16 23:00:00,Dispatch field technician for ECM diagnostic scan and DTC 'P0562' service.
EQX1007,Fuel Remaining below 15%,MEDIUM,Low fuel remaining level (14.3%). Risk of engine air-lock if tank empties.,2024-08-17 10:00:00,Schedule mobile fuel tender dispatch to job site.
EQX1007,Fuel Remaining below 15%,MEDIUM,Low fuel remaining level (12.0%). Risk of engine air-lock if tank empties.,2024-08-17 11:00:00,Schedule mobile fuel tender dispatch to job site.
EQX1008,Idle Hours > Engine Hours,MEDIUM,Equipment EQX1008 recorded higher daily idle hours (11.5h) than active engine work hours (2.4h).,2025-03-08,Instruct site operator to shut down ignition during downtime to curb fuel wastage.
EQX1008,Diagnostic Trouble Codes,MEDIUM,Diagnostic Trouble Code (DTC) 'P0017' logged by engine ECM.,2024-11-01 22:00:00,Dispatch field technician for ECM diagnostic scan and DTC 'P0017' service.
EQX1008,Diagnostic Trouble Codes,MEDIUM,Diagnostic Trouble Code (DTC) 'P0562' logged by engine ECM.,2024-11-02 17:00:00,Dispatch field technician for ECM diagnostic scan and DTC 'P0562' service.
EQX1008,Diagnostic Trouble Codes,MEDIUM,Diagnostic Trouble Code (DTC) 'P0017' logged by engine ECM.,2024-11-03 01:00:00,Dispatch field technician for ECM diagnostic scan and DTC 'P0017' service.
EQX1008,Diagnostic Trouble Codes,MEDIUM,Diagnostic Trouble Code (DTC) 'P0017' logged by engine ECM.,2024-11-03 20:00:00,Dispatch field technician for ECM diagnostic scan and DTC 'P0017' service.
EQX1008,Diagnostic Trouble Codes,MEDIUM,Diagnostic Trouble Code (DTC) 'P0300' logged by engine ECM.,2024-11-04 01:00:00,Dispatch field technician for ECM diagnostic scan and DTC 'P0300' service.
EQX1008,Diagnostic Trouble Codes,MEDIUM,Diagnostic Trouble Code (DTC) 'P0017' logged by engine ECM.,2024-11-04 12:00:00,Dispatch field technician for ECM diagnostic scan and DTC 'P0017' service.
EQX1008,Fuel Remaining below 15%,MEDIUM,Low fuel remaining level (14.7%). Risk of engine air-lock if tank empties.,2024-11-04 16:00:00,Schedule mobile fuel tender dispatch to job site.
EQX1008,Fuel Remaining below 15%,MEDIUM,Low fuel remaining level (13.5%). Risk of engine air-lock if tank empties.,2024-11-04 17:00:00,Schedule mobile fuel tender dispatch to job site.
EQX1008,Fuel Remaining below 15%,MEDIUM,Low fuel remaining level (13.5%). Risk of engine air-lock if tank empties.,2024-11-04 18:00:00,Schedule mobile fuel tender dispatch to job site.
EQX1008,Fuel Remaining below 15%,MEDIUM,Low fuel remaining level (13.4%). Risk of engine air-lock if tank empties.,2024-11-04 19:00:00,Schedule mobile fuel tender dispatch to job site.
EQX1008,Fuel Remaining below 15%,MEDIUM,Low fuel remaining level (13.4%). Risk of engine air-lock if tank empties.,2024-11-04 20:00:00,Schedule mobile fuel tender dispatch to job site.
EQX1008,Fuel Remaining below 15%,MEDIUM,Low fuel remaining level (13.4%). Risk of engine air-lock if tank empties.,2024-11-04 21:00:00,Schedule mobile fuel tender dispatch to job site.
EQX1008,Fuel Remaining below 15%,MEDIUM,Low fuel remaining level (13.4%). Risk of engine air-lock if tank empties.,2024-11-04 22:00:00,Schedule mobile fuel tender dispatch to job site.
EQX1008,Fuel Remaining below 15%,MEDIUM,Low fuel remaining level (13.3%). Risk of engine air-lock if tank empties.,2024-11-04 23:00:00,Schedule mobile fuel tender dispatch to job site.
EQX1008,Fuel Remaining below 15%,MEDIUM,Low fuel remaining level (13.3%). Risk of engine air-lock if tank empties.,2024-11-05 00:00:00,Schedule mobile fuel tender dispatch to job site.
EQX1008,Fuel Remaining below 15%,MEDIUM,Low fuel remaining level (13.3%). Risk of engine air-lock if tank empties.,2024-11-05 01:00:00,Schedule mobile fuel tender dispatch to job site.
EQX1008,Fuel Remaining below 15%,MEDIUM,Low fuel remaining level (13.2%). Risk of engine air-lock if tank empties.,2024-11-05 02:00:00,Schedule mobile fuel tender dispatch to job site.
EQX1008,Fuel Remaining below 15%,MEDIUM,Low fuel remaining level (13.2%). Risk of engine air-lock if tank empties.,2024-11-05 03:00:00,Schedule mobile fuel tender dispatch to job site.
EQX1008,Fuel Remaining below 15%,MEDIUM,Low fuel remaining level (13.2%). Risk of engine air-lock if tank empties.,2024-11-05 04:00:00,Schedule mobile fuel tender dispatch to job site.
EQX1008,Fuel Remaining below 15%,MEDIUM,Low fuel remaining level (13.2%). Risk of engine air-lock if tank empties.,2024-11-05 05:00:00,Schedule mobile fuel tender dispatch to job site.
EQX1008,Fuel Remaining below 15%,MEDIUM,Low fuel remaining level (13.1%). Risk of engine air-lock if tank empties.,2024-11-05 06:00:00,Schedule mobile fuel tender dispatch to job site.
EQX1008,Fuel Remaining below 15%,MEDIUM,Low fuel remaining level (13.1%). Risk of engine air-lock if tank empties.,2024-11-05 07:00:00,Schedule mobile fuel tender dispatch to job site.
EQX1008,Fuel Remaining below 15%,MEDIUM,Low fuel remaining level (11.1%). Risk of engine air-lock if tank empties.,2024-11-05 08:00:00,Schedule mobile fuel tender dispatch to job site.
EQX1008,Diagnostic Trouble Codes,MEDIUM,Diagnostic Trouble Code (DTC) 'P0562' logged by engine ECM.,2024-11-05 09:00:00,Dispatch field technician for ECM diagnostic scan and DTC 'P0562' service.
EQX1008,Diagnostic Trouble Codes,MEDIUM,Diagnostic Trouble Code (DTC) 'P0017' logged by engine ECM.,2024-11-06 01:00:00,Dispatch field technician for ECM diagnostic scan and DTC 'P0017' service.
EQX1009,Idle Hours > Engine Hours,MEDIUM,Equipment EQX1009 recorded higher daily idle hours (8.5h) than active engine work hours (1.5h).,2025-03-31,Instruct site operator to shut down ignition during downtime to curb fuel wastage.
EQX1009,Diagnostic Trouble Codes,MEDIUM,Diagnostic Trouble Code (DTC) 'P0420' logged by engine ECM.,2025-04-10 08:00:00,Dispatch field technician for ECM diagnostic scan and DTC 'P0420' service.
EQX1009,Diagnostic Trouble Codes,MEDIUM,Diagnostic Trouble Code (DTC) 'P0300' logged by engine ECM.,2025-04-11 09:00:00,Dispatch field technician for ECM diagnostic scan and DTC 'P0300' service.
EQX1009,Diagnostic Trouble Codes,MEDIUM,Diagnostic Trouble Code (DTC) 'P0017' logged by engine ECM.,2025-04-12 11:00:00,Dispatch field technician for ECM diagnostic scan and DTC 'P0017' service.
EQX1009,Diagnostic Trouble Codes,MEDIUM,Diagnostic Trouble Code (DTC) 'P0420' logged by engine ECM.,2025-04-12 23:00:00,Dispatch field technician for ECM diagnostic scan and DTC 'P0420' service.
EQX1009,Fuel Remaining below 15%,MEDIUM,Low fuel remaining level (14.2%). Risk of engine air-lock if tank empties.,2025-04-13 09:00:00,Schedule mobile fuel tender dispatch to job site.
EQX1009,Fuel Remaining below 15%,MEDIUM,Low fuel remaining level (12.8%). Risk of engine air-lock if tank empties.,2025-04-13 10:00:00,Schedule mobile fuel tender dispatch to job site.
EQX1009,Fuel Remaining below 15%,MEDIUM,Low fuel remaining level (11.6%). Risk of engine air-lock if tank empties.,2025-04-13 11:00:00,Schedule mobile fuel tender dispatch to job site.
EQX1009,Fuel Remaining below 15%,MEDIUM,Low fuel remaining level (10.1%). Risk of engine air-lock if tank empties.,2025-04-13 12:00:00,Schedule mobile fuel tender dispatch to job site.
EQX1009,Diagnostic Trouble Codes,MEDIUM,Diagnostic Trouble Code (DTC) 'P0420' logged by engine ECM.,2025-04-14 09:00:00,Dispatch field technician for ECM diagnostic scan and DTC 'P0420' service.
EQX1010,Idle Hours > Engine Hours,MEDIUM,Equipment EQX1010 recorded higher daily idle hours (11.7h) than active engine work hours (2.5h).,2025-07-15,Instruct site operator to shut down ignition during downtime to curb fuel wastage.
EQX1010,Idle Hours > Engine Hours,MEDIUM,Equipment EQX1010 recorded higher daily idle hours (8.3h) than active engine work hours (2.0h).,2025-03-24,Instruct site operator to shut down ignition during downtime to curb fuel wastage.
EQX1010,Diagnostic Trouble Codes,MEDIUM,Diagnostic Trouble Code (DTC) 'P0300' logged by engine ECM.,2025-07-15 18:00:00,Dispatch field technician for ECM diagnostic scan and DTC 'P0300' service.
EQX1010,Diagnostic Trouble Codes,MEDIUM,Diagnostic Trouble Code (DTC) 'P0420' logged by engine ECM.,2025-07-16 13:00:00,Dispatch field technician for ECM diagnostic scan and DTC 'P0420' service.
EQX1010,Diagnostic Trouble Codes,MEDIUM,Diagnostic Trouble Code (DTC) 'P0300' logged by engine ECM.,2025-07-16 22:00:00,Dispatch field technician for ECM diagnostic scan and DTC 'P0300' service.
EQX1010,Diagnostic Trouble Codes,MEDIUM,Diagnostic Trouble Code (DTC) 'P0562' logged by engine ECM.,2025-07-17 17:00:00,Dispatch field technician for ECM diagnostic scan and DTC 'P0562' service.
EQX1010,Diagnostic Trouble Codes,MEDIUM,Diagnostic Trouble Code (DTC) 'P0420' logged by engine ECM.,2025-07-18 19:00:00,Dispatch field technician for ECM diagnostic scan and DTC 'P0420' service.
EQX1010,Diagnostic Trouble Codes,MEDIUM,Diagnostic Trouble Code (DTC) 'P0300' logged by engine ECM.,2025-07-18 20:00:00,Dispatch field technician for ECM diagnostic scan and DTC 'P0300' service.
EQX1010,Diagnostic Trouble Codes,MEDIUM,Diagnostic Trouble Code (DTC) 'P0562' logged by engine ECM.,2025-07-19 03:00:00,Dispatch field technician for ECM diagnostic scan and DTC 'P0562' service.
EQX1010,Diagnostic Trouble Codes,MEDIUM,Diagnostic Trouble Code (DTC) 'P0017' logged by engine ECM.,2025-07-19 04:00:00,Dispatch field technician for ECM diagnostic scan and DTC 'P0017' service.
EQX1010,Fuel Remaining below 15%,MEDIUM,Low fuel remaining level (13.4%). Risk of engine air-lock if tank empties.,2025-07-19 09:00:00,Schedule mobile fuel tender dispatch to job site.
EQX1010,Fuel Remaining below 15%,MEDIUM,Low fuel remaining level (11.2%). Risk of engine air-lock if tank empties.,2025-07-19 10:00:00,Schedule mobile fuel tender dispatch to job site.
EQX1011,Diagnostic Trouble Codes,MEDIUM,Diagnostic Trouble Code (DTC) 'P0562' logged by engine ECM.,2024-11-05 13:00:00,Dispatch field technician for ECM diagnostic scan and DTC 'P0562' service.
EQX1011,Fuel Remaining below 15%,MEDIUM,Low fuel remaining level (14.1%). Risk of engine air-lock if tank empties.,2024-11-08 08:00:00,Schedule mobile fuel tender dispatch to job site.
EQX1011,Fuel Remaining below 15%,MEDIUM,Low fuel remaining level (12.7%). Risk of engine air-lock if tank empties.,2024-11-08 09:00:00,Schedule mobile fuel tender dispatch to job site.
EQX1011,Fuel Remaining below 15%,MEDIUM,Low fuel remaining level (10.8%). Risk of engine air-lock if tank empties.,2024-11-08 10:00:00,Schedule mobile fuel tender dispatch to job site.
EQX1012,Idle Hours > Engine Hours,MEDIUM,Equipment EQX1012 recorded higher daily idle hours (10.4h) than active engine work hours (1.7h).,2025-03-01,Instruct site operator to shut down ignition during downtime to curb fuel wastage.
EQX1012,Diagnostic Trouble Codes,MEDIUM,Diagnostic Trouble Code (DTC) 'P0562' logged by engine ECM.,2025-01-29 14:00:00,Dispatch field technician for ECM diagnostic scan and DTC 'P0562' service.
EQX1012,Diagnostic Trouble Codes,MEDIUM,Diagnostic Trouble Code (DTC) 'P0562' logged by engine ECM.,2025-01-30 04:00:00,Dispatch field technician for ECM diagnostic scan and DTC 'P0562' service.
EQX1012,Diagnostic Trouble Codes,MEDIUM,Diagnostic Trouble Code (DTC) 'P0300' logged by engine ECM.,2025-01-31 04:00:00,Dispatch field technician for ECM diagnostic scan and DTC 'P0300' service.
EQX1012,Diagnostic Trouble Codes,MEDIUM,Diagnostic Trouble Code (DTC) 'P0420' logged by engine ECM.,2025-01-31 13:00:00,Dispatch field technician for ECM diagnostic scan and DTC 'P0420' service.
EQX1012,Diagnostic Trouble Codes,MEDIUM,Diagnostic Trouble Code (DTC) 'P0420' logged by engine ECM.,2025-02-01 09:00:00,Dispatch field technician for ECM diagnostic scan and DTC 'P0420' service.
EQX1012,Diagnostic Trouble Codes,MEDIUM,Diagnostic Trouble Code (DTC) 'P0420' logged by engine ECM.,2025-02-01 16:00:00,Dispatch field technician for ECM diagnostic scan and DTC 'P0420' service.
EQX1012,Fuel Remaining below 15%,MEDIUM,Low fuel remaining level (13.4%). Risk of engine air-lock if tank empties.,2025-02-02 08:00:00,Schedule mobile fuel tender dispatch to job site.
EQX1012,Fuel Remaining below 15%,MEDIUM,Low fuel remaining level (12.1%). Risk of engine air-lock if tank empties.,2025-02-02 09:00:00,Schedule mobile fuel tender dispatch to job site.
EQX1012,Fuel Remaining below 15%,MEDIUM,Low fuel remaining level (10.1%). Risk of engine air-lock if tank empties.,2025-02-02 10:00:00,Schedule mobile fuel tender dispatch to job site.
EQX1012,Diagnostic Trouble Codes,MEDIUM,Diagnostic Trouble Code (DTC) 'P0420' logged by engine ECM.,2025-02-03 09:00:00,Dispatch field technician for ECM diagnostic scan and DTC 'P0420' service.
EQX1013,Idle Hours > Engine Hours,MEDIUM,Equipment EQX1013 recorded higher daily idle hours (10.0h) than active engine work hours (1.5h).,2024-10-10,Instruct site operator to shut down ignition during downtime to curb fuel wastage.
EQX1013,Diagnostic Trouble Codes,MEDIUM,Diagnostic Trouble Code (DTC) 'P0562' logged by engine ECM.,2024-10-13 08:00:00,Dispatch field technician for ECM diagnostic scan and DTC 'P0562' service.
EQX1013,Diagnostic Trouble Codes,MEDIUM,Diagnostic Trouble Code (DTC) 'P0420' logged by engine ECM.,2024-10-14 05:00:00,Dispatch field technician for ECM diagnostic scan and DTC 'P0420' service.
EQX1013,Diagnostic Trouble Codes,MEDIUM,Diagnostic Trouble Code (DTC) 'P0300' logged by engine ECM.,2024-10-14 09:00:00,Dispatch field technician for ECM diagnostic scan and DTC 'P0300' service.
EQX1013,Fuel Remaining below 15%,MEDIUM,Low fuel remaining level (13.5%). Risk of engine air-lock if tank empties.,2024-10-16 17:00:00,Schedule mobile fuel tender dispatch to job site.
EQX1013,Fuel Remaining below 15%,MEDIUM,Low fuel remaining level (13.5%). Risk of engine air-lock if tank empties.,2024-10-16 18:00:00,Schedule mobile fuel tender dispatch to job site.
EQX1013,Fuel Remaining below 15%,MEDIUM,Low fuel remaining level (13.4%). Risk of engine air-lock if tank empties.,2024-10-16 19:00:00,Schedule mobile fuel tender dispatch to job site.
EQX1013,Diagnostic Trouble Codes,MEDIUM,Diagnostic Trouble Code (DTC) 'P0562' logged by engine ECM.,2024-10-16 20:00:00,Dispatch field technician for ECM diagnostic scan and DTC 'P0562' service.
EQX1013,Fuel Remaining below 15%,MEDIUM,Low fuel remaining level (13.4%). Risk of engine air-lock if tank empties.,2024-10-16 20:00:00,Schedule mobile fuel tender dispatch to job site.
EQX1013,Diagnostic Trouble Codes,MEDIUM,Diagnostic Trouble Code (DTC) 'P0300' logged by engine ECM.,2024-10-16 21:00:00,Dispatch field technician for ECM diagnostic scan and DTC 'P0300' service.
EQX1013,Fuel Remaining below 15%,MEDIUM,Low fuel remaining level (13.4%). Risk of engine air-lock if tank empties.,2024-10-16 21:00:00,Schedule mobile fuel tender dispatch to job site.
EQX1013,Fuel Remaining below 15%,MEDIUM,Low fuel remaining level (13.4%). Risk of engine air-lock if tank empties.,2024-10-16 22:00:00,Schedule mobile fuel tender dispatch to job site.
EQX1013,Fuel Remaining below 15%,MEDIUM,Low fuel remaining level (13.3%). Risk of engine air-lock if tank empties.,2024-10-16 23:00:00,Schedule mobile fuel tender dispatch to job site.
EQX1013,Fuel Remaining below 15%,MEDIUM,Low fuel remaining level (13.3%). Risk of engine air-lock if tank empties.,2024-10-17 00:00:00,Schedule mobile fuel tender dispatch to job site.
EQX1013,Fuel Remaining below 15%,MEDIUM,Low fuel remaining level (13.3%). Risk of engine air-lock if tank empties.,2024-10-17 01:00:00,Schedule mobile fuel tender dispatch to job site.
EQX1013,Fuel Remaining below 15%,MEDIUM,Low fuel remaining level (13.2%). Risk of engine air-lock if tank empties.,2024-10-17 02:00:00,Schedule mobile fuel tender dispatch to job site.
EQX1013,Diagnostic Trouble Codes,MEDIUM,Diagnostic Trouble Code (DTC) 'P0420' logged by engine ECM.,2024-10-17 03:00:00,Dispatch field technician for ECM diagnostic scan and DTC 'P0420' service.
EQX1013,Fuel Remaining below 15%,MEDIUM,Low fuel remaining level (13.2%). Risk of engine air-lock if tank empties.,2024-10-17 03:00:00,Schedule mobile fuel tender dispatch to job site.
EQX1013,Fuel Remaining below 15%,MEDIUM,Low fuel remaining level (13.2%). Risk of engine air-lock if tank empties.,2024-10-17 04:00:00,Schedule mobile fuel tender dispatch to job site.
EQX1013,Fuel Remaining below 15%,MEDIUM,Low fuel remaining level (13.2%). Risk of engine air-lock if tank empties.,2024-10-17 05:00:00,Schedule mobile fuel tender dispatch to job site.
EQX1013,Fuel Remaining below 15%,MEDIUM,Low fuel remaining level (13.1%). Risk of engine air-lock if tank empties.,2024-10-17 06:00:00,Schedule mobile fuel tender dispatch to job site.
EQX1013,Fuel Remaining below 15%,MEDIUM,Low fuel remaining level (13.1%). Risk of engine air-lock if tank empties.,2024-10-17 07:00:00,Schedule mobile fuel tender dispatch to job site.
EQX1013,Fuel Remaining below 15%,MEDIUM,Low fuel remaining level (11.6%). Risk of engine air-lock if tank empties.,2024-10-17 08:00:00,Schedule mobile fuel tender dispatch to job site.
EQX1014,Idle Hours > Engine Hours,MEDIUM,Equipment EQX1014 recorded higher daily idle hours (9.3h) than active engine work hours (1.5h).,2024-10-30,Instruct site operator to shut down ignition during downtime to curb fuel wastage.
EQX1014,Diagnostic Trouble Codes,MEDIUM,Diagnostic Trouble Code (DTC) 'P0420' logged by engine ECM.,2025-02-11 09:00:00,Dispatch field technician for ECM diagnostic scan and DTC 'P0420' service.
EQX1014,Diagnostic Trouble Codes,MEDIUM,Diagnostic Trouble Code (DTC) 'P0300' logged by engine ECM.,2025-02-11 10:00:00,Dispatch field technician for ECM diagnostic scan and DTC 'P0300' service.
EQX1014,Diagnostic Trouble Codes,MEDIUM,Diagnostic Trouble Code (DTC) 'P0017' logged by engine ECM.,2025-02-11 16:00:00,Dispatch field technician for ECM diagnostic scan and DTC 'P0017' service.
EQX1014,Diagnostic Trouble Codes,MEDIUM,Diagnostic Trouble Code (DTC) 'P0420' logged by engine ECM.,2025-02-14 08:00:00,Dispatch field technician for ECM diagnostic scan and DTC 'P0420' service.
EQX1014,Fuel Remaining below 15%,MEDIUM,Low fuel remaining level (14.0%). Risk of engine air-lock if tank empties.,2025-02-14 09:00:00,Schedule mobile fuel tender dispatch to job site.
EQX1014,Fuel Remaining below 15%,MEDIUM,Low fuel remaining level (12.4%). Risk of engine air-lock if tank empties.,2025-02-14 10:00:00,Schedule mobile fuel tender dispatch to job site.
EQX1014,Fuel Remaining below 15%,MEDIUM,Low fuel remaining level (10.5%). Risk of engine air-lock if tank empties.,2025-02-14 11:00:00,Schedule mobile fuel tender dispatch to job site.
EQX1015,Diagnostic Trouble Codes,MEDIUM,Diagnostic Trouble Code (DTC) 'P0017' logged by engine ECM.,2025-06-02 22:00:00,Dispatch field technician for ECM diagnostic scan and DTC 'P0017' service.
EQX1015,Diagnostic Trouble Codes,MEDIUM,Diagnostic Trouble Code (DTC) 'P0300' logged by engine ECM.,2025-06-03 01:00:00,Dispatch field technician for ECM diagnostic scan and DTC 'P0300' service.
EQX1015,Diagnostic Trouble Codes,MEDIUM,Diagnostic Trouble Code (DTC) 'P0562' logged by engine ECM.,2025-06-03 05:00:00,Dispatch field technician for ECM diagnostic scan and DTC 'P0562' service.
EQX1015,Diagnostic Trouble Codes,MEDIUM,Diagnostic Trouble Code (DTC) 'P0017' logged by engine ECM.,2025-06-04 01:00:00,Dispatch field technician for ECM diagnostic scan and DTC 'P0017' service.
EQX1015,Diagnostic Trouble Codes,MEDIUM,Diagnostic Trouble Code (DTC) 'P0420' logged by engine ECM.,2025-06-04 16:00:00,Dispatch field technician for ECM diagnostic scan and DTC 'P0420' service.
EQX1015,Fuel Remaining below 15%,MEDIUM,Low fuel remaining level (14.5%). Risk of engine air-lock if tank empties.,2025-06-04 17:00:00,Schedule mobile fuel tender dispatch to job site.
EQX1015,Fuel Remaining below 15%,MEDIUM,Low fuel remaining level (14.5%). Risk of engine air-lock if tank empties.,2025-06-04 18:00:00,Schedule mobile fuel tender dispatch to job site.
EQX1015,Fuel Remaining below 15%,MEDIUM,Low fuel remaining level (14.5%). Risk of engine air-lock if tank empties.,2025-06-04 19:00:00,Schedule mobile fuel tender dispatch to job site.
EQX1015,Fuel Remaining below 15%,MEDIUM,Low fuel remaining level (14.4%). Risk of engine air-lock if tank empties.,2025-06-04 20:00:00,Schedule mobile fuel tender dispatch to job site.
EQX1015,Fuel Remaining below 15%,MEDIUM,Low fuel remaining level (14.4%). Risk of engine air-lock if tank empties.,2025-06-04 21:00:00,Schedule mobile fuel tender dispatch to job site.
EQX1015,Fuel Remaining below 15%,MEDIUM,Low fuel remaining level (14.4%). Risk of engine air-lock if tank empties.,2025-06-04 22:00:00,Schedule mobile fuel tender dispatch to job site.
EQX1015,Diagnostic Trouble Codes,MEDIUM,Diagnostic Trouble Code (DTC) 'P0562' logged by engine ECM.,2025-06-04 23:00:00,Dispatch field technician for ECM diagnostic scan and DTC 'P0562' service.
EQX1015,Fuel Remaining below 15%,MEDIUM,Low fuel remaining level (14.3%). Risk of engine air-lock if tank empties.,2025-06-04 23:00:00,Schedule mobile fuel tender dispatch to job site.
EQX1015,Fuel Remaining below 15%,MEDIUM,Low fuel remaining level (14.3%). Risk of engine air-lock if tank empties.,2025-06-05 00:00:00,Schedule mobile fuel tender dispatch to job site.
EQX1015,Fuel Remaining below 15%,MEDIUM,Low fuel remaining level (14.3%). Risk of engine air-lock if tank empties.,2025-06-05 01:00:00,Schedule mobile fuel tender dispatch to job site.
EQX1015,Fuel Remaining below 15%,MEDIUM,Low fuel remaining level (14.3%). Risk of engine air-lock if tank empties.,2025-06-05 02:00:00,Schedule mobile fuel tender dispatch to job site.
EQX1015,Fuel Remaining below 15%,MEDIUM,Low fuel remaining level (14.2%). Risk of engine air-lock if tank empties.,2025-06-05 03:00:00,Schedule mobile fuel tender dispatch to job site.
EQX1015,Fuel Remaining below 15%,MEDIUM,Low fuel remaining level (14.2%). Risk of engine air-lock if tank empties.,2025-06-05 04:00:00,Schedule mobile fuel tender dispatch to job site.
EQX1015,Fuel Remaining below 15%,MEDIUM,Low fuel remaining level (14.2%). Risk of engine air-lock if tank empties.,2025-06-05 05:00:00,Schedule mobile fuel tender dispatch to job site.
EQX1015,Fuel Remaining below 15%,MEDIUM,Low fuel remaining level (14.1%). Risk of engine air-lock if tank empties.,2025-06-05 06:00:00,Schedule mobile fuel tender dispatch to job site.
EQX1015,Fuel Remaining below 15%,MEDIUM,Low fuel remaining level (14.1%). Risk of engine air-lock if tank empties.,2025-06-05 07:00:00,Schedule mobile fuel tender dispatch to job site.
EQX1015,Fuel Remaining below 15%,MEDIUM,Low fuel remaining level (12.3%). Risk of engine air-lock if tank empties.,2025-06-05 08:00:00,Schedule mobile fuel tender dispatch to job site.
EQX1015,Fuel Remaining below 15%,MEDIUM,Low fuel remaining level (11.1%). Risk of engine air-lock if tank empties.,2025-06-05 09:00:00,Schedule mobile fuel tender dispatch to job site.
EQX1015,Diagnostic Trouble Codes,MEDIUM,Diagnostic Trouble Code (DTC) 'P0562' logged by engine ECM.,2025-06-06 02:00:00,Dispatch field technician for ECM diagnostic scan and DTC 'P0562' service.
EQX1016,Idle Hours > Engine Hours,MEDIUM,Equipment EQX1016 recorded higher daily idle hours (10.7h) than active engine work hours (1.2h).,2025-01-30,Instruct site operator to shut down ignition during downtime to curb fuel wastage.
EQX1016,Diagnostic Trouble Codes,MEDIUM,Diagnostic Trouble Code (DTC) 'P0300' logged by engine ECM.,2025-01-30 14:00:00,Dispatch field technician for ECM diagnostic scan and DTC 'P0300' service.
EQX1016,Diagnostic Trouble Codes,MEDIUM,Diagnostic Trouble Code (DTC) 'P0300' logged by engine ECM.,2025-01-30 18:00:00,Dispatch field technician for ECM diagnostic scan and DTC 'P0300' service.
EQX1016,Diagnostic Trouble Codes,MEDIUM,Diagnostic Trouble Code (DTC) 'P0562' logged by engine ECM.,2025-01-31 11:00:00,Dispatch field technician for ECM diagnostic scan and DTC 'P0562' service.
EQX1016,Diagnostic Trouble Codes,MEDIUM,Diagnostic Trouble Code (DTC) 'P0300' logged by engine ECM.,2025-02-02 04:00:00,Dispatch field technician for ECM diagnostic scan and DTC 'P0300' service.
EQX1016,Diagnostic Trouble Codes,MEDIUM,Diagnostic Trouble Code (DTC) 'P0562' logged by engine ECM.,2025-02-02 06:00:00,Dispatch field technician for ECM diagnostic scan and DTC 'P0562' service.
EQX1016,Fuel Remaining below 15%,MEDIUM,Low fuel remaining level (14.6%). Risk of engine air-lock if tank empties.,2025-02-02 16:00:00,Schedule mobile fuel tender dispatch to job site.
EQX1016,Fuel Remaining below 15%,MEDIUM,Low fuel remaining level (12.8%). Risk of engine air-lock if tank empties.,2025-02-02 17:00:00,Schedule mobile fuel tender dispatch to job site.
EQX1016,Fuel Remaining below 15%,MEDIUM,Low fuel remaining level (12.8%). Risk of engine air-lock if tank empties.,2025-02-02 18:00:00,Schedule mobile fuel tender dispatch to job site.
EQX1016,Fuel Remaining below 15%,MEDIUM,Low fuel remaining level (12.8%). Risk of engine air-lock if tank empties.,2025-02-02 19:00:00,Schedule mobile fuel tender dispatch to job site.
EQX1016,Fuel Remaining below 15%,MEDIUM,Low fuel remaining level (12.7%). Risk of engine air-lock if tank empties.,2025-02-02 20:00:00,Schedule mobile fuel tender dispatch to job site.
EQX1016,Fuel Remaining below 15%,MEDIUM,Low fuel remaining level (12.7%). Risk of engine air-lock if tank empties.,2025-02-02 21:00:00,Schedule mobile fuel tender dispatch to job site.
EQX1016,Fuel Remaining below 15%,MEDIUM,Low fuel remaining level (12.7%). Risk of engine air-lock if tank empties.,2025-02-02 22:00:00,Schedule mobile fuel tender dispatch to job site.
EQX1016,Fuel Remaining below 15%,MEDIUM,Low fuel remaining level (12.6%). Risk of engine air-lock if tank empties.,2025-02-02 23:00:00,Schedule mobile fuel tender dispatch to job site.
EQX1016,Fuel Remaining below 15%,MEDIUM,Low fuel remaining level (12.6%). Risk of engine air-lock if tank empties.,2025-02-03 00:00:00,Schedule mobile fuel tender dispatch to job site.
EQX1016,Fuel Remaining below 15%,MEDIUM,Low fuel remaining level (12.6%). Risk of engine air-lock if tank empties.,2025-02-03 01:00:00,Schedule mobile fuel tender dispatch to job site.
EQX1016,Fuel Remaining below 15%,MEDIUM,Low fuel remaining level (12.6%). Risk of engine air-lock if tank empties.,2025-02-03 02:00:00,Schedule mobile fuel tender dispatch to job site.
EQX1016,Fuel Remaining below 15%,MEDIUM,Low fuel remaining level (12.5%). Risk of engine air-lock if tank empties.,2025-02-03 03:00:00,Schedule mobile fuel tender dispatch to job site.
EQX1016,Fuel Remaining below 15%,MEDIUM,Low fuel remaining level (12.5%). Risk of engine air-lock if tank empties.,2025-02-03 04:00:00,Schedule mobile fuel tender dispatch to job site.
EQX1016,Fuel Remaining below 15%,MEDIUM,Low fuel remaining level (12.5%). Risk of engine air-lock if tank empties.,2025-02-03 05:00:00,Schedule mobile fuel tender dispatch to job site.
EQX1016,Fuel Remaining below 15%,MEDIUM,Low fuel remaining level (12.4%). Risk of engine air-lock if tank empties.,2025-02-03 06:00:00,Schedule mobile fuel tender dispatch to job site.
EQX1016,Fuel Remaining below 15%,MEDIUM,Low fuel remaining level (12.4%). Risk of engine air-lock if tank empties.,2025-02-03 07:00:00,Schedule mobile fuel tender dispatch to job site.
EQX1016,Fuel Remaining below 15%,MEDIUM,Low fuel remaining level (10.9%). Risk of engine air-lock if tank empties.,2025-02-03 08:00:00,Schedule mobile fuel tender dispatch to job site.
EQX1016,Diagnostic Trouble Codes,MEDIUM,Diagnostic Trouble Code (DTC) 'P0300' logged by engine ECM.,2025-02-03 10:00:00,Dispatch field technician for ECM diagnostic scan and DTC 'P0300' service.
EQX1016,Diagnostic Trouble Codes,MEDIUM,Diagnostic Trouble Code (DTC) 'P0420' logged by engine ECM.,2025-02-04 08:00:00,Dispatch field technician for ECM diagnostic scan and DTC 'P0420' service.
EQX1017,Diagnostic Trouble Codes,MEDIUM,Diagnostic Trouble Code (DTC) 'P0300' logged by engine ECM.,2025-03-24 12:00:00,Dispatch field technician for ECM diagnostic scan and DTC 'P0300' service.
EQX1017,Diagnostic Trouble Codes,MEDIUM,Diagnostic Trouble Code (DTC) 'P0562' logged by engine ECM.,2025-03-24 13:00:00,Dispatch field technician for ECM diagnostic scan and DTC 'P0562' service.
EQX1017,Diagnostic Trouble Codes,MEDIUM,Diagnostic Trouble Code (DTC) 'P0562' logged by engine ECM.,2025-03-25 10:00:00,Dispatch field technician for ECM diagnostic scan and DTC 'P0562' service.
EQX1017,Diagnostic Trouble Codes,MEDIUM,Diagnostic Trouble Code (DTC) 'P0562' logged by engine ECM.,2025-03-25 15:00:00,Dispatch field technician for ECM diagnostic scan and DTC 'P0562' service.
EQX1017,Diagnostic Trouble Codes,MEDIUM,Diagnostic Trouble Code (DTC) 'P0017' logged by engine ECM.,2025-03-26 19:00:00,Dispatch field technician for ECM diagnostic scan and DTC 'P0017' service.
EQX1017,Diagnostic Trouble Codes,MEDIUM,Diagnostic Trouble Code (DTC) 'P0017' logged by engine ECM.,2025-03-27 15:00:00,Dispatch field technician for ECM diagnostic scan and DTC 'P0017' service.
EQX1017,Diagnostic Trouble Codes,MEDIUM,Diagnostic Trouble Code (DTC) 'P0300' logged by engine ECM.,2025-03-27 16:00:00,Dispatch field technician for ECM diagnostic scan and DTC 'P0300' service.
EQX1017,Fuel Remaining below 15%,MEDIUM,Low fuel remaining level (13.4%). Risk of engine air-lock if tank empties.,2025-03-28 09:00:00,Schedule mobile fuel tender dispatch to job site.
EQX1017,Fuel Remaining below 15%,MEDIUM,Low fuel remaining level (11.5%). Risk of engine air-lock if tank empties.,2025-03-28 10:00:00,Schedule mobile fuel tender dispatch to job site.
EQX1017,Fuel Remaining below 15%,MEDIUM,Low fuel remaining level (10.2%). Risk of engine air-lock if tank empties.,2025-03-28 11:00:00,Schedule mobile fuel tender dispatch to job site.
EQX1017,Diagnostic Trouble Codes,MEDIUM,Diagnostic Trouble Code (DTC) 'P0017' logged by engine ECM.,2025-03-29 08:00:00,Dispatch field technician for ECM diagnostic scan and DTC 'P0017' service.
EQX1018,Idle Hours > Engine Hours,MEDIUM,Equipment EQX1018 recorded higher daily idle hours (11.7h) than active engine work hours (2.0h).,2024-12-23,Instruct site operator to shut down ignition during downtime to curb fuel wastage.
EQX1018,Diagnostic Trouble Codes,MEDIUM,Diagnostic Trouble Code (DTC) 'P0420' logged by engine ECM.,2025-07-09 18:00:00,Dispatch field technician for ECM diagnostic scan and DTC 'P0420' service.
EQX1018,Fuel Remaining below 15%,MEDIUM,Low fuel remaining level (14.7%). Risk of engine air-lock if tank empties.,2025-07-12 09:00:00,Schedule mobile fuel tender dispatch to job site.
EQX1018,Fuel Remaining below 15%,MEDIUM,Low fuel remaining level (12.7%). Risk of engine air-lock if tank empties.,2025-07-12 10:00:00,Schedule mobile fuel tender dispatch to job site.
EQX1018,Fuel Remaining below 15%,MEDIUM,Low fuel remaining level (11.6%). Risk of engine air-lock if tank empties.,2025-07-12 11:00:00,Schedule mobile fuel tender dispatch to job site.
EQX1019,Idle Hours > Engine Hours,MEDIUM,Equipment EQX1019 recorded higher daily idle hours (9.4h) than active engine work hours (2.3h).,2024-11-20,Instruct site operator to shut down ignition during downtime to curb fuel wastage.
EQX1019,Diagnostic Trouble Codes,MEDIUM,Diagnostic Trouble Code (DTC) 'P0420' logged by engine ECM.,2025-01-09 09:00:00,Dispatch field technician for ECM diagnostic scan and DTC 'P0420' service.
EQX1019,Diagnostic Trouble Codes,MEDIUM,Diagnostic Trouble Code (DTC) 'P0420' logged by engine ECM.,2025-01-11 12:00:00,Dispatch field technician for ECM diagnostic scan and DTC 'P0420' service.
EQX1019,Fuel Remaining below 15%,MEDIUM,Low fuel remaining level (14.2%). Risk of engine air-lock if tank empties.,2025-01-11 16:00:00,Schedule mobile fuel tender dispatch to job site.
EQX1019,Fuel Remaining below 15%,MEDIUM,Low fuel remaining level (12.5%). Risk of engine air-lock if tank empties.,2025-01-11 17:00:00,Schedule mobile fuel tender dispatch to job site.
EQX1019,Fuel Remaining below 15%,MEDIUM,Low fuel remaining level (12.5%). Risk of engine air-lock if tank empties.,2025-01-11 18:00:00,Schedule mobile fuel tender dispatch to job site.
EQX1019,Fuel Remaining below 15%,MEDIUM,Low fuel remaining level (12.5%). Risk of engine air-lock if tank empties.,2025-01-11 19:00:00,Schedule mobile fuel tender dispatch to job site.
EQX1019,Fuel Remaining below 15%,MEDIUM,Low fuel remaining level (12.5%). Risk of engine air-lock if tank empties.,2025-01-11 20:00:00,Schedule mobile fuel tender dispatch to job site.
EQX1019,Fuel Remaining below 15%,MEDIUM,Low fuel remaining level (12.4%). Risk of engine air-lock if tank empties.,2025-01-11 21:00:00,Schedule mobile fuel tender dispatch to job site.
EQX1019,Fuel Remaining below 15%,MEDIUM,Low fuel remaining level (12.4%). Risk of engine air-lock if tank empties.,2025-01-11 22:00:00,Schedule mobile fuel tender dispatch to job site.
EQX1019,Fuel Remaining below 15%,MEDIUM,Low fuel remaining level (12.4%). Risk of engine air-lock if tank empties.,2025-01-11 23:00:00,Schedule mobile fuel tender dispatch to job site.
EQX1019,Fuel Remaining below 15%,MEDIUM,Low fuel remaining level (12.3%). Risk of engine air-lock if tank empties.,2025-01-12 00:00:00,Schedule mobile fuel tender dispatch to job site.
EQX1019,Fuel Remaining below 15%,MEDIUM,Low fuel remaining level (12.3%). Risk of engine air-lock if tank empties.,2025-01-12 01:00:00,Schedule mobile fuel tender dispatch to job site.
EQX1019,Fuel Remaining below 15%,MEDIUM,Low fuel remaining level (12.3%). Risk of engine air-lock if tank empties.,2025-01-12 02:00:00,Schedule mobile fuel tender dispatch to job site.
EQX1019,Fuel Remaining below 15%,MEDIUM,Low fuel remaining level (12.3%). Risk of engine air-lock if tank empties.,2025-01-12 03:00:00,Schedule mobile fuel tender dispatch to job site.
EQX1019,Fuel Remaining below 15%,MEDIUM,Low fuel remaining level (12.2%). Risk of engine air-lock if tank empties.,2025-01-12 04:00:00,Schedule mobile fuel tender dispatch to job site.
EQX1019,Fuel Remaining below 15%,MEDIUM,Low fuel remaining level (12.2%). Risk of engine air-lock if tank empties.,2025-01-12 05:00:00,Schedule mobile fuel tender dispatch to job site.
EQX1019,Fuel Remaining below 15%,MEDIUM,Low fuel remaining level (12.2%). Risk of engine air-lock if tank empties.,2025-01-12 06:00:00,Schedule mobile fuel tender dispatch to job site.
EQX1019,Fuel Remaining below 15%,MEDIUM,Low fuel remaining level (12.1%). Risk of engine air-lock if tank empties.,2025-01-12 07:00:00,Schedule mobile fuel tender dispatch to job site.
EQX1019,Fuel Remaining below 15%,MEDIUM,Low fuel remaining level (10.8%). Risk of engine air-lock if tank empties.,2025-01-12 08:00:00,Schedule mobile fuel tender dispatch to job site.
EQX1019,Diagnostic Trouble Codes,MEDIUM,Diagnostic Trouble Code (DTC) 'P0562' logged by engine ECM.,2025-01-12 15:00:00,Dispatch field technician for ECM diagnostic scan and DTC 'P0562' service.
EQX1019,Diagnostic Trouble Codes,MEDIUM,Diagnostic Trouble Code (DTC) 'P0300' logged by engine ECM.,2025-01-12 17:00:00,Dispatch field technician for ECM diagnostic scan and DTC 'P0300' service.
EQX1019,Diagnostic Trouble Codes,MEDIUM,Diagnostic Trouble Code (DTC) 'P0420' logged by engine ECM.,2025-01-12 19:00:00,Dispatch field technician for ECM diagnostic scan and DTC 'P0420' service.
EQX1020,Diagnostic Trouble Codes,MEDIUM,Diagnostic Trouble Code (DTC) 'P0017' logged by engine ECM.,2024-08-10 14:00:00,Dispatch field technician for ECM diagnostic scan and DTC 'P0017' service.
EQX1020,Diagnostic Trouble Codes,MEDIUM,Diagnostic Trouble Code (DTC) 'P0300' logged by engine ECM.,2024-08-12 00:00:00,Dispatch field technician for ECM diagnostic scan and DTC 'P0300' service.
EQX1020,Diagnostic Trouble Codes,MEDIUM,Diagnostic Trouble Code (DTC) 'P0562' logged by engine ECM.,2024-08-12 15:00:00,Dispatch field technician for ECM diagnostic scan and DTC 'P0562' service.
EQX1020,Fuel Remaining below 15%,MEDIUM,Low fuel remaining level (14.0%). Risk of engine air-lock if tank empties.,2024-08-14 08:00:00,Schedule mobile fuel tender dispatch to job site.
EQX1020,Fuel Remaining below 15%,MEDIUM,Low fuel remaining level (12.6%). Risk of engine air-lock if tank empties.,2024-08-14 09:00:00,Schedule mobile fuel tender dispatch to job site.
EQX1020,Fuel Remaining below 15%,MEDIUM,Low fuel remaining level (10.7%). Risk of engine air-lock if tank empties.,2024-08-14 10:00:00,Schedule mobile fuel tender dispatch to job site.
EQX1021,Diagnostic Trouble Codes,MEDIUM,Diagnostic Trouble Code (DTC) 'P0420' logged by engine ECM.,2024-11-18 11:00:00,Dispatch field technician for ECM diagnostic scan and DTC 'P0420' service.
EQX1021,Diagnostic Trouble Codes,MEDIUM,Diagnostic Trouble Code (DTC) 'P0300' logged by engine ECM.,2024-11-19 17:00:00,Dispatch field technician for ECM diagnostic scan and DTC 'P0300' service.
EQX1021,Diagnostic Trouble Codes,MEDIUM,Diagnostic Trouble Code (DTC) 'P0017' logged by engine ECM.,2024-11-20 09:00:00,Dispatch field technician for ECM diagnostic scan and DTC 'P0017' service.
EQX1021,Diagnostic Trouble Codes,MEDIUM,Diagnostic Trouble Code (DTC) 'P0300' logged by engine ECM.,2024-11-20 11:00:00,Dispatch field technician for ECM diagnostic scan and DTC 'P0300' service.
EQX1021,Fuel Remaining below 15%,MEDIUM,Low fuel remaining level (14.9%). Risk of engine air-lock if tank empties.,2024-11-21 00:00:00,Schedule mobile fuel tender dispatch to job site.
EQX1021,Fuel Remaining below 15%,MEDIUM,Low fuel remaining level (14.9%). Risk of engine air-lock if tank empties.,2024-11-21 01:00:00,Schedule mobile fuel tender dispatch to job site.
EQX1021,Fuel Remaining below 15%,MEDIUM,Low fuel remaining level (14.9%). Risk of engine air-lock if tank empties.,2024-11-21 02:00:00,Schedule mobile fuel tender dispatch to job site.
EQX1021,Fuel Remaining below 15%,MEDIUM,Low fuel remaining level (14.9%). Risk of engine air-lock if tank empties.,2024-11-21 03:00:00,Schedule mobile fuel tender dispatch to job site.
EQX1021,Fuel Remaining below 15%,MEDIUM,Low fuel remaining level (14.8%). Risk of engine air-lock if tank empties.,2024-11-21 04:00:00,Schedule mobile fuel tender dispatch to job site.
EQX1021,Fuel Remaining below 15%,MEDIUM,Low fuel remaining level (14.8%). Risk of engine air-lock if tank empties.,2024-11-21 05:00:00,Schedule mobile fuel tender dispatch to job site.
EQX1021,Fuel Remaining below 15%,MEDIUM,Low fuel remaining level (14.8%). Risk of engine air-lock if tank empties.,2024-11-21 06:00:00,Schedule mobile fuel tender dispatch to job site.
EQX1021,Fuel Remaining below 15%,MEDIUM,Low fuel remaining level (14.7%). Risk of engine air-lock if tank empties.,2024-11-21 07:00:00,Schedule mobile fuel tender dispatch to job site.
EQX1021,Fuel Remaining below 15%,MEDIUM,Low fuel remaining level (13.4%). Risk of engine air-lock if tank empties.,2024-11-21 08:00:00,Schedule mobile fuel tender dispatch to job site.
EQX1021,Fuel Remaining below 15%,MEDIUM,Low fuel remaining level (12.1%). Risk of engine air-lock if tank empties.,2024-11-21 09:00:00,Schedule mobile fuel tender dispatch to job site.
EQX1021,Fuel Remaining below 15%,MEDIUM,Low fuel remaining level (10.8%). Risk of engine air-lock if tank empties.,2024-11-21 10:00:00,Schedule mobile fuel tender dispatch to job site.
EQX1021,Diagnostic Trouble Codes,MEDIUM,Diagnostic Trouble Code (DTC) 'P0420' logged by engine ECM.,2024-11-22 03:00:00,Dispatch field technician for ECM diagnostic scan and DTC 'P0420' service.
EQX1022,Fuel Remaining below 15%,MEDIUM,Low fuel remaining level (14.7%). Risk of engine air-lock if tank empties.,2025-03-30 16:00:00,Schedule mobile fuel tender dispatch to job site.
EQX1022,Fuel Remaining below 15%,MEDIUM,Low fuel remaining level (12.6%). Risk of engine air-lock if tank empties.,2025-03-30 17:00:00,Schedule mobile fuel tender dispatch to job site.
EQX1022,Diagnostic Trouble Codes,MEDIUM,Diagnostic Trouble Code (DTC) 'P0017' logged by engine ECM.,2025-03-30 18:00:00,Dispatch field technician for ECM diagnostic scan and DTC 'P0017' service.
EQX1022,Fuel Remaining below 15%,MEDIUM,Low fuel remaining level (12.6%). Risk of engine air-lock if tank empties.,2025-03-30 18:00:00,Schedule mobile fuel tender dispatch to job site.
EQX1022,Fuel Remaining below 15%,MEDIUM,Low fuel remaining level (12.5%). Risk of engine air-lock if tank empties.,2025-03-30 19:00:00,Schedule mobile fuel tender dispatch to job site.
EQX1022,Fuel Remaining below 15%,MEDIUM,Low fuel remaining level (12.5%). Risk of engine air-lock if tank empties.,2025-03-30 20:00:00,Schedule mobile fuel tender dispatch to job site.
EQX1022,Fuel Remaining below 15%,MEDIUM,Low fuel remaining level (12.5%). Risk of engine air-lock if tank empties.,2025-03-30 21:00:00,Schedule mobile fuel tender dispatch to job site.
EQX1022,Fuel Remaining below 15%,MEDIUM,Low fuel remaining level (12.5%). Risk of engine air-lock if tank empties.,2025-03-30 22:00:00,Schedule mobile fuel tender dispatch to job site.
EQX1022,Fuel Remaining below 15%,MEDIUM,Low fuel remaining level (12.4%). Risk of engine air-lock if tank empties.,2025-03-30 23:00:00,Schedule mobile fuel tender dispatch to job site.
EQX1022,Fuel Remaining below 15%,MEDIUM,Low fuel remaining level (12.4%). Risk of engine air-lock if tank empties.,2025-03-31 00:00:00,Schedule mobile fuel tender dispatch to job site.
EQX1022,Fuel Remaining below 15%,MEDIUM,Low fuel remaining level (12.4%). Risk of engine air-lock if tank empties.,2025-03-31 01:00:00,Schedule mobile fuel tender dispatch to job site.
EQX1022,Fuel Remaining below 15%,MEDIUM,Low fuel remaining level (12.3%). Risk of engine air-lock if tank empties.,2025-03-31 02:00:00,Schedule mobile fuel tender dispatch to job site.
EQX1022,Fuel Remaining below 15%,MEDIUM,Low fuel remaining level (12.3%). Risk of engine air-lock if tank empties.,2025-03-31 03:00:00,Schedule mobile fuel tender dispatch to job site.
EQX1022,Fuel Remaining below 15%,MEDIUM,Low fuel remaining level (12.3%). Risk of engine air-lock if tank empties.,2025-03-31 04:00:00,Schedule mobile fuel tender dispatch to job site.
EQX1022,Fuel Remaining below 15%,MEDIUM,Low fuel remaining level (12.3%). Risk of engine air-lock if tank empties.,2025-03-31 05:00:00,Schedule mobile fuel tender dispatch to job site.
EQX1022,Fuel Remaining below 15%,MEDIUM,Low fuel remaining level (12.2%). Risk of engine air-lock if tank empties.,2025-03-31 06:00:00,Schedule mobile fuel tender dispatch to job site.
EQX1022,Fuel Remaining below 15%,MEDIUM,Low fuel remaining level (12.2%). Risk of engine air-lock if tank empties.,2025-03-31 07:00:00,Schedule mobile fuel tender dispatch to job site.
EQX1022,Fuel Remaining below 15%,MEDIUM,Low fuel remaining level (10.8%). Risk of engine air-lock if tank empties.,2025-03-31 08:00:00,Schedule mobile fuel tender dispatch to job site.
EQX1022,Diagnostic Trouble Codes,MEDIUM,Diagnostic Trouble Code (DTC) 'P0300' logged by engine ECM.,2025-03-31 19:00:00,Dispatch field technician for ECM diagnostic scan and DTC 'P0300' service.
EQX1023,Diagnostic Trouble Codes,MEDIUM,Diagnostic Trouble Code (DTC) 'P0017' logged by engine ECM.,2024-09-30 23:00:00,Dispatch field technician for ECM diagnostic scan and DTC 'P0017' service.
EQX1023,Diagnostic Trouble Codes,MEDIUM,Diagnostic Trouble Code (DTC) 'P0562' logged by engine ECM.,2024-10-02 12:00:00,Dispatch field technician for ECM diagnostic scan and DTC 'P0562' service.
EQX1023,Diagnostic Trouble Codes,MEDIUM,Diagnostic Trouble Code (DTC) 'P0017' logged by engine ECM.,2024-10-02 19:00:00,Dispatch field technician for ECM diagnostic scan and DTC 'P0017' service.
EQX1023,Fuel Remaining below 15%,MEDIUM,Low fuel remaining level (14.0%). Risk of engine air-lock if tank empties.,2024-10-03 09:00:00,Schedule mobile fuel tender dispatch to job site.
EQX1023,Fuel Remaining below 15%,MEDIUM,Low fuel remaining level (11.8%). Risk of engine air-lock if tank empties.,2024-10-03 10:00:00,Schedule mobile fuel tender dispatch to job site.
EQX1023,Diagnostic Trouble Codes,MEDIUM,Diagnostic Trouble Code (DTC) 'P0300' logged by engine ECM.,2024-10-03 12:00:00,Dispatch field technician for ECM diagnostic scan and DTC 'P0300' service.
EQX1023,Diagnostic Trouble Codes,MEDIUM,Diagnostic Trouble Code (DTC) 'P0017' logged by engine ECM.,2024-10-03 18:00:00,Dispatch field technician for ECM diagnostic scan and DTC 'P0017' service.
EQX1023,Diagnostic Trouble Codes,MEDIUM,Diagnostic Trouble Code (DTC) 'P0017' logged by engine ECM.,2024-10-03 23:00:00,Dispatch field technician for ECM diagnostic scan and DTC 'P0017' service.
EQX1024,Diagnostic Trouble Codes,MEDIUM,Diagnostic Trouble Code (DTC) 'P0017' logged by engine ECM.,2025-04-30 03:00:00,Dispatch field technician for ECM diagnostic scan and DTC 'P0017' service.
EQX1024,Diagnostic Trouble Codes,MEDIUM,Diagnostic Trouble Code (DTC) 'P0420' logged by engine ECM.,2025-04-30 12:00:00,Dispatch field technician for ECM diagnostic scan and DTC 'P0420' service.
EQX1024,Diagnostic Trouble Codes,MEDIUM,Diagnostic Trouble Code (DTC) 'P0017' logged by engine ECM.,2025-04-30 13:00:00,Dispatch field technician for ECM diagnostic scan and DTC 'P0017' service.
EQX1024,Diagnostic Trouble Codes,MEDIUM,Diagnostic Trouble Code (DTC) 'P0420' logged by engine ECM.,2025-04-30 22:00:00,Dispatch field technician for ECM diagnostic scan and DTC 'P0420' service.
EQX1024,Diagnostic Trouble Codes,MEDIUM,Diagnostic Trouble Code (DTC) 'P0017' logged by engine ECM.,2025-05-02 04:00:00,Dispatch field technician for ECM diagnostic scan and DTC 'P0017' service.
EQX1024,Fuel Remaining below 15%,MEDIUM,Low fuel remaining level (14.7%). Risk of engine air-lock if tank empties.,2025-05-02 17:00:00,Schedule mobile fuel tender dispatch to job site.
EQX1024,Fuel Remaining below 15%,MEDIUM,Low fuel remaining level (14.6%). Risk of engine air-lock if tank empties.,2025-05-02 18:00:00,Schedule mobile fuel tender dispatch to job site.
EQX1024,Fuel Remaining below 15%,MEDIUM,Low fuel remaining level (14.6%). Risk of engine air-lock if tank empties.,2025-05-02 19:00:00,Schedule mobile fuel tender dispatch to job site.
EQX1024,Fuel Remaining below 15%,MEDIUM,Low fuel remaining level (14.6%). Risk of engine air-lock if tank empties.,2025-05-02 20:00:00,Schedule mobile fuel tender dispatch to job site.
EQX1024,Fuel Remaining below 15%,MEDIUM,Low fuel remaining level (14.6%). Risk of engine air-lock if tank empties.,2025-05-02 21:00:00,Schedule mobile fuel tender dispatch to job site.
EQX1024,Fuel Remaining below 15%,MEDIUM,Low fuel remaining level (14.5%). Risk of engine air-lock if tank empties.,2025-05-02 22:00:00,Schedule mobile fuel tender dispatch to job site.
EQX1024,Fuel Remaining below 15%,MEDIUM,Low fuel remaining level (14.5%). Risk of engine air-lock if tank empties.,2025-05-02 23:00:00,Schedule mobile fuel tender dispatch to job site.
EQX1024,Fuel Remaining below 15%,MEDIUM,Low fuel remaining level (14.5%). Risk of engine air-lock if tank empties.,2025-05-03 00:00:00,Schedule mobile fuel tender dispatch to job site.
EQX1024,Fuel Remaining below 15%,MEDIUM,Low fuel remaining level (14.4%). Risk of engine air-lock if tank empties.,2025-05-03 01:00:00,Schedule mobile fuel tender dispatch to job site.
EQX1024,Fuel Remaining below 15%,MEDIUM,Low fuel remaining level (14.4%). Risk of engine air-lock if tank empties.,2025-05-03 02:00:00,Schedule mobile fuel tender dispatch to job site.
EQX1024,Fuel Remaining below 15%,MEDIUM,Low fuel remaining level (14.4%). Risk of engine air-lock if tank empties.,2025-05-03 03:00:00,Schedule mobile fuel tender dispatch to job site.
EQX1024,Fuel Remaining below 15%,MEDIUM,Low fuel remaining level (14.4%). Risk of engine air-lock if tank empties.,2025-05-03 04:00:00,Schedule mobile fuel tender dispatch to job site.
EQX1024,Fuel Remaining below 15%,MEDIUM,Low fuel remaining level (14.3%). Risk of engine air-lock if tank empties.,2025-05-03 05:00:00,Schedule mobile fuel tender dispatch to job site.
EQX1024,Fuel Remaining below 15%,MEDIUM,Low fuel remaining level (14.3%). Risk of engine air-lock if tank empties.,2025-05-03 06:00:00,Schedule mobile fuel tender dispatch to job site.
EQX1024,Fuel Remaining below 15%,MEDIUM,Low fuel remaining level (14.3%). Risk of engine air-lock if tank empties.,2025-05-03 07:00:00,Schedule mobile fuel tender dispatch to job site.
EQX1024,Fuel Remaining below 15%,MEDIUM,Low fuel remaining level (12.0%). Risk of engine air-lock if tank empties.,2025-05-03 08:00:00,Schedule mobile fuel tender dispatch to job site.
EQX1024,Diagnostic Trouble Codes,MEDIUM,Diagnostic Trouble Code (DTC) 'P0300' logged by engine ECM.,2025-05-03 14:00:00,Dispatch field technician for ECM diagnostic scan and DTC 'P0300' service.
EQX1024,Diagnostic Trouble Codes,MEDIUM,Diagnostic Trouble Code (DTC) 'P0562' logged by engine ECM.,2025-05-04 12:00:00,Dispatch field technician for ECM diagnostic scan and DTC 'P0562' service.
EQX1025,Idle Hours > Engine Hours,MEDIUM,Equipment EQX1025 recorded higher daily idle hours (11.3h) than active engine work hours (1.0h).,2024-11-24,Instruct site operator to shut down ignition during downtime to curb fuel wastage.
EQX1025,Diagnostic Trouble Codes,MEDIUM,Diagnostic Trouble Code (DTC) 'P0420' logged by engine ECM.,2024-08-10 21:00:00,Dispatch field technician for ECM diagnostic scan and DTC 'P0420' service.
EQX1025,Diagnostic Trouble Codes,MEDIUM,Diagnostic Trouble Code (DTC) 'P0420' logged by engine ECM.,2024-08-11 17:00:00,Dispatch field technician for ECM diagnostic scan and DTC 'P0420' service.
EQX1025,Diagnostic Trouble Codes,MEDIUM,Diagnostic Trouble Code (DTC) 'P0300' logged by engine ECM.,2024-08-13 01:00:00,Dispatch field technician for ECM diagnostic scan and DTC 'P0300' service.
EQX1025,Diagnostic Trouble Codes,MEDIUM,Diagnostic Trouble Code (DTC) 'P0300' logged by engine ECM.,2024-08-13 16:00:00,Dispatch field technician for ECM diagnostic scan and DTC 'P0300' service.
EQX1025,Diagnostic Trouble Codes,MEDIUM,Diagnostic Trouble Code (DTC) 'P0017' logged by engine ECM.,2024-08-13 17:00:00,Dispatch field technician for ECM diagnostic scan and DTC 'P0017' service.
EQX1025,Fuel Remaining below 15%,MEDIUM,Low fuel remaining level (14.4%). Risk of engine air-lock if tank empties.,2024-08-13 17:00:00,Schedule mobile fuel tender dispatch to job site.
EQX1025,Fuel Remaining below 15%,MEDIUM,Low fuel remaining level (14.4%). Risk of engine air-lock if tank empties.,2024-08-13 18:00:00,Schedule mobile fuel tender dispatch to job site.
EQX1025,Fuel Remaining below 15%,MEDIUM,Low fuel remaining level (14.4%). Risk of engine air-lock if tank empties.,2024-08-13 19:00:00,Schedule mobile fuel tender dispatch to job site.
EQX1025,Fuel Remaining below 15%,MEDIUM,Low fuel remaining level (14.3%). Risk of engine air-lock if tank empties.,2024-08-13 20:00:00,Schedule mobile fuel tender dispatch to job site.
EQX1025,Fuel Remaining below 15%,MEDIUM,Low fuel remaining level (14.3%). Risk of engine air-lock if tank empties.,2024-08-13 21:00:00,Schedule mobile fuel tender dispatch to job site.
EQX1025,Fuel Remaining below 15%,MEDIUM,Low fuel remaining level (14.3%). Risk of engine air-lock if tank empties.,2024-08-13 22:00:00,Schedule mobile fuel tender dispatch to job site.
EQX1025,Fuel Remaining below 15%,MEDIUM,Low fuel remaining level (14.3%). Risk of engine air-lock if tank empties.,2024-08-13 23:00:00,Schedule mobile fuel tender dispatch to job site.
EQX1025,Diagnostic Trouble Codes,MEDIUM,Diagnostic Trouble Code (DTC) 'P0420' logged by engine ECM.,2024-08-14 00:00:00,Dispatch field technician for ECM diagnostic scan and DTC 'P0420' service.
EQX1025,Fuel Remaining below 15%,MEDIUM,Low fuel remaining level (14.2%). Risk of engine air-lock if tank empties.,2024-08-14 00:00:00,Schedule mobile fuel tender dispatch to job site.
EQX1025,Fuel Remaining below 15%,MEDIUM,Low fuel remaining level (14.2%). Risk of engine air-lock if tank empties.,2024-08-14 01:00:00,Schedule mobile fuel tender dispatch to job site.
EQX1025,Fuel Remaining below 15%,MEDIUM,Low fuel remaining level (14.2%). Risk of engine air-lock if tank empties.,2024-08-14 02:00:00,Schedule mobile fuel tender dispatch to job site.
EQX1025,Fuel Remaining below 15%,MEDIUM,Low fuel remaining level (14.1%). Risk of engine air-lock if tank empties.,2024-08-14 03:00:00,Schedule mobile fuel tender dispatch to job site.
EQX1025,Fuel Remaining below 15%,MEDIUM,Low fuel remaining level (14.1%). Risk of engine air-lock if tank empties.,2024-08-14 04:00:00,Schedule mobile fuel tender dispatch to job site.
EQX1025,Fuel Remaining below 15%,MEDIUM,Low fuel remaining level (14.1%). Risk of engine air-lock if tank empties.,2024-08-14 05:00:00,Schedule mobile fuel tender dispatch to job site.
EQX1025,Fuel Remaining below 15%,MEDIUM,Low fuel remaining level (14.1%). Risk of engine air-lock if tank empties.,2024-08-14 06:00:00,Schedule mobile fuel tender dispatch to job site.
EQX1025,Fuel Remaining below 15%,MEDIUM,Low fuel remaining level (14.0%). Risk of engine air-lock if tank empties.,2024-08-14 07:00:00,Schedule mobile fuel tender dispatch to job site.
EQX1025,Fuel Remaining below 15%,MEDIUM,Low fuel remaining level (12.0%). Risk of engine air-lock if tank empties.,2024-08-14 08:00:00,Schedule mobile fuel tender dispatch to job site.
EQX1025,Fuel Remaining below 15%,MEDIUM,Low fuel remaining level (10.4%). Risk of engine air-lock if tank empties.,2024-08-14 09:00:00,Schedule mobile fuel tender dispatch to job site.
EQX1025,Diagnostic Trouble Codes,MEDIUM,Diagnostic Trouble Code (DTC) 'P0562' logged by engine ECM.,2024-08-14 19:00:00,Dispatch field technician for ECM diagnostic scan and DTC 'P0562' service.
EQX1025,Diagnostic Trouble Codes,MEDIUM,Diagnostic Trouble Code (DTC) 'P0562' logged by engine ECM.,2024-08-15 07:00:00,Dispatch field technician for ECM diagnostic scan and DTC 'P0562' service.
EQX1025,Diagnostic Trouble Codes,MEDIUM,Diagnostic Trouble Code (DTC) 'P0562' logged by engine ECM.,2024-08-15 09:00:00,Dispatch field technician for ECM diagnostic scan and DTC 'P0562' service.
EQX1026,Idle Hours > Engine Hours,MEDIUM,Equipment EQX1026 recorded higher daily idle hours (11.3h) than active engine work hours (1.7h).,2025-01-15,Instruct site operator to shut down ignition during downtime to curb fuel wastage.
EQX1026,Diagnostic Trouble Codes,MEDIUM,Diagnostic Trouble Code (DTC) 'P0300' logged by engine ECM.,2025-01-16 10:00:00,Dispatch field technician for ECM diagnostic scan and DTC 'P0300' service.
EQX1026,Diagnostic Trouble Codes,MEDIUM,Diagnostic Trouble Code (DTC) 'P0562' logged by engine ECM.,2025-01-17 00:00:00,Dispatch field technician for ECM diagnostic scan and DTC 'P0562' service.
EQX1026,Diagnostic Trouble Codes,MEDIUM,Diagnostic Trouble Code (DTC) 'P0420' logged by engine ECM.,2025-01-18 07:00:00,Dispatch field technician for ECM diagnostic scan and DTC 'P0420' service.
EQX1026,Diagnostic Trouble Codes,MEDIUM,Diagnostic Trouble Code (DTC) 'P0562' logged by engine ECM.,2025-01-18 16:00:00,Dispatch field technician for ECM diagnostic scan and DTC 'P0562' service.
EQX1026,Fuel Remaining below 15%,MEDIUM,Low fuel remaining level (14.7%). Risk of engine air-lock if tank empties.,2025-01-18 16:00:00,Schedule mobile fuel tender dispatch to job site.
EQX1026,Fuel Remaining below 15%,MEDIUM,Low fuel remaining level (13.1%). Risk of engine air-lock if tank empties.,2025-01-18 17:00:00,Schedule mobile fuel tender dispatch to job site.
EQX1026,Fuel Remaining below 15%,MEDIUM,Low fuel remaining level (13.0%). Risk of engine air-lock if tank empties.,2025-01-18 18:00:00,Schedule mobile fuel tender dispatch to job site.
EQX1026,Fuel Remaining below 15%,MEDIUM,Low fuel remaining level (13.0%). Risk of engine air-lock if tank empties.,2025-01-18 19:00:00,Schedule mobile fuel tender dispatch to job site.
EQX1026,Fuel Remaining below 15%,MEDIUM,Low fuel remaining level (13.0%). Risk of engine air-lock if tank empties.,2025-01-18 20:00:00,Schedule mobile fuel tender dispatch to job site.
EQX1026,Fuel Remaining below 15%,MEDIUM,Low fuel remaining level (12.9%). Risk of engine air-lock if tank empties.,2025-01-18 21:00:00,Schedule mobile fuel tender dispatch to job site.
EQX1026,Fuel Remaining below 15%,MEDIUM,Low fuel remaining level (12.9%). Risk of engine air-lock if tank empties.,2025-01-18 22:00:00,Schedule mobile fuel tender dispatch to job site.
EQX1026,Fuel Remaining below 15%,MEDIUM,Low fuel remaining level (12.9%). Risk of engine air-lock if tank empties.,2025-01-18 23:00:00,Schedule mobile fuel tender dispatch to job site.
EQX1026,Fuel Remaining below 15%,MEDIUM,Low fuel remaining level (12.9%). Risk of engine air-lock if tank empties.,2025-01-19 00:00:00,Schedule mobile fuel tender dispatch to job site.
EQX1026,Fuel Remaining below 15%,MEDIUM,Low fuel remaining level (12.8%). Risk of engine air-lock if tank empties.,2025-01-19 01:00:00,Schedule mobile fuel tender dispatch to job site.
EQX1026,Fuel Remaining below 15%,MEDIUM,Low fuel remaining level (12.8%). Risk of engine air-lock if tank empties.,2025-01-19 02:00:00,Schedule mobile fuel tender dispatch to job site.
EQX1026,Fuel Remaining below 15%,MEDIUM,Low fuel remaining level (12.8%). Risk of engine air-lock if tank empties.,2025-01-19 03:00:00,Schedule mobile fuel tender dispatch to job site.
EQX1026,Fuel Remaining below 15%,MEDIUM,Low fuel remaining level (12.7%). Risk of engine air-lock if tank empties.,2025-01-19 04:00:00,Schedule mobile fuel tender dispatch to job site.
EQX1026,Fuel Remaining below 15%,MEDIUM,Low fuel remaining level (12.7%). Risk of engine air-lock if tank empties.,2025-01-19 05:00:00,Schedule mobile fuel tender dispatch to job site.
EQX1026,Fuel Remaining below 15%,MEDIUM,Low fuel remaining level (12.7%). Risk of engine air-lock if tank empties.,2025-01-19 06:00:00,Schedule mobile fuel tender dispatch to job site.
EQX1026,Fuel Remaining below 15%,MEDIUM,Low fuel remaining level (12.7%). Risk of engine air-lock if tank empties.,2025-01-19 07:00:00,Schedule mobile fuel tender dispatch to job site.
EQX1026,Fuel Remaining below 15%,MEDIUM,Low fuel remaining level (11.2%). Risk of engine air-lock if tank empties.,2025-01-19 08:00:00,Schedule mobile fuel tender dispatch to job site.
EQX1026,Diagnostic Trouble Codes,MEDIUM,Diagnostic Trouble Code (DTC) 'P0300' logged by engine ECM.,2025-01-19 17:00:00,Dispatch field technician for ECM diagnostic scan and DTC 'P0300' service.
EQX1027,Idle Hours > Engine Hours,MEDIUM,Equipment EQX1027 recorded higher daily idle hours (11.6h) than active engine work hours (2.1h).,2025-02-05,Instruct site operator to shut down ignition during downtime to curb fuel wastage.
EQX1027,Diagnostic Trouble Codes,MEDIUM,Diagnostic Trouble Code (DTC) 'P0017' logged by engine ECM.,2025-02-08 09:00:00,Dispatch field technician for ECM diagnostic scan and DTC 'P0017' service.
EQX1027,Diagnostic Trouble Codes,MEDIUM,Diagnostic Trouble Code (DTC) 'P0420' logged by engine ECM.,2025-02-08 15:00:00,Dispatch field technician for ECM diagnostic scan and DTC 'P0420' service.
EQX1027,Fuel Remaining below 15%,MEDIUM,Low fuel remaining level (13.4%). Risk of engine air-lock if tank empties.,2025-02-09 08:00:00,Schedule mobile fuel tender dispatch to job site.
EQX1027,Fuel Remaining below 15%,MEDIUM,Low fuel remaining level (12.3%). Risk of engine air-lock if tank empties.,2025-02-09 09:00:00,Schedule mobile fuel tender dispatch to job site.
EQX1027,Fuel Remaining below 15%,MEDIUM,Low fuel remaining level (10.2%). Risk of engine air-lock if tank empties.,2025-02-09 10:00:00,Schedule mobile fuel tender dispatch to job site.
EQX1027,Diagnostic Trouble Codes,MEDIUM,Diagnostic Trouble Code (DTC) 'P0017' logged by engine ECM.,2025-02-10 05:00:00,Dispatch field technician for ECM diagnostic scan and DTC 'P0017' service.
EQX1028,Diagnostic Trouble Codes,MEDIUM,Diagnostic Trouble Code (DTC) 'P0562' logged by engine ECM.,2025-02-17 13:00:00,Dispatch field technician for ECM diagnostic scan and DTC 'P0562' service.
EQX1028,Diagnostic Trouble Codes,MEDIUM,Diagnostic Trouble Code (DTC) 'P0562' logged by engine ECM.,2025-02-19 06:00:00,Dispatch field technician for ECM diagnostic scan and DTC 'P0562' service.
EQX1028,Diagnostic Trouble Codes,MEDIUM,Diagnostic Trouble Code (DTC) 'P0300' logged by engine ECM.,2025-02-19 08:00:00,Dispatch field technician for ECM diagnostic scan and DTC 'P0300' service.
EQX1028,Diagnostic Trouble Codes,MEDIUM,Diagnostic Trouble Code (DTC) 'P0420' logged by engine ECM.,2025-02-20 01:00:00,Dispatch field technician for ECM diagnostic scan and DTC 'P0420' service.
EQX1028,Diagnostic Trouble Codes,MEDIUM,Diagnostic Trouble Code (DTC) 'P0562' logged by engine ECM.,2025-02-20 11:00:00,Dispatch field technician for ECM diagnostic scan and DTC 'P0562' service.
EQX1028,Diagnostic Trouble Codes,MEDIUM,Diagnostic Trouble Code (DTC) 'P0420' logged by engine ECM.,2025-02-20 13:00:00,Dispatch field technician for ECM diagnostic scan and DTC 'P0420' service.
EQX1028,Fuel Remaining below 15%,MEDIUM,Low fuel remaining level (14.2%). Risk of engine air-lock if tank empties.,2025-02-21 08:00:00,Schedule mobile fuel tender dispatch to job site.
EQX1028,Fuel Remaining below 15%,MEDIUM,Low fuel remaining level (12.3%). Risk of engine air-lock if tank empties.,2025-02-21 09:00:00,Schedule mobile fuel tender dispatch to job site.
EQX1028,Fuel Remaining below 15%,MEDIUM,Low fuel remaining level (10.2%). Risk of engine air-lock if tank empties.,2025-02-21 10:00:00,Schedule mobile fuel tender dispatch to job site.
EQX1028,Diagnostic Trouble Codes,MEDIUM,Diagnostic Trouble Code (DTC) 'P0300' logged by engine ECM.,2025-02-22 12:00:00,Dispatch field technician for ECM diagnostic scan and DTC 'P0300' service.
EQX1029,Diagnostic Trouble Codes,MEDIUM,Diagnostic Trouble Code (DTC) 'P0300' logged by engine ECM.,2024-12-22 19:00:00,Dispatch field technician for ECM diagnostic scan and DTC 'P0300' service.
EQX1029,Diagnostic Trouble Codes,MEDIUM,Diagnostic Trouble Code (DTC) 'P0420' logged by engine ECM.,2024-12-24 20:00:00,Dispatch field technician for ECM diagnostic scan and DTC 'P0420' service.
EQX1029,Diagnostic Trouble Codes,MEDIUM,Diagnostic Trouble Code (DTC) 'P0562' logged by engine ECM.,2024-12-25 02:00:00,Dispatch field technician for ECM diagnostic scan and DTC 'P0562' service.
EQX1029,Diagnostic Trouble Codes,MEDIUM,Diagnostic Trouble Code (DTC) 'P0562' logged by engine ECM.,2024-12-25 19:00:00,Dispatch field technician for ECM diagnostic scan and DTC 'P0562' service.
EQX1029,Diagnostic Trouble Codes,MEDIUM,Diagnostic Trouble Code (DTC) 'P0017' logged by engine ECM.,2024-12-26 05:00:00,Dispatch field technician for ECM diagnostic scan and DTC 'P0017' service.
EQX1029,Fuel Remaining below 15%,MEDIUM,Low fuel remaining level (13.9%). Risk of engine air-lock if tank empties.,2024-12-26 08:00:00,Schedule mobile fuel tender dispatch to job site.
EQX1029,Fuel Remaining below 15%,MEDIUM,Low fuel remaining level (12.5%). Risk of engine air-lock if tank empties.,2024-12-26 09:00:00,Schedule mobile fuel tender dispatch to job site.
EQX1029,Fuel Remaining below 15%,MEDIUM,Low fuel remaining level (10.7%). Risk of engine air-lock if tank empties.,2024-12-26 10:00:00,Schedule mobile fuel tender dispatch to job site.
EQX1029,Diagnostic Trouble Codes,MEDIUM,Diagnostic Trouble Code (DTC) 'P0562' logged by engine ECM.,2024-12-26 19:00:00,Dispatch field technician for ECM diagnostic scan and DTC 'P0562' service.
EQX1029,Diagnostic Trouble Codes,MEDIUM,Diagnostic Trouble Code (DTC) 'P0300' logged by engine ECM.,2024-12-26 22:00:00,Dispatch field technician for ECM diagnostic scan and DTC 'P0300' service.
EQX1030,Diagnostic Trouble Codes,MEDIUM,Diagnostic Trouble Code (DTC) 'P0420' logged by engine ECM.,2025-01-15 20:00:00,Dispatch field technician for ECM diagnostic scan and DTC 'P0420' service.
EQX1030,Diagnostic Trouble Codes,MEDIUM,Diagnostic Trouble Code (DTC) 'P0300' logged by engine ECM.,2025-01-17 14:00:00,Dispatch field technician for ECM diagnostic scan and DTC 'P0300' service.
EQX1030,Diagnostic Trouble Codes,MEDIUM,Diagnostic Trouble Code (DTC) 'P0562' logged by engine ECM.,2025-01-17 19:00:00,Dispatch field technician for ECM diagnostic scan and DTC 'P0562' service.
EQX1030,Fuel Remaining below 15%,MEDIUM,Low fuel remaining level (13.8%). Risk of engine air-lock if tank empties.,2025-01-18 17:00:00,Schedule mobile fuel tender dispatch to job site.
EQX1030,Fuel Remaining below 15%,MEDIUM,Low fuel remaining level (13.8%). Risk of engine air-lock if tank empties.,2025-01-18 18:00:00,Schedule mobile fuel tender dispatch to job site.
EQX1030,Fuel Remaining below 15%,MEDIUM,Low fuel remaining level (13.8%). Risk of engine air-lock if tank empties.,2025-01-18 19:00:00,Schedule mobile fuel tender dispatch to job site.
EQX1030,Fuel Remaining below 15%,MEDIUM,Low fuel remaining level (13.7%). Risk of engine air-lock if tank empties.,2025-01-18 20:00:00,Schedule mobile fuel tender dispatch to job site.
EQX1030,Fuel Remaining below 15%,MEDIUM,Low fuel remaining level (13.7%). Risk of engine air-lock if tank empties.,2025-01-18 21:00:00,Schedule mobile fuel tender dispatch to job site.
EQX1030,Diagnostic Trouble Codes,MEDIUM,Diagnostic Trouble Code (DTC) 'P0300' logged by engine ECM.,2025-01-18 22:00:00,Dispatch field technician for ECM diagnostic scan and DTC 'P0300' service.
EQX1030,Fuel Remaining below 15%,MEDIUM,Low fuel remaining level (13.7%). Risk of engine air-lock if tank empties.,2025-01-18 22:00:00,Schedule mobile fuel tender dispatch to job site.
EQX1030,Fuel Remaining below 15%,MEDIUM,Low fuel remaining level (13.6%). Risk of engine air-lock if tank empties.,2025-01-18 23:00:00,Schedule mobile fuel tender dispatch to job site.
EQX1030,Fuel Remaining below 15%,MEDIUM,Low fuel remaining level (13.6%). Risk of engine air-lock if tank empties.,2025-01-19 00:00:00,Schedule mobile fuel tender dispatch to job site.
EQX1030,Fuel Remaining below 15%,MEDIUM,Low fuel remaining level (13.6%). Risk of engine air-lock if tank empties.,2025-01-19 01:00:00,Schedule mobile fuel tender dispatch to job site.
EQX1030,Fuel Remaining below 15%,MEDIUM,Low fuel remaining level (13.6%). Risk of engine air-lock if tank empties.,2025-01-19 02:00:00,Schedule mobile fuel tender dispatch to job site.
EQX1030,Fuel Remaining below 15%,MEDIUM,Low fuel remaining level (13.5%). Risk of engine air-lock if tank empties.,2025-01-19 03:00:00,Schedule mobile fuel tender dispatch to job site.
EQX1030,Fuel Remaining below 15%,MEDIUM,Low fuel remaining level (13.5%). Risk of engine air-lock if tank empties.,2025-01-19 04:00:00,Schedule mobile fuel tender dispatch to job site.
EQX1030,Fuel Remaining below 15%,MEDIUM,Low fuel remaining level (13.5%). Risk of engine air-lock if tank empties.,2025-01-19 05:00:00,Schedule mobile fuel tender dispatch to job site.
EQX1030,Fuel Remaining below 15%,MEDIUM,Low fuel remaining level (13.4%). Risk of engine air-lock if tank empties.,2025-01-19 06:00:00,Schedule mobile fuel tender dispatch to job site.
EQX1030,Diagnostic Trouble Codes,MEDIUM,Diagnostic Trouble Code (DTC) 'P0562' logged by engine ECM.,2025-01-19 07:00:00,Dispatch field technician for ECM diagnostic scan and DTC 'P0562' service.
EQX1030,Fuel Remaining below 15%,MEDIUM,Low fuel remaining level (13.4%). Risk of engine air-lock if tank empties.,2025-01-19 07:00:00,Schedule mobile fuel tender dispatch to job site.
EQX1030,Fuel Remaining below 15%,MEDIUM,Low fuel remaining level (11.5%). Risk of engine air-lock if tank empties.,2025-01-19 08:00:00,Schedule mobile fuel tender dispatch to job site.
EQX1030,Diagnostic Trouble Codes,MEDIUM,Diagnostic Trouble Code (DTC) 'P0420' logged by engine ECM.,2025-01-19 15:00:00,Dispatch field technician for ECM diagnostic scan and DTC 'P0420' service.
EQX1031,Idle Hours > Engine Hours,MEDIUM,Equipment EQX1031 recorded higher daily idle hours (8.3h) than active engine work hours (1.6h).,2025-06-27,Instruct site operator to shut down ignition during downtime to curb fuel wastage.
EQX1031,Idle Hours > Engine Hours,MEDIUM,Equipment EQX1031 recorded higher daily idle hours (8.8h) than active engine work hours (0.6h).,2025-07-04,Instruct site operator to shut down ignition during downtime to curb fuel wastage.
EQX1031,Diagnostic Trouble Codes,MEDIUM,Diagnostic Trouble Code (DTC) 'P0017' logged by engine ECM.,2025-06-30 12:00:00,Dispatch field technician for ECM diagnostic scan and DTC 'P0017' service.
EQX1031,Diagnostic Trouble Codes,MEDIUM,Diagnostic Trouble Code (DTC) 'P0300' logged by engine ECM.,2025-06-30 13:00:00,Dispatch field technician for ECM diagnostic scan and DTC 'P0300' service.
EQX1031,Diagnostic Trouble Codes,MEDIUM,Diagnostic Trouble Code (DTC) 'P0300' logged by engine ECM.,2025-06-30 14:00:00,Dispatch field technician for ECM diagnostic scan and DTC 'P0300' service.
EQX1031,Fuel Remaining below 15%,MEDIUM,Low fuel remaining level (14.3%). Risk of engine air-lock if tank empties.,2025-06-30 14:00:00,Schedule mobile fuel tender dispatch to job site.
EQX1031,Fuel Remaining below 15%,MEDIUM,Low fuel remaining level (12.4%). Risk of engine air-lock if tank empties.,2025-06-30 15:00:00,Schedule mobile fuel tender dispatch to job site.
EQX1031,Fuel Remaining below 15%,MEDIUM,Low fuel remaining level (10.9%). Risk of engine air-lock if tank empties.,2025-06-30 16:00:00,Schedule mobile fuel tender dispatch to job site.
EQX1031,Diagnostic Trouble Codes,MEDIUM,Diagnostic Trouble Code (DTC) 'P0420' logged by engine ECM.,2025-07-02 04:00:00,Dispatch field technician for ECM diagnostic scan and DTC 'P0420' service.
EQX1032,Idle Hours > Engine Hours,MEDIUM,Equipment EQX1032 recorded higher daily idle hours (8.7h) than active engine work hours (1.0h).,2025-03-03,Instruct site operator to shut down ignition during downtime to curb fuel wastage.
EQX1032,Idle Hours > Engine Hours,MEDIUM,Equipment EQX1032 recorded higher daily idle hours (11.1h) than active engine work hours (1.2h).,2024-11-22,Instruct site operator to shut down ignition during downtime to curb fuel wastage.
EQX1032,Diagnostic Trouble Codes,MEDIUM,Diagnostic Trouble Code (DTC) 'P0017' logged by engine ECM.,2025-03-03 20:00:00,Dispatch field technician for ECM diagnostic scan and DTC 'P0017' service.
EQX1032,Diagnostic Trouble Codes,MEDIUM,Diagnostic Trouble Code (DTC) 'P0562' logged by engine ECM.,2025-03-03 22:00:00,Dispatch field technician for ECM diagnostic scan and DTC 'P0562' service.
EQX1032,Diagnostic Trouble Codes,MEDIUM,Diagnostic Trouble Code (DTC) 'P0562' logged by engine ECM.,2025-03-03 23:00:00,Dispatch field technician for ECM diagnostic scan and DTC 'P0562' service.
EQX1032,Diagnostic Trouble Codes,MEDIUM,Diagnostic Trouble Code (DTC) 'P0017' logged by engine ECM.,2025-03-05 02:00:00,Dispatch field technician for ECM diagnostic scan and DTC 'P0017' service.
EQX1032,Diagnostic Trouble Codes,MEDIUM,Diagnostic Trouble Code (DTC) 'P0300' logged by engine ECM.,2025-03-05 21:00:00,Dispatch field technician for ECM diagnostic scan and DTC 'P0300' service.
EQX1032,Diagnostic Trouble Codes,MEDIUM,Diagnostic Trouble Code (DTC) 'P0017' logged by engine ECM.,2025-03-06 13:00:00,Dispatch field technician for ECM diagnostic scan and DTC 'P0017' service.
EQX1032,Fuel Remaining below 15%,MEDIUM,Low fuel remaining level (13.9%). Risk of engine air-lock if tank empties.,2025-03-06 17:00:00,Schedule mobile fuel tender dispatch to job site.
EQX1032,Fuel Remaining below 15%,MEDIUM,Low fuel remaining level (13.9%). Risk of engine air-lock if tank empties.,2025-03-06 18:00:00,Schedule mobile fuel tender dispatch to job site.
EQX1032,Fuel Remaining below 15%,MEDIUM,Low fuel remaining level (13.9%). Risk of engine air-lock if tank empties.,2025-03-06 19:00:00,Schedule mobile fuel tender dispatch to job site.
EQX1032,Fuel Remaining below 15%,MEDIUM,Low fuel remaining level (13.8%). Risk of engine air-lock if tank empties.,2025-03-06 20:00:00,Schedule mobile fuel tender dispatch to job site.
EQX1032,Fuel Remaining below 15%,MEDIUM,Low fuel remaining level (13.8%). Risk of engine air-lock if tank empties.,2025-03-06 21:00:00,Schedule mobile fuel tender dispatch to job site.
EQX1032,Fuel Remaining below 15%,MEDIUM,Low fuel remaining level (13.8%). Risk of engine air-lock if tank empties.,2025-03-06 22:00:00,Schedule mobile fuel tender dispatch to job site.
EQX1032,Diagnostic Trouble Codes,MEDIUM,Diagnostic Trouble Code (DTC) 'P0300' logged by engine ECM.,2025-03-06 23:00:00,Dispatch field technician for ECM diagnostic scan and DTC 'P0300' service.
EQX1032,Fuel Remaining below 15%,MEDIUM,Low fuel remaining level (13.7%). Risk of engine air-lock if tank empties.,2025-03-06 23:00:00,Schedule mobile fuel tender dispatch to job site.
EQX1032,Fuel Remaining below 15%,MEDIUM,Low fuel remaining level (13.7%). Risk of engine air-lock if tank empties.,2025-03-07 00:00:00,Schedule mobile fuel tender dispatch to job site.
EQX1032,Fuel Remaining below 15%,MEDIUM,Low fuel remaining level (13.7%). Risk of engine air-lock if tank empties.,2025-03-07 01:00:00,Schedule mobile fuel tender dispatch to job site.
EQX1032,Diagnostic Trouble Codes,MEDIUM,Diagnostic Trouble Code (DTC) 'P0420' logged by engine ECM.,2025-03-07 02:00:00,Dispatch field technician for ECM diagnostic scan and DTC 'P0420' service.
EQX1032,Fuel Remaining below 15%,MEDIUM,Low fuel remaining level (13.7%). Risk of engine air-lock if tank empties.,2025-03-07 02:00:00,Schedule mobile fuel tender dispatch to job site.
EQX1032,Diagnostic Trouble Codes,MEDIUM,Diagnostic Trouble Code (DTC) 'P0420' logged by engine ECM.,2025-03-07 03:00:00,Dispatch field technician for ECM diagnostic scan and DTC 'P0420' service.
EQX1032,Fuel Remaining below 15%,MEDIUM,Low fuel remaining level (13.6%). Risk of engine air-lock if tank empties.,2025-03-07 03:00:00,Schedule mobile fuel tender dispatch to job site.
EQX1032,Fuel Remaining below 15%,MEDIUM,Low fuel remaining level (13.6%). Risk of engine air-lock if tank empties.,2025-03-07 04:00:00,Schedule mobile fuel tender dispatch to job site.
EQX1032,Fuel Remaining below 15%,MEDIUM,Low fuel remaining level (13.6%). Risk of engine air-lock if tank empties.,2025-03-07 05:00:00,Schedule mobile fuel tender dispatch to job site.
EQX1032,Fuel Remaining below 15%,MEDIUM,Low fuel remaining level (13.5%). Risk of engine air-lock if tank empties.,2025-03-07 06:00:00,Schedule mobile fuel tender dispatch to job site.
EQX1032,Fuel Remaining below 15%,MEDIUM,Low fuel remaining level (13.5%). Risk of engine air-lock if tank empties.,2025-03-07 07:00:00,Schedule mobile fuel tender dispatch to job site.
EQX1032,Fuel Remaining below 15%,MEDIUM,Low fuel remaining level (11.9%). Risk of engine air-lock if tank empties.,2025-03-07 08:00:00,Schedule mobile fuel tender dispatch to job site.
EQX1032,Fuel Remaining below 15%,MEDIUM,Low fuel remaining level (10.4%). Risk of engine air-lock if tank empties.,2025-03-07 09:00:00,Schedule mobile fuel tender dispatch to job site.
EQX1032,Diagnostic Trouble Codes,MEDIUM,Diagnostic Trouble Code (DTC) 'P0562' logged by engine ECM.,2025-03-07 17:00:00,Dispatch field technician for ECM diagnostic scan and DTC 'P0562' service.
EQX1033,Idle Hours > Engine Hours,MEDIUM,Equipment EQX1033 recorded higher daily idle hours (8.5h) than active engine work hours (1.3h).,2025-02-07,Instruct site operator to shut down ignition during downtime to curb fuel wastage.
EQX1033,Idle Hours > Engine Hours,MEDIUM,Equipment EQX1033 recorded higher daily idle hours (9.5h) than active engine work hours (1.9h).,2025-01-06,Instruct site operator to shut down ignition during downtime to curb fuel wastage.
EQX1033,Diagnostic Trouble Codes,MEDIUM,Diagnostic Trouble Code (DTC) 'P0300' logged by engine ECM.,2025-02-07 11:00:00,Dispatch field technician for ECM diagnostic scan and DTC 'P0300' service.
EQX1033,Diagnostic Trouble Codes,MEDIUM,Diagnostic Trouble Code (DTC) 'P0562' logged by engine ECM.,2025-02-07 23:00:00,Dispatch field technician for ECM diagnostic scan and DTC 'P0562' service.
EQX1033,Diagnostic Trouble Codes,MEDIUM,Diagnostic Trouble Code (DTC) 'P0017' logged by engine ECM.,2025-02-08 15:00:00,Dispatch field technician for ECM diagnostic scan and DTC 'P0017' service.
EQX1033,Diagnostic Trouble Codes,MEDIUM,Diagnostic Trouble Code (DTC) 'P0562' logged by engine ECM.,2025-02-09 00:00:00,Dispatch field technician for ECM diagnostic scan and DTC 'P0562' service.
EQX1033,Diagnostic Trouble Codes,MEDIUM,Diagnostic Trouble Code (DTC) 'P0420' logged by engine ECM.,2025-02-10 03:00:00,Dispatch field technician for ECM diagnostic scan and DTC 'P0420' service.
EQX1033,Diagnostic Trouble Codes,MEDIUM,Diagnostic Trouble Code (DTC) 'P0300' logged by engine ECM.,2025-02-10 17:00:00,Dispatch field technician for ECM diagnostic scan and DTC 'P0300' service.
EQX1033,Diagnostic Trouble Codes,MEDIUM,Diagnostic Trouble Code (DTC) 'P0420' logged by engine ECM.,2025-02-10 22:00:00,Dispatch field technician for ECM diagnostic scan and DTC 'P0420' service.
EQX1033,Diagnostic Trouble Codes,MEDIUM,Diagnostic Trouble Code (DTC) 'P0017' logged by engine ECM.,2025-02-11 02:00:00,Dispatch field technician for ECM diagnostic scan and DTC 'P0017' service.
EQX1033,Diagnostic Trouble Codes,MEDIUM,Diagnostic Trouble Code (DTC) 'P0562' logged by engine ECM.,2025-02-11 03:00:00,Dispatch field technician for ECM diagnostic scan and DTC 'P0562' service.
EQX1033,Diagnostic Trouble Codes,MEDIUM,Diagnostic Trouble Code (DTC) 'P0420' logged by engine ECM.,2025-02-11 07:00:00,Dispatch field technician for ECM diagnostic scan and DTC 'P0420' service.
EQX1033,Fuel Remaining below 15%,MEDIUM,Low fuel remaining level (14.5%). Risk of engine air-lock if tank empties.,2025-02-11 08:00:00,Schedule mobile fuel tender dispatch to job site.
EQX1033,Fuel Remaining below 15%,MEDIUM,Low fuel remaining level (13.1%). Risk of engine air-lock if tank empties.,2025-02-11 09:00:00,Schedule mobile fuel tender dispatch to job site.
EQX1033,Fuel Remaining below 15%,MEDIUM,Low fuel remaining level (11.2%). Risk of engine air-lock if tank empties.,2025-02-11 10:00:00,Schedule mobile fuel tender dispatch to job site.
EQX1033,Diagnostic Trouble Codes,MEDIUM,Diagnostic Trouble Code (DTC) 'P0420' logged by engine ECM.,2025-02-12 00:00:00,Dispatch field technician for ECM diagnostic scan and DTC 'P0420' service.
EQX1034,Diagnostic Trouble Codes,MEDIUM,Diagnostic Trouble Code (DTC) 'P0562' logged by engine ECM.,2024-11-07 13:00:00,Dispatch field technician for ECM diagnostic scan and DTC 'P0562' service.
EQX1034,Diagnostic Trouble Codes,MEDIUM,Diagnostic Trouble Code (DTC) 'P0562' logged by engine ECM.,2024-11-08 10:00:00,Dispatch field technician for ECM diagnostic scan and DTC 'P0562' service.
EQX1034,Diagnostic Trouble Codes,MEDIUM,Diagnostic Trouble Code (DTC) 'P0562' logged by engine ECM.,2024-11-09 03:00:00,Dispatch field technician for ECM diagnostic scan and DTC 'P0562' service.
EQX1034,Diagnostic Trouble Codes,MEDIUM,Diagnostic Trouble Code (DTC) 'P0420' logged by engine ECM.,2024-11-09 13:00:00,Dispatch field technician for ECM diagnostic scan and DTC 'P0420' service.
EQX1034,Diagnostic Trouble Codes,MEDIUM,Diagnostic Trouble Code (DTC) 'P0562' logged by engine ECM.,2024-11-10 03:00:00,Dispatch field technician for ECM diagnostic scan and DTC 'P0562' service.
EQX1034,Fuel Remaining below 15%,MEDIUM,Low fuel remaining level (13.6%). Risk of engine air-lock if tank empties.,2024-11-10 16:00:00,Schedule mobile fuel tender dispatch to job site.
EQX1034,Fuel Remaining below 15%,MEDIUM,Low fuel remaining level (11.4%). Risk of engine air-lock if tank empties.,2024-11-10 17:00:00,Schedule mobile fuel tender dispatch to job site.
EQX1034,Fuel Remaining below 15%,MEDIUM,Low fuel remaining level (11.4%). Risk of engine air-lock if tank empties.,2024-11-10 18:00:00,Schedule mobile fuel tender dispatch to job site.
EQX1034,Fuel Remaining below 15%,MEDIUM,Low fuel remaining level (11.3%). Risk of engine air-lock if tank empties.,2024-11-10 19:00:00,Schedule mobile fuel tender dispatch to job site.
EQX1034,Fuel Remaining below 15%,MEDIUM,Low fuel remaining level (11.3%). Risk of engine air-lock if tank empties.,2024-11-10 20:00:00,Schedule mobile fuel tender dispatch to job site.
EQX1034,Fuel Remaining below 15%,MEDIUM,Low fuel remaining level (11.3%). Risk of engine air-lock if tank empties.,2024-11-10 21:00:00,Schedule mobile fuel tender dispatch to job site.
EQX1034,Fuel Remaining below 15%,MEDIUM,Low fuel remaining level (11.3%). Risk of engine air-lock if tank empties.,2024-11-10 22:00:00,Schedule mobile fuel tender dispatch to job site.
EQX1034,Fuel Remaining below 15%,MEDIUM,Low fuel remaining level (11.2%). Risk of engine air-lock if tank empties.,2024-11-10 23:00:00,Schedule mobile fuel tender dispatch to job site.
EQX1034,Fuel Remaining below 15%,MEDIUM,Low fuel remaining level (11.2%). Risk of engine air-lock if tank empties.,2024-11-11 00:00:00,Schedule mobile fuel tender dispatch to job site.
EQX1034,Fuel Remaining below 15%,MEDIUM,Low fuel remaining level (11.2%). Risk of engine air-lock if tank empties.,2024-11-11 01:00:00,Schedule mobile fuel tender dispatch to job site.
EQX1034,Fuel Remaining below 15%,MEDIUM,Low fuel remaining level (11.1%). Risk of engine air-lock if tank empties.,2024-11-11 02:00:00,Schedule mobile fuel tender dispatch to job site.
EQX1034,Diagnostic Trouble Codes,MEDIUM,Diagnostic Trouble Code (DTC) 'P0420' logged by engine ECM.,2024-11-11 03:00:00,Dispatch field technician for ECM diagnostic scan and DTC 'P0420' service.
EQX1034,Fuel Remaining below 15%,MEDIUM,Low fuel remaining level (11.1%). Risk of engine air-lock if tank empties.,2024-11-11 03:00:00,Schedule mobile fuel tender dispatch to job site.
EQX1034,Fuel Remaining below 15%,MEDIUM,Low fuel remaining level (11.1%). Risk of engine air-lock if tank empties.,2024-11-11 04:00:00,Schedule mobile fuel tender dispatch to job site.
EQX1034,Fuel Remaining below 15%,MEDIUM,Low fuel remaining level (11.1%). Risk of engine air-lock if tank empties.,2024-11-11 05:00:00,Schedule mobile fuel tender dispatch to job site.
EQX1034,Fuel Remaining below 15%,MEDIUM,Low fuel remaining level (11.0%). Risk of engine air-lock if tank empties.,2024-11-11 06:00:00,Schedule mobile fuel tender dispatch to job site.
EQX1034,Fuel Remaining below 15%,MEDIUM,Low fuel remaining level (11.0%). Risk of engine air-lock if tank empties.,2024-11-11 07:00:00,Schedule mobile fuel tender dispatch to job site.
EQX1035,Idle Hours > Engine Hours,MEDIUM,Equipment EQX1035 recorded higher daily idle hours (8.3h) than active engine work hours (2.3h).,2024-12-16,Instruct site operator to shut down ignition during downtime to curb fuel wastage.
EQX1035,Diagnostic Trouble Codes,MEDIUM,Diagnostic Trouble Code (DTC) 'P0562' logged by engine ECM.,2024-12-16 11:00:00,Dispatch field technician for ECM diagnostic scan and DTC 'P0562' service.
EQX1035,Diagnostic Trouble Codes,MEDIUM,Diagnostic Trouble Code (DTC) 'P0562' logged by engine ECM.,2024-12-17 10:00:00,Dispatch field technician for ECM diagnostic scan and DTC 'P0562' service.
EQX1035,Diagnostic Trouble Codes,MEDIUM,Diagnostic Trouble Code (DTC) 'P0420' logged by engine ECM.,2024-12-17 12:00:00,Dispatch field technician for ECM diagnostic scan and DTC 'P0420' service.
EQX1035,Diagnostic Trouble Codes,MEDIUM,Diagnostic Trouble Code (DTC) 'P0420' logged by engine ECM.,2024-12-20 04:00:00,Dispatch field technician for ECM diagnostic scan and DTC 'P0420' service.
EQX1035,Fuel Remaining below 15%,MEDIUM,Low fuel remaining level (13.4%). Risk of engine air-lock if tank empties.,2024-12-20 08:00:00,Schedule mobile fuel tender dispatch to job site.
EQX1035,Fuel Remaining below 15%,MEDIUM,Low fuel remaining level (11.3%). Risk of engine air-lock if tank empties.,2024-12-20 09:00:00,Schedule mobile fuel tender dispatch to job site.
EQX1035,Diagnostic Trouble Codes,MEDIUM,Diagnostic Trouble Code (DTC) 'P0420' logged by engine ECM.,2024-12-20 12:00:00,Dispatch field technician for ECM diagnostic scan and DTC 'P0420' service.
EQX1036,Idle Hours > Engine Hours,MEDIUM,Equipment EQX1036 recorded higher daily idle hours (9.5h) than active engine work hours (2.1h).,2024-08-09,Instruct site operator to shut down ignition during downtime to curb fuel wastage.
EQX1036,Diagnostic Trouble Codes,MEDIUM,Diagnostic Trouble Code (DTC) 'P0300' logged by engine ECM.,2024-09-01 08:00:00,Dispatch field technician for ECM diagnostic scan and DTC 'P0300' service.
EQX1036,Diagnostic Trouble Codes,MEDIUM,Diagnostic Trouble Code (DTC) 'P0420' logged by engine ECM.,2024-09-02 02:00:00,Dispatch field technician for ECM diagnostic scan and DTC 'P0420' service.
EQX1036,Diagnostic Trouble Codes,MEDIUM,Diagnostic Trouble Code (DTC) 'P0300' logged by engine ECM.,2024-09-02 07:00:00,Dispatch field technician for ECM diagnostic scan and DTC 'P0300' service.
EQX1036,Diagnostic Trouble Codes,MEDIUM,Diagnostic Trouble Code (DTC) 'P0300' logged by engine ECM.,2024-09-02 17:00:00,Dispatch field technician for ECM diagnostic scan and DTC 'P0300' service.
EQX1036,Diagnostic Trouble Codes,MEDIUM,Diagnostic Trouble Code (DTC) 'P0017' logged by engine ECM.,2024-09-03 18:00:00,Dispatch field technician for ECM diagnostic scan and DTC 'P0017' service.
EQX1036,Fuel Remaining below 15%,MEDIUM,Low fuel remaining level (14.7%). Risk of engine air-lock if tank empties.,2024-09-04 17:00:00,Schedule mobile fuel tender dispatch to job site.
EQX1036,Fuel Remaining below 15%,MEDIUM,Low fuel remaining level (14.7%). Risk of engine air-lock if tank empties.,2024-09-04 18:00:00,Schedule mobile fuel tender dispatch to job site.
EQX1036,Diagnostic Trouble Codes,MEDIUM,Diagnostic Trouble Code (DTC) 'P0420' logged by engine ECM.,2024-09-04 19:00:00,Dispatch field technician for ECM diagnostic scan and DTC 'P0420' service.
EQX1036,Fuel Remaining below 15%,MEDIUM,Low fuel remaining level (14.6%). Risk of engine air-lock if tank empties.,2024-09-04 19:00:00,Schedule mobile fuel tender dispatch to job site.
EQX1036,Fuel Remaining below 15%,MEDIUM,Low fuel remaining level (14.6%). Risk of engine air-lock if tank empties.,2024-09-04 20:00:00,Schedule mobile fuel tender dispatch to job site.
EQX1036,Fuel Remaining below 15%,MEDIUM,Low fuel remaining level (14.6%). Risk of engine air-lock if tank empties.,2024-09-04 21:00:00,Schedule mobile fuel tender dispatch to job site.
EQX1036,Diagnostic Trouble Codes,MEDIUM,Diagnostic Trouble Code (DTC) 'P0300' logged by engine ECM.,2024-09-04 22:00:00,Dispatch field technician for ECM diagnostic scan and DTC 'P0300' service.
EQX1036,Fuel Remaining below 15%,MEDIUM,Low fuel remaining level (14.6%). Risk of engine air-lock if tank empties.,2024-09-04 22:00:00,Schedule mobile fuel tender dispatch to job site.
EQX1036,Fuel Remaining below 15%,MEDIUM,Low fuel remaining level (14.5%). Risk of engine air-lock if tank empties.,2024-09-04 23:00:00,Schedule mobile fuel tender dispatch to job site.
EQX1036,Fuel Remaining below 15%,MEDIUM,Low fuel remaining level (14.5%). Risk of engine air-lock if tank empties.,2024-09-05 00:00:00,Schedule mobile fuel tender dispatch to job site.
EQX1036,Fuel Remaining below 15%,MEDIUM,Low fuel remaining level (14.5%). Risk of engine air-lock if tank empties.,2024-09-05 01:00:00,Schedule mobile fuel tender dispatch to job site.
EQX1036,Fuel Remaining below 15%,MEDIUM,Low fuel remaining level (14.4%). Risk of engine air-lock if tank empties.,2024-09-05 02:00:00,Schedule mobile fuel tender dispatch to job site.
EQX1036,Fuel Remaining below 15%,MEDIUM,Low fuel remaining level (14.4%). Risk of engine air-lock if tank empties.,2024-09-05 03:00:00,Schedule mobile fuel tender dispatch to job site.
EQX1036,Fuel Remaining below 15%,MEDIUM,Low fuel remaining level (14.4%). Risk of engine air-lock if tank empties.,2024-09-05 04:00:00,Schedule mobile fuel tender dispatch to job site.
EQX1036,Fuel Remaining below 15%,MEDIUM,Low fuel remaining level (14.4%). Risk of engine air-lock if tank empties.,2024-09-05 05:00:00,Schedule mobile fuel tender dispatch to job site.
EQX1036,Fuel Remaining below 15%,MEDIUM,Low fuel remaining level (14.3%). Risk of engine air-lock if tank empties.,2024-09-05 06:00:00,Schedule mobile fuel tender dispatch to job site.
EQX1036,Fuel Remaining below 15%,MEDIUM,Low fuel remaining level (14.3%). Risk of engine air-lock if tank empties.,2024-09-05 07:00:00,Schedule mobile fuel tender dispatch to job site.
EQX1036,Fuel Remaining below 15%,MEDIUM,Low fuel remaining level (13.0%). Risk of engine air-lock if tank empties.,2024-09-05 08:00:00,Schedule mobile fuel tender dispatch to job site.
EQX1036,Fuel Remaining below 15%,MEDIUM,Low fuel remaining level (11.8%). Risk of engine air-lock if tank empties.,2024-09-05 09:00:00,Schedule mobile fuel tender dispatch to job site.
EQX1036,Fuel Remaining below 15%,MEDIUM,Low fuel remaining level (10.3%). Risk of engine air-lock if tank empties.,2024-09-05 10:00:00,Schedule mobile fuel tender dispatch to job site.
EQX1036,Diagnostic Trouble Codes,MEDIUM,Diagnostic Trouble Code (DTC) 'P0017' logged by engine ECM.,2024-09-05 12:00:00,Dispatch field technician for ECM diagnostic scan and DTC 'P0017' service.
EQX1037,Idle Hours > Engine Hours,MEDIUM,Equipment EQX1037 recorded higher daily idle hours (9.7h) than active engine work hours (2.3h).,2025-04-03,Instruct site operator to shut down ignition during downtime to curb fuel wastage.
EQX1037,Diagnostic Trouble Codes,MEDIUM,Diagnostic Trouble Code (DTC) 'P0017' logged by engine ECM.,2025-04-03 12:00:00,Dispatch field technician for ECM diagnostic scan and DTC 'P0017' service.
EQX1037,Diagnostic Trouble Codes,MEDIUM,Diagnostic Trouble Code (DTC) 'P0300' logged by engine ECM.,2025-04-03 17:00:00,Dispatch field technician for ECM diagnostic scan and DTC 'P0300' service.
EQX1037,Diagnostic Trouble Codes,MEDIUM,Diagnostic Trouble Code (DTC) 'P0562' logged by engine ECM.,2025-04-04 21:00:00,Dispatch field technician for ECM diagnostic scan and DTC 'P0562' service.
EQX1037,Diagnostic Trouble Codes,MEDIUM,Diagnostic Trouble Code (DTC) 'P0300' logged by engine ECM.,2025-04-04 23:00:00,Dispatch field technician for ECM diagnostic scan and DTC 'P0300' service.
EQX1037,Diagnostic Trouble Codes,MEDIUM,Diagnostic Trouble Code (DTC) 'P0017' logged by engine ECM.,2025-04-05 06:00:00,Dispatch field technician for ECM diagnostic scan and DTC 'P0017' service.
EQX1037,Diagnostic Trouble Codes,MEDIUM,Diagnostic Trouble Code (DTC) 'P0562' logged by engine ECM.,2025-04-05 15:00:00,Dispatch field technician for ECM diagnostic scan and DTC 'P0562' service.
EQX1037,Fuel Remaining below 15%,MEDIUM,Low fuel remaining level (13.7%). Risk of engine air-lock if tank empties.,2025-04-06 17:00:00,Schedule mobile fuel tender dispatch to job site.
EQX1037,Fuel Remaining below 15%,MEDIUM,Low fuel remaining level (13.7%). Risk of engine air-lock if tank empties.,2025-04-06 18:00:00,Schedule mobile fuel tender dispatch to job site.
EQX1037,Fuel Remaining below 15%,MEDIUM,Low fuel remaining level (13.6%). Risk of engine air-lock if tank empties.,2025-04-06 19:00:00,Schedule mobile fuel tender dispatch to job site.
EQX1037,Fuel Remaining below 15%,MEDIUM,Low fuel remaining level (13.6%). Risk of engine air-lock if tank empties.,2025-04-06 20:00:00,Schedule mobile fuel tender dispatch to job site.
EQX1037,Fuel Remaining below 15%,MEDIUM,Low fuel remaining level (13.6%). Risk of engine air-lock if tank empties.,2025-04-06 21:00:00,Schedule mobile fuel tender dispatch to job site.
EQX1037,Fuel Remaining below 15%,MEDIUM,Low fuel remaining level (13.6%). Risk of engine air-lock if tank empties.,2025-04-06 22:00:00,Schedule mobile fuel tender dispatch to job site.
EQX1037,Fuel Remaining below 15%,MEDIUM,Low fuel remaining level (13.5%). Risk of engine air-lock if tank empties.,2025-04-06 23:00:00,Schedule mobile fuel tender dispatch to job site.
EQX1037,Fuel Remaining below 15%,MEDIUM,Low fuel remaining level (13.5%). Risk of engine air-lock if tank empties.,2025-04-07 00:00:00,Schedule mobile fuel tender dispatch to job site.
EQX1037,Fuel Remaining below 15%,MEDIUM,Low fuel remaining level (13.5%). Risk of engine air-lock if tank empties.,2025-04-07 01:00:00,Schedule mobile fuel tender dispatch to job site.
EQX1037,Fuel Remaining below 15%,MEDIUM,Low fuel remaining level (13.4%). Risk of engine air-lock if tank empties.,2025-04-07 02:00:00,Schedule mobile fuel tender dispatch to job site.
EQX1037,Diagnostic Trouble Codes,MEDIUM,Diagnostic Trouble Code (DTC) 'P0562' logged by engine ECM.,2025-04-07 03:00:00,Dispatch field technician for ECM diagnostic scan and DTC 'P0562' service.
EQX1037,Fuel Remaining below 15%,MEDIUM,Low fuel remaining level (13.4%). Risk of engine air-lock if tank empties.,2025-04-07 03:00:00,Schedule mobile fuel tender dispatch to job site.
EQX1037,Fuel Remaining below 15%,MEDIUM,Low fuel remaining level (13.4%). Risk of engine air-lock if tank empties.,2025-04-07 04:00:00,Schedule mobile fuel tender dispatch to job site.
EQX1037,Fuel Remaining below 15%,MEDIUM,Low fuel remaining level (13.4%). Risk of engine air-lock if tank empties.,2025-04-07 05:00:00,Schedule mobile fuel tender dispatch to job site.
EQX1037,Fuel Remaining below 15%,MEDIUM,Low fuel remaining level (13.3%). Risk of engine air-lock if tank empties.,2025-04-07 06:00:00,Schedule mobile fuel tender dispatch to job site.
EQX1037,Fuel Remaining below 15%,MEDIUM,Low fuel remaining level (13.3%). Risk of engine air-lock if tank empties.,2025-04-07 07:00:00,Schedule mobile fuel tender dispatch to job site.
EQX1037,Fuel Remaining below 15%,MEDIUM,Low fuel remaining level (11.9%). Risk of engine air-lock if tank empties.,2025-04-07 08:00:00,Schedule mobile fuel tender dispatch to job site.
EQX1037,Fuel Remaining below 15%,MEDIUM,Low fuel remaining level (10.6%). Risk of engine air-lock if tank empties.,2025-04-07 09:00:00,Schedule mobile fuel tender dispatch to job site.
EQX1037,Diagnostic Trouble Codes,MEDIUM,Diagnostic Trouble Code (DTC) 'P0562' logged by engine ECM.,2025-04-07 20:00:00,Dispatch field technician for ECM diagnostic scan and DTC 'P0562' service.
EQX1038,Diagnostic Trouble Codes,MEDIUM,Diagnostic Trouble Code (DTC) 'P0017' logged by engine ECM.,2025-03-14 14:00:00,Dispatch field technician for ECM diagnostic scan and DTC 'P0017' service.
EQX1038,Diagnostic Trouble Codes,MEDIUM,Diagnostic Trouble Code (DTC) 'P0017' logged by engine ECM.,2025-03-16 02:00:00,Dispatch field technician for ECM diagnostic scan and DTC 'P0017' service.
EQX1038,Fuel Remaining below 15%,MEDIUM,Low fuel remaining level (14.0%). Risk of engine air-lock if tank empties.,2025-03-18 08:00:00,Schedule mobile fuel tender dispatch to job site.
EQX1038,Fuel Remaining below 15%,MEDIUM,Low fuel remaining level (11.8%). Risk of engine air-lock if tank empties.,2025-03-18 09:00:00,Schedule mobile fuel tender dispatch to job site.
EQX1038,Fuel Remaining below 15%,MEDIUM,Low fuel remaining level (10.1%). Risk of engine air-lock if tank empties.,2025-03-18 10:00:00,Schedule mobile fuel tender dispatch to job site.
EQX1038,Diagnostic Trouble Codes,MEDIUM,Diagnostic Trouble Code (DTC) 'P0420' logged by engine ECM.,2025-03-19 06:00:00,Dispatch field technician for ECM diagnostic scan and DTC 'P0420' service.
EQX1039,Diagnostic Trouble Codes,MEDIUM,Diagnostic Trouble Code (DTC) 'P0562' logged by engine ECM.,2024-09-26 14:00:00,Dispatch field technician for ECM diagnostic scan and DTC 'P0562' service.
EQX1039,Diagnostic Trouble Codes,MEDIUM,Diagnostic Trouble Code (DTC) 'P0300' logged by engine ECM.,2024-09-27 04:00:00,Dispatch field technician for ECM diagnostic scan and DTC 'P0300' service.
EQX1039,Diagnostic Trouble Codes,MEDIUM,Diagnostic Trouble Code (DTC) 'P0420' logged by engine ECM.,2024-09-27 05:00:00,Dispatch field technician for ECM diagnostic scan and DTC 'P0420' service.
EQX1039,Diagnostic Trouble Codes,MEDIUM,Diagnostic Trouble Code (DTC) 'P0300' logged by engine ECM.,2024-09-27 11:00:00,Dispatch field technician for ECM diagnostic scan and DTC 'P0300' service.
EQX1039,Diagnostic Trouble Codes,MEDIUM,Diagnostic Trouble Code (DTC) 'P0420' logged by engine ECM.,2024-09-28 02:00:00,Dispatch field technician for ECM diagnostic scan and DTC 'P0420' service.
EQX1039,Diagnostic Trouble Codes,MEDIUM,Diagnostic Trouble Code (DTC) 'P0562' logged by engine ECM.,2024-09-28 05:00:00,Dispatch field technician for ECM diagnostic scan and DTC 'P0562' service.
EQX1039,Fuel Remaining below 15%,MEDIUM,Low fuel remaining level (13.9%). Risk of engine air-lock if tank empties.,2024-09-29 08:00:00,Schedule mobile fuel tender dispatch to job site.
EQX1039,Fuel Remaining below 15%,MEDIUM,Low fuel remaining level (11.9%). Risk of engine air-lock if tank empties.,2024-09-29 09:00:00,Schedule mobile fuel tender dispatch to job site.
EQX1039,Diagnostic Trouble Codes,MEDIUM,Diagnostic Trouble Code (DTC) 'P0017' logged by engine ECM.,2024-09-30 00:00:00,Dispatch field technician for ECM diagnostic scan and DTC 'P0017' service.
EQX1040,Diagnostic Trouble Codes,MEDIUM,Diagnostic Trouble Code (DTC) 'P0300' logged by engine ECM.,2025-05-31 10:00:00,Dispatch field technician for ECM diagnostic scan and DTC 'P0300' service.
EQX1040,Diagnostic Trouble Codes,MEDIUM,Diagnostic Trouble Code (DTC) 'P0562' logged by engine ECM.,2025-05-31 17:00:00,Dispatch field technician for ECM diagnostic scan and DTC 'P0562' service.
EQX1040,Diagnostic Trouble Codes,MEDIUM,Diagnostic Trouble Code (DTC) 'P0420' logged by engine ECM.,2025-05-31 23:00:00,Dispatch field technician for ECM diagnostic scan and DTC 'P0420' service.
EQX1040,Diagnostic Trouble Codes,MEDIUM,Diagnostic Trouble Code (DTC) 'P0562' logged by engine ECM.,2025-06-01 01:00:00,Dispatch field technician for ECM diagnostic scan and DTC 'P0562' service.
EQX1040,Diagnostic Trouble Codes,MEDIUM,Diagnostic Trouble Code (DTC) 'P0300' logged by engine ECM.,2025-06-01 02:00:00,Dispatch field technician for ECM diagnostic scan and DTC 'P0300' service.
EQX1040,Diagnostic Trouble Codes,MEDIUM,Diagnostic Trouble Code (DTC) 'P0017' logged by engine ECM.,2025-06-01 16:00:00,Dispatch field technician for ECM diagnostic scan and DTC 'P0017' service.
EQX1040,Diagnostic Trouble Codes,MEDIUM,Diagnostic Trouble Code (DTC) 'P0300' logged by engine ECM.,2025-06-02 07:00:00,Dispatch field technician for ECM diagnostic scan and DTC 'P0300' service.
EQX1040,Diagnostic Trouble Codes,MEDIUM,Diagnostic Trouble Code (DTC) 'P0300' logged by engine ECM.,2025-06-02 15:00:00,Dispatch field technician for ECM diagnostic scan and DTC 'P0300' service.
EQX1040,Fuel Remaining below 15%,MEDIUM,Low fuel remaining level (13.3%). Risk of engine air-lock if tank empties.,2025-06-02 17:00:00,Schedule mobile fuel tender dispatch to job site.
EQX1040,Fuel Remaining below 15%,MEDIUM,Low fuel remaining level (13.2%). Risk of engine air-lock if tank empties.,2025-06-02 18:00:00,Schedule mobile fuel tender dispatch to job site.
EQX1040,Fuel Remaining below 15%,MEDIUM,Low fuel remaining level (13.2%). Risk of engine air-lock if tank empties.,2025-06-02 19:00:00,Schedule mobile fuel tender dispatch to job site.
EQX1040,Fuel Remaining below 15%,MEDIUM,Low fuel remaining level (13.2%). Risk of engine air-lock if tank empties.,2025-06-02 20:00:00,Schedule mobile fuel tender dispatch to job site.
EQX1040,Fuel Remaining below 15%,MEDIUM,Low fuel remaining level (13.1%). Risk of engine air-lock if tank empties.,2025-06-02 21:00:00,Schedule mobile fuel tender dispatch to job site.
EQX1040,Fuel Remaining below 15%,MEDIUM,Low fuel remaining level (13.1%). Risk of engine air-lock if tank empties.,2025-06-02 22:00:00,Schedule mobile fuel tender dispatch to job site.
EQX1040,Diagnostic Trouble Codes,MEDIUM,Diagnostic Trouble Code (DTC) 'P0562' logged by engine ECM.,2025-06-02 23:00:00,Dispatch field technician for ECM diagnostic scan and DTC 'P0562' service.
EQX1040,Fuel Remaining below 15%,MEDIUM,Low fuel remaining level (13.1%). Risk of engine air-lock if tank empties.,2025-06-02 23:00:00,Schedule mobile fuel tender dispatch to job site.
EQX1040,Fuel Remaining below 15%,MEDIUM,Low fuel remaining level (13.1%). Risk of engine air-lock if tank empties.,2025-06-03 00:00:00,Schedule mobile fuel tender dispatch to job site.
EQX1040,Fuel Remaining below 15%,MEDIUM,Low fuel remaining level (13.0%). Risk of engine air-lock if tank empties.,2025-06-03 01:00:00,Schedule mobile fuel tender dispatch to job site.
EQX1040,Fuel Remaining below 15%,MEDIUM,Low fuel remaining level (13.0%). Risk of engine air-lock if tank empties.,2025-06-03 02:00:00,Schedule mobile fuel tender dispatch to job site.
EQX1040,Fuel Remaining below 15%,MEDIUM,Low fuel remaining level (13.0%). Risk of engine air-lock if tank empties.,2025-06-03 03:00:00,Schedule mobile fuel tender dispatch to job site.
EQX1040,Fuel Remaining below 15%,MEDIUM,Low fuel remaining level (12.9%). Risk of engine air-lock if tank empties.,2025-06-03 04:00:00,Schedule mobile fuel tender dispatch to job site.
EQX1040,Fuel Remaining below 15%,MEDIUM,Low fuel remaining level (12.9%). Risk of engine air-lock if tank empties.,2025-06-03 05:00:00,Schedule mobile fuel tender dispatch to job site.
EQX1040,Fuel Remaining below 15%,MEDIUM,Low fuel remaining level (12.9%). Risk of engine air-lock if tank empties.,2025-06-03 06:00:00,Schedule mobile fuel tender dispatch to job site.
EQX1040,Fuel Remaining below 15%,MEDIUM,Low fuel remaining level (12.9%). Risk of engine air-lock if tank empties.,2025-06-03 07:00:00,Schedule mobile fuel tender dispatch to job site.
EQX1040,Fuel Remaining below 15%,MEDIUM,Low fuel remaining level (11.0%). Risk of engine air-lock if tank empties.,2025-06-03 08:00:00,Schedule mobile fuel tender dispatch to job site.
EQX1040,Diagnostic Trouble Codes,MEDIUM,Diagnostic Trouble Code (DTC) 'P0017' logged by engine ECM.,2025-06-04 06:00:00,Dispatch field technician for ECM diagnostic scan and DTC 'P0017' service.
