Telemetry_ID,Timestamp,Equipment_ID,Latitude,Longitude,Speed,Operating_Hours,Engine_Hours,Idle_Hours,Fuel_Used_Total,Fuel_Used_Last_24H,Fuel_Remaining_Percentage,DEF_Remaining_Percentage,Engine_Condition,Load_Count,Payload_Total,Diagnostic_Trouble_Code,GPS_Status,Ignition_Status
TEL-10001,2024-10-28 08:00:00,EQX1001,40.583822,-122.389313,6.8,2382.2,2382.2,1016.5,28258.2,169.7,83.0,71.3,GOOD,29,52.5,,ONLINE,ON
TEL-10002,2024-10-28 09:00:00,EQX1001,40.591472,-122.39273,31.5,2382.7,2382.7,1016.6,28262.9,112.8,81.6,71.2,GOOD,30,261.7,,ONLINE,ON
TEL-10003,2024-10-28 10:00:00,EQX1001,40.587528,-122.387415,13.7,2383.2,2383.2,1016.7,28267.0,99.6,80.5,71.1,GOOD,20,163.0,,ONLINE,ON
TEL-10004,2024-10-28 11:00:00,EQX1001,40.58618,-122.394772,19.8,2383.7,2383.7,1016.8,28274.8,186.0,78.2,71.0,GOOD,14,194.5,,ONLINE,ON
TEL-10005,2024-10-28 12:00:00,EQX1001,40.58445,-122.389956,26.6,2384.2,2384.2,1016.9,28278.8,97.4,77.1,70.9,GOOD,20,269.1,,ONLINE,ON
TEL-10006,2024-10-28 13:00:00,EQX1001,40.588193,-122.394852,29.8,2384.7,2384.7,1017.0,28284.9,145.4,75.3,70.8,GOOD,7,2.0,,ONLINE,ON
TEL-10007,2024-10-28 14:00:00,EQX1001,40.584796,-122.390875,16.5,2385.2,2385.2,1017.1,28290.7,139.0,73.7,70.7,GOOD,11,207.8,,ONLINE,ON
TEL-10008,2024-10-28 15:00:00,EQX1001,40.585554,-122.391675,6.9,2385.7,2385.7,1017.2,28295.2,107.3,72.4,70.6,GOOD,9,207.1,,ONLINE,ON
TEL-10009,2024-10-28 16:00:00,EQX1001,40.583708,-122.387126,24.2,2386.2,2386.2,1017.3,28302.9,186.2,70.2,70.5,GOOD,19,112.1,,ONLINE,ON
TEL-10010,2024-10-28 17:00:00,EQX1001,40.58952,-122.388444,26.1,2386.7,2386.7,1017.4,28310.6,183.6,68.0,70.4,GOOD,19,261.9,,ONLINE,ON
TEL-10011,2024-10-28 18:00:00,EQX1001,40.5865,-122.3917,0.0,2386.7,2386.7,1017.4,28310.7,2.4,68.0,70.3,GOOD,2,275.2,,ONLINE,OFF
TEL-10012,2024-10-28 19:00:00,EQX1001,40.5865,-122.3917,0.0,2386.7,2386.7,1017.4,28310.8,2.4,68.0,70.2,GOOD,6,171.8,,ONLINE,OFF
TEL-10013,2024-10-28 20:00:00,EQX1001,40.5865,-122.3917,0.0,2386.7,2386.7,1017.4,28310.9,2.4,67.9,70.1,GOOD,3,204.1,,ONLINE,OFF
TEL-10014,2024-10-28 21:00:00,EQX1001,40.5865,-122.3917,0.0,2386.7,2386.7,1017.4,28311.0,2.4,67.9,70.0,GOOD,14,242.6,,ONLINE,OFF
TEL-10015,2024-10-28 22:00:00,EQX1001,40.5865,-122.3917,0.0,2386.7,2386.7,1017.4,28311.1,2.4,67.9,69.9,GOOD,1,167.6,,ONLINE,OFF
TEL-10016,2024-10-28 23:00:00,EQX1001,40.5865,-122.3917,0.0,2386.7,2386.7,1017.4,28311.2,2.4,67.8,69.8,GOOD,8,244.9,,ONLINE,OFF
TEL-10017,2024-10-29 00:00:00,EQX1001,40.5865,-122.3917,0.0,2386.7,2386.7,1017.4,28311.3,2.4,67.8,69.7,GOOD,11,210.1,,ONLINE,OFF
TEL-10018,2024-10-29 01:00:00,EQX1001,40.5865,-122.3917,0.0,2386.7,2386.7,1017.4,28311.4,2.4,67.8,69.6,GOOD,29,141.6,,ONLINE,OFF
TEL-10019,2024-10-29 02:00:00,EQX1001,40.5865,-122.3917,0.0,2386.7,2386.7,1017.4,28311.5,2.4,67.8,69.5,GOOD,20,293.5,,ONLINE,OFF
TEL-10020,2024-10-29 03:00:00,EQX1001,40.5865,-122.3917,0.0,2386.7,2386.7,1017.4,28311.6,2.4,67.7,69.4,GOOD,12,134.6,,ONLINE,OFF
TEL-10021,2024-10-29 04:00:00,EQX1001,40.5865,-122.3917,0.0,2386.7,2386.7,1017.4,28311.7,2.4,67.7,69.3,GOOD,30,198.5,,ONLINE,OFF
TEL-10022,2024-10-29 05:00:00,EQX1001,40.5865,-122.3917,0.0,2386.7,2386.7,1017.4,28311.8,2.4,67.7,69.2,GOOD,5,297.9,,ONLINE,OFF
TEL-10023,2024-10-29 06:00:00,EQX1001,40.5865,-122.3917,0.0,2386.7,2386.7,1017.4,28311.9,2.4,67.6,69.1,GOOD,26,1.0,,ONLINE,OFF
TEL-10024,2024-10-29 07:00:00,EQX1001,40.5865,-122.3917,0.0,2386.7,2386.7,1017.4,28312.0,2.4,67.6,69.0,GOOD,17,127.2,,OFFLINE,OFF
TEL-10025,2024-10-29 08:00:00,EQX1001,40.583051,-122.394815,16.4,2387.2,2387.2,1017.5,28316.9,118.1,66.2,68.9,GOOD,1,242.8,,ONLINE,ON
TEL-10026,2024-10-29 09:00:00,EQX1001,40.581656,-122.394639,17.6,2387.7,2387.7,1017.6,28323.9,169.4,64.2,68.8,GOOD,19,201.6,,ONLINE,ON
TEL-10027,2024-10-29 10:00:00,EQX1001,40.58589,-122.391302,31.2,2388.2,2388.2,1017.7,28328.9,119.5,62.8,68.7,GOOD,4,151.2,,ONLINE,ON
TEL-10028,2024-10-29 11:00:00,EQX1001,40.584689,-122.390721,13.7,2388.7,2388.7,1017.8,28336.2,174.2,60.7,68.6,GOOD,9,262.9,,ONLINE,ON
TEL-10029,2024-10-29 12:00:00,EQX1001,40.584252,-122.391133,34.6,2389.2,2389.2,1017.9,28342.3,146.2,59.0,68.5,GOOD,5,187.8,,ONLINE,ON
TEL-10030,2024-10-29 13:00:00,EQX1001,40.590916,-122.389987,17.8,2389.7,2389.7,1018.0,28348.2,143.5,57.2,68.4,GOOD,13,122.5,,ONLINE,ON
TEL-10031,2024-10-29 14:00:00,EQX1001,40.58391,-122.394447,14.0,2390.2,2390.2,1018.1,28353.0,113.8,55.9,68.3,GOOD,14,274.4,,ONLINE,ON
TEL-10032,2024-10-29 15:00:00,EQX1001,40.582841,-122.394271,21.9,2390.7,2390.7,1018.2,28360.9,188.9,53.6,68.2,GOOD,29,134.9,,ONLINE,ON
TEL-10033,2024-10-29 16:00:00,EQX1001,40.582015,-122.392928,16.1,2391.2,2391.2,1018.3,28367.0,147.4,51.9,68.1,GOOD,2,56.4,,ONLINE,ON
TEL-10034,2024-10-29 17:00:00,EQX1001,40.586294,-122.388005,27.9,2391.7,2391.7,1018.4,28373.9,165.6,49.9,68.0,GOOD,0,63.5,,ONLINE,ON
TEL-10035,2024-10-29 18:00:00,EQX1001,40.5865,-122.3917,0.0,2391.7,2391.7,1018.4,28374.0,2.4,49.9,67.9,GOOD,24,143.7,,ONLINE,OFF
TEL-10036,2024-10-29 19:00:00,EQX1001,40.5865,-122.3917,0.0,2391.7,2391.7,1018.4,28374.1,2.4,49.9,67.8,GOOD,29,71.8,,ONLINE,OFF
TEL-10037,2024-10-29 20:00:00,EQX1001,40.5865,-122.3917,0.0,2391.7,2391.7,1018.4,28374.2,2.4,49.8,67.7,GOOD,20,107.8,,ONLINE,OFF
TEL-10038,2024-10-29 21:00:00,EQX1001,40.5865,-122.3917,0.0,2391.7,2391.7,1018.4,28374.3,2.4,49.8,67.6,GOOD,3,240.8,,ONLINE,OFF
TEL-10039,2024-10-29 22:00:00,EQX1001,40.5865,-122.3917,0.0,2391.7,2391.7,1018.4,28374.4,2.4,49.8,67.5,GOOD,6,111.2,,ONLINE,OFF
TEL-10040,2024-10-29 23:00:00,EQX1001,40.5865,-122.3917,0.0,2391.7,2391.7,1018.4,28374.5,2.4,49.7,67.4,GOOD,4,4.9,,ONLINE,OFF
TEL-10041,2024-10-30 00:00:00,EQX1001,40.5865,-122.3917,0.0,2391.7,2391.7,1018.4,28374.6,2.4,49.7,67.3,GOOD,9,45.7,,ONLINE,OFF
TEL-10042,2024-10-30 01:00:00,EQX1001,40.5865,-122.3917,0.0,2391.7,2391.7,1018.4,28374.7,2.4,49.7,67.2,GOOD,15,165.2,,ONLINE,OFF
TEL-10043,2024-10-30 02:00:00,EQX1001,40.5865,-122.3917,0.0,2391.7,2391.7,1018.4,28374.8,2.4,49.7,67.1,GOOD,15,290.0,,ONLINE,OFF
TEL-10044,2024-10-30 03:00:00,EQX1001,40.5865,-122.3917,0.0,2391.7,2391.7,1018.4,28374.9,2.4,49.6,67.0,GOOD,25,105.7,,ONLINE,OFF
TEL-10045,2024-10-30 04:00:00,EQX1001,40.5865,-122.3917,0.0,2391.7,2391.7,1018.4,28375.0,2.4,49.6,66.9,GOOD,28,162.6,,ONLINE,OFF
TEL-10046,2024-10-30 05:00:00,EQX1001,40.5865,-122.3917,0.0,2391.7,2391.7,1018.4,28375.1,2.4,49.6,66.8,GOOD,27,22.3,,ONLINE,OFF
TEL-10047,2024-10-30 06:00:00,EQX1001,40.5865,-122.3917,0.0,2391.7,2391.7,1018.4,28375.2,2.4,49.5,66.7,WARNING,13,41.2,P0017,ONLINE,OFF
TEL-10048,2024-10-30 07:00:00,EQX1001,40.5865,-122.3917,0.0,2391.7,2391.7,1018.4,28375.3,2.4,49.5,66.6,GOOD,6,151.7,,ONLINE,OFF
TEL-10049,2024-10-30 08:00:00,EQX1001,40.587665,-122.391868,16.2,2392.2,2392.2,1018.5,28381.8,155.3,47.7,66.5,CRITICAL,13,3.6,P0420,ONLINE,ON
TEL-10050,2024-10-30 09:00:00,EQX1001,40.581671,-122.388568,20.9,2392.7,2392.7,1018.6,28386.9,122.4,46.2,66.4,GOOD,29,53.8,,ONLINE,ON
TEL-10051,2024-10-30 10:00:00,EQX1001,40.587698,-122.394176,32.5,2393.2,2393.2,1018.7,28393.0,146.4,44.5,66.3,GOOD,2,111.9,,ONLINE,ON
TEL-10052,2024-10-30 11:00:00,EQX1001,40.583759,-122.38986,17.2,2393.7,2393.7,1018.8,28399.2,150.2,42.7,66.2,GOOD,27,195.0,,ONLINE,ON
TEL-10053,2024-10-30 12:00:00,EQX1001,40.58626,-122.390333,6.0,2394.2,2394.2,1018.9,28404.8,134.9,41.1,66.1,GOOD,27,130.2,,ONLINE,ON
TEL-10054,2024-10-30 13:00:00,EQX1001,40.582454,-122.391418,28.5,2394.7,2394.7,1019.0,28411.1,150.2,39.3,66.0,WARNING,28,260.4,P0087,ONLINE,ON
TEL-10055,2024-10-30 14:00:00,EQX1001,40.582243,-122.387444,31.6,2395.2,2395.2,1019.1,28417.0,141.6,37.6,65.9,GOOD,1,53.8,,ONLINE,ON
TEL-10056,2024-10-30 15:00:00,EQX1001,40.582942,-122.388493,30.5,2395.7,2395.7,1019.2,28421.1,97.4,36.4,65.8,GOOD,9,48.7,,ONLINE,ON
TEL-10057,2024-10-30 16:00:00,EQX1001,40.590465,-122.393383,12.2,2396.2,2396.2,1019.3,28428.4,176.2,34.3,65.7,GOOD,22,217.2,,ONLINE,ON
TEL-10058,2024-10-30 17:00:00,EQX1001,40.585871,-122.388313,20.0,2396.7,2396.7,1019.4,28436.3,189.6,32.1,65.6,GOOD,30,178.7,,ONLINE,ON
TEL-10059,2024-10-30 18:00:00,EQX1001,40.5865,-122.3917,0.0,2396.7,2396.7,1019.4,28436.4,2.4,32.1,65.5,GOOD,25,297.8,,ONLINE,OFF
TEL-10060,2024-10-30 19:00:00,EQX1001,40.5865,-122.3917,0.0,2396.7,2396.7,1019.4,28436.5,2.4,32.0,65.4,GOOD,13,55.7,,ONLINE,OFF
TEL-10061,2024-10-30 20:00:00,EQX1001,40.5865,-122.3917,0.0,2396.7,2396.7,1019.4,28436.6,2.4,32.0,65.3,GOOD,9,239.4,,ONLINE,OFF
TEL-10062,2024-10-30 21:00:00,EQX1001,40.5865,-122.3917,0.0,2396.7,2396.7,1019.4,28436.7,2.4,32.0,65.2,GOOD,22,235.2,,ONLINE,OFF
TEL-10063,2024-10-30 22:00:00,EQX1001,40.5865,-122.3917,0.0,2396.7,2396.7,1019.4,28436.8,2.4,31.9,65.1,GOOD,2,1.6,,ONLINE,OFF
TEL-10064,2024-10-30 23:00:00,EQX1001,40.5865,-122.3917,0.0,2396.7,2396.7,1019.4,28436.9,2.4,31.9,65.0,GOOD,4,26.2,,ONLINE,OFF
TEL-10065,2024-10-31 00:00:00,EQX1001,40.5865,-122.3917,0.0,2396.7,2396.7,1019.4,28437.0,2.4,31.9,64.9,GOOD,3,7.9,,ONLINE,OFF
TEL-10066,2024-10-31 01:00:00,EQX1001,40.5865,-122.3917,0.0,2396.7,2396.7,1019.4,28437.1,2.4,31.9,64.8,GOOD,10,259.1,,ONLINE,OFF
TEL-10067,2024-10-31 02:00:00,EQX1001,40.5865,-122.3917,0.0,2396.7,2396.7,1019.4,28437.2,2.4,31.8,64.7,GOOD,23,270.3,,OFFLINE,OFF
TEL-10068,2024-10-31 03:00:00,EQX1001,40.5865,-122.3917,0.0,2396.7,2396.7,1019.4,28437.3,2.4,31.8,64.6,GOOD,5,205.6,,ONLINE,OFF
TEL-10069,2024-10-31 04:00:00,EQX1001,40.5865,-122.3917,0.0,2396.7,2396.7,1019.4,28437.4,2.4,31.8,64.5,GOOD,4,19.0,,ONLINE,OFF
TEL-10070,2024-10-31 05:00:00,EQX1001,40.5865,-122.3917,0.0,2396.7,2396.7,1019.4,28437.5,2.4,31.7,64.4,GOOD,2,108.3,,ONLINE,OFF
TEL-10071,2024-10-31 06:00:00,EQX1001,40.5865,-122.3917,0.0,2396.7,2396.7,1019.4,28437.6,2.4,31.7,64.3,GOOD,19,58.7,,ONLINE,OFF
TEL-10072,2024-10-31 07:00:00,EQX1001,40.5865,-122.3917,0.0,2396.7,2396.7,1019.4,28437.7,2.4,31.7,64.2,GOOD,10,252.5,,ONLINE,OFF
TEL-10073,2024-10-31 08:00:00,EQX1001,40.585806,-122.388465,16.4,2397.2,2397.2,1019.5,28445.2,178.8,29.6,64.1,GOOD,9,96.2,,ONLINE,ON
TEL-10074,2024-10-31 09:00:00,EQX1001,40.591146,-122.387013,33.4,2397.7,2397.7,1019.6,28450.0,115.2,28.2,64.0,GOOD,15,290.3,,ONLINE,ON
TEL-10075,2024-10-31 10:00:00,EQX1001,40.589359,-122.39305,28.5,2398.2,2398.2,1019.7,28455.3,127.2,26.7,63.9,GOOD,17,54.0,,ONLINE,ON
TEL-10076,2024-10-31 11:00:00,EQX1001,40.59093,-122.394604,28.0,2398.7,2398.7,1019.8,28459.4,98.6,25.5,63.8,GOOD,2,245.7,,ONLINE,ON
TEL-10077,2024-10-31 12:00:00,EQX1001,40.587833,-122.39428,28.9,2399.2,2399.2,1019.9,28465.0,135.4,23.9,63.7,GOOD,25,113.1,,ONLINE,ON
TEL-10078,2024-10-31 13:00:00,EQX1001,40.586844,-122.387465,18.5,2399.7,2399.7,1020.0,28471.4,153.4,22.1,63.6,GOOD,1,237.2,,ONLINE,ON
TEL-10079,2024-10-31 14:00:00,EQX1001,40.587882,-122.39585,15.8,2400.2,2400.2,1020.1,28479.0,181.9,19.9,63.5,GOOD,11,49.9,,ONLINE,ON
TEL-10080,2024-10-31 15:00:00,EQX1001,40.587967,-122.387032,23.4,2400.7,2400.7,1020.2,28485.2,150.0,18.1,63.4,GOOD,3,3.2,,ONLINE,ON
TEL-10081,2024-10-31 16:00:00,EQX1001,40.587305,-122.390948,12.8,2401.2,2401.2,1020.3,28491.3,145.0,16.4,63.3,GOOD,24,203.9,,ONLINE,ON
TEL-10082,2024-10-31 17:00:00,EQX1001,40.586328,-122.393746,25.7,2401.7,2401.7,1020.4,28495.9,110.4,15.1,63.2,GOOD,26,282.2,,ONLINE,ON
TEL-10083,2024-10-31 18:00:00,EQX1001,40.5865,-122.3917,0.0,2401.7,2401.7,1020.4,28496.0,2.4,15.0,63.1,GOOD,6,156.3,,ONLINE,OFF
TEL-10084,2024-10-31 19:00:00,EQX1001,40.5865,-122.3917,0.0,2401.7,2401.7,1020.4,28496.1,2.4,15.0,63.0,GOOD,14,95.7,,ONLINE,OFF
TEL-10085,2024-10-31 20:00:00,EQX1001,40.5865,-122.3917,0.0,2401.7,2401.7,1020.4,28496.2,2.4,15.0,62.9,GOOD,27,102.9,,ONLINE,OFF
TEL-10086,2024-10-31 21:00:00,EQX1001,40.5865,-122.3917,0.0,2401.7,2401.7,1020.4,28496.3,2.4,15.0,62.8,GOOD,23,73.2,,ONLINE,OFF
TEL-10087,2024-10-31 22:00:00,EQX1001,40.5865,-122.3917,0.0,2401.7,2401.7,1020.4,28496.4,2.4,14.9,62.7,GOOD,30,138.6,,ONLINE,OFF
TEL-10088,2024-10-31 23:00:00,EQX1001,40.5865,-122.3917,0.0,2401.7,2401.7,1020.4,28496.5,2.4,14.9,62.6,GOOD,21,129.6,,ONLINE,OFF
TEL-10089,2024-11-01 00:00:00,EQX1001,40.5865,-122.3917,0.0,2401.7,2401.7,1020.4,28496.6,2.4,14.9,62.5,GOOD,18,128.9,,OFFLINE,OFF
TEL-10090,2024-11-01 01:00:00,EQX1001,40.5865,-122.3917,0.0,2401.7,2401.7,1020.4,28496.7,2.4,14.8,62.4,GOOD,22,242.6,,OFFLINE,OFF
TEL-10091,2024-11-01 02:00:00,EQX1001,40.5865,-122.3917,0.0,2401.7,2401.7,1020.4,28496.8,2.4,14.8,62.3,GOOD,5,109.7,,ONLINE,OFF
TEL-10092,2024-11-01 03:00:00,EQX1001,40.5865,-122.3917,0.0,2401.7,2401.7,1020.4,28496.9,2.4,14.8,62.2,GOOD,15,158.3,,ONLINE,OFF
TEL-10093,2024-11-01 04:00:00,EQX1001,40.5865,-122.3917,0.0,2401.7,2401.7,1020.4,28497.0,2.4,14.8,62.1,GOOD,18,34.3,,ONLINE,OFF
TEL-10094,2024-11-01 05:00:00,EQX1001,40.5865,-122.3917,0.0,2401.7,2401.7,1020.4,28497.1,2.4,14.7,62.0,GOOD,21,211.8,,ONLINE,OFF
TEL-10095,2024-11-01 06:00:00,EQX1001,40.5865,-122.3917,0.0,2401.7,2401.7,1020.4,28497.2,2.4,14.7,61.9,GOOD,4,94.0,,ONLINE,OFF
TEL-10096,2024-11-01 07:00:00,EQX1001,40.5865,-122.3917,0.0,2401.7,2401.7,1020.4,28497.3,2.4,14.7,61.8,GOOD,4,153.2,,ONLINE,OFF
TEL-10097,2024-11-01 08:00:00,EQX1001,40.583358,-122.390345,17.5,2402.2,2402.2,1020.5,28501.8,109.2,13.4,61.7,GOOD,5,166.5,,ONLINE,ON
TEL-10098,2024-11-01 09:00:00,EQX1001,40.58601,-122.396164,19.7,2402.7,2402.7,1020.6,28506.4,109.4,12.1,61.6,CRITICAL,6,244.6,P0087,ONLINE,ON
TEL-10099,2024-11-01 10:00:00,EQX1001,40.588347,-122.392544,33.9,2403.2,2403.2,1020.7,28512.4,144.5,10.3,61.5,GOOD,2,169.6,,ONLINE,ON
TEL-10100,2024-11-01 11:00:00,EQX1001,40.583748,-122.393813,28.9,2403.7,2403.7,1020.8,28517.3,117.1,95.0,61.4,GOOD,24,229.8,,ONLINE,ON
TEL-10101,2024-11-01 12:00:00,EQX1001,40.589251,-122.388467,21.5,2404.2,2404.2,1020.9,28521.7,106.8,93.7,61.3,GOOD,1,228.0,,ONLINE,ON
TEL-10102,2024-11-01 13:00:00,EQX1001,40.58886,-122.390163,18.2,2404.7,2404.7,1021.0,28526.6,116.9,92.3,61.2,GOOD,1,134.9,,ONLINE,ON
TEL-10103,2024-11-01 14:00:00,EQX1001,40.59144,-122.388944,15.5,2405.2,2405.2,1021.1,28533.9,174.5,90.3,61.1,GOOD,18,206.7,,ONLINE,ON
TEL-10104,2024-11-01 15:00:00,EQX1001,40.587662,-122.388852,30.8,2405.7,2405.7,1021.2,28540.3,154.6,88.4,61.0,GOOD,18,105.2,,ONLINE,ON
TEL-10105,2024-11-01 16:00:00,EQX1001,40.588541,-122.393807,13.4,2406.2,2406.2,1021.3,28546.5,147.8,86.7,60.9,GOOD,28,203.8,,ONLINE,ON
TEL-10106,2024-11-01 17:00:00,EQX1001,40.590688,-122.386775,7.9,2406.7,2406.7,1021.4,28554.3,188.4,84.4,60.8,GOOD,27,39.8,,ONLINE,ON
TEL-10107,2024-11-01 18:00:00,EQX1001,40.5865,-122.3917,0.0,2406.7,2406.7,1021.4,28554.4,2.4,84.4,60.7,GOOD,26,202.9,,ONLINE,OFF
TEL-10108,2024-11-01 19:00:00,EQX1001,40.5865,-122.3917,0.0,2406.7,2406.7,1021.4,28554.5,2.4,84.4,60.6,GOOD,13,112.6,,ONLINE,OFF
TEL-10109,2024-11-01 20:00:00,EQX1001,40.5865,-122.3917,0.0,2406.7,2406.7,1021.4,28554.6,2.4,84.3,60.5,GOOD,12,154.7,,ONLINE,OFF
TEL-10110,2024-11-01 21:00:00,EQX1001,40.5865,-122.3917,0.0,2406.7,2406.7,1021.4,28554.7,2.4,84.3,60.4,GOOD,30,146.4,,ONLINE,OFF
TEL-10111,2024-11-01 22:00:00,EQX1001,40.5865,-122.3917,0.0,2406.7,2406.7,1021.4,28554.8,2.4,84.3,60.3,GOOD,2,219.3,,ONLINE,OFF
TEL-10112,2024-11-01 23:00:00,EQX1001,40.5865,-122.3917,0.0,2406.7,2406.7,1021.4,28554.9,2.4,84.2,60.2,GOOD,2,238.7,,ONLINE,OFF
TEL-10113,2024-11-02 00:00:00,EQX1001,40.5865,-122.3917,0.0,2406.7,2406.7,1021.4,28555.0,2.4,84.2,60.1,GOOD,15,80.6,,ONLINE,OFF
TEL-10114,2024-11-02 01:00:00,EQX1001,40.5865,-122.3917,0.0,2406.7,2406.7,1021.4,28555.1,2.4,84.2,60.0,GOOD,18,255.7,,ONLINE,OFF
TEL-10115,2024-11-02 02:00:00,EQX1001,40.5865,-122.3917,0.0,2406.7,2406.7,1021.4,28555.2,2.4,84.2,59.9,GOOD,1,29.9,,ONLINE,OFF
TEL-10116,2024-11-02 03:00:00,EQX1001,40.5865,-122.3917,0.0,2406.7,2406.7,1021.4,28555.3,2.4,84.1,59.8,GOOD,27,47.4,,ONLINE,OFF
TEL-10117,2024-11-02 04:00:00,EQX1001,40.5865,-122.3917,0.0,2406.7,2406.7,1021.4,28555.4,2.4,84.1,59.7,GOOD,22,272.8,,ONLINE,OFF
TEL-10118,2024-11-02 05:00:00,EQX1001,40.5865,-122.3917,0.0,2406.7,2406.7,1021.4,28555.5,2.4,84.1,59.6,GOOD,28,82.2,,ONLINE,OFF
TEL-10119,2024-11-02 06:00:00,EQX1001,40.5865,-122.3917,0.0,2406.7,2406.7,1021.4,28555.6,2.4,84.0,59.5,GOOD,28,194.7,,ONLINE,OFF
TEL-10120,2024-11-02 07:00:00,EQX1001,40.5865,-122.3917,0.0,2406.7,2406.7,1021.4,28555.7,2.4,84.0,59.4,GOOD,24,70.2,,ONLINE,OFF
TEL-10121,2024-11-02 08:00:00,EQX1001,40.586268,-122.395373,24.7,2407.2,2407.2,1021.5,28562.5,163.4,82.1,59.3,GOOD,0,2.4,,OFFLINE,ON
TEL-10122,2024-11-02 09:00:00,EQX1001,40.58844,-122.391923,15.3,2407.7,2407.7,1021.6,28567.0,107.5,80.8,59.2,GOOD,25,30.7,,ONLINE,ON
TEL-10123,2024-11-02 10:00:00,EQX1001,40.589235,-122.389168,14.4,2408.2,2408.2,1021.7,28574.5,180.5,78.6,59.1,GOOD,4,20.5,,ONLINE,ON
TEL-10124,2024-11-02 11:00:00,EQX1001,40.585012,-122.394569,21.9,2408.7,2408.7,1021.8,28581.0,154.6,76.8,59.0,GOOD,19,206.0,,ONLINE,ON
TEL-10125,2024-11-02 12:00:00,EQX1001,40.589024,-122.390804,30.8,2409.2,2409.2,1021.9,28585.3,104.4,75.6,58.9,GOOD,10,237.3,,ONLINE,ON
TEL-10126,2025-03-09 08:00:00,EQX1002,37.333468,-121.882829,26.6,1093.4,1093.4,430.0,12840.7,123.4,83.5,83.9,GOOD,19,152.9,,ONLINE,ON
TEL-10127,2025-03-09 09:00:00,EQX1002,37.342179,-121.881753,27.4,1093.9,1093.9,430.1,12845.9,124.3,82.1,83.8,GOOD,15,191.4,,ONLINE,ON
TEL-10128,2025-03-09 10:00:00,EQX1002,37.336811,-121.888135,7.1,1094.4,1094.4,430.2,12853.5,181.2,79.9,83.7,GOOD,13,109.6,,OFFLINE,ON
TEL-10129,2025-03-09 11:00:00,EQX1002,37.340904,-121.891133,25.5,1094.9,1094.9,430.3,12860.5,169.2,77.9,83.6,GOOD,1,276.8,,ONLINE,ON
TEL-10130,2025-03-09 12:00:00,EQX1002,37.340326,-121.883629,33.5,1095.4,1095.4,430.4,12866.1,134.2,76.3,83.5,GOOD,20,161.0,,ONLINE,ON
TEL-10131,2025-03-09 13:00:00,EQX1002,37.338313,-121.889268,23.5,1095.9,1095.9,430.5,12871.2,122.6,74.8,83.4,GOOD,12,175.9,,ONLINE,ON
TEL-10132,2025-03-09 14:00:00,EQX1002,37.336302,-121.886925,27.9,1096.4,1096.4,430.6,12877.8,158.4,72.9,83.3,GOOD,7,25.9,,ONLINE,ON
TEL-10133,2025-03-09 15:00:00,EQX1002,37.336293,-121.883883,18.0,1096.9,1096.9,430.7,12883.6,139.4,71.3,83.2,GOOD,22,41.2,,ONLINE,ON
TEL-10134,2025-03-09 16:00:00,EQX1002,37.338372,-121.883075,5.3,1097.4,1097.4,430.8,12889.6,143.8,69.6,83.1,GOOD,23,234.3,,ONLINE,ON
TEL-10135,2025-03-09 17:00:00,EQX1002,37.333494,-121.883229,13.1,1097.9,1097.9,430.9,12897.2,181.2,67.4,83.0,GOOD,22,292.5,,ONLINE,ON
TEL-10136,2025-03-09 18:00:00,EQX1002,37.3382,-121.8863,0.0,1097.9,1097.9,430.9,12897.3,2.4,67.4,82.9,GOOD,1,149.9,,ONLINE,OFF
TEL-10137,2025-03-09 19:00:00,EQX1002,37.3382,-121.8863,0.0,1097.9,1097.9,430.9,12897.4,2.4,67.4,82.8,GOOD,3,268.3,,ONLINE,OFF
TEL-10138,2025-03-09 20:00:00,EQX1002,37.3382,-121.8863,0.0,1097.9,1097.9,430.9,12897.5,2.4,67.3,82.7,GOOD,0,13.2,,ONLINE,OFF
TEL-10139,2025-03-09 21:00:00,EQX1002,37.3382,-121.8863,0.0,1097.9,1097.9,430.9,12897.6,2.4,67.3,82.6,GOOD,12,276.1,,ONLINE,OFF
TEL-10140,2025-03-09 22:00:00,EQX1002,37.3382,-121.8863,0.0,1097.9,1097.9,430.9,12897.7,2.4,67.3,82.5,GOOD,25,274.2,,ONLINE,OFF
TEL-10141,2025-03-09 23:00:00,EQX1002,37.3382,-121.8863,0.0,1097.9,1097.9,430.9,12897.8,2.4,67.2,82.4,GOOD,13,274.8,,ONLINE,OFF
TEL-10142,2025-03-10 00:00:00,EQX1002,37.3382,-121.8863,0.0,1097.9,1097.9,430.9,12897.9,2.4,67.2,82.3,GOOD,3,150.6,,ONLINE,OFF
TEL-10143,2025-03-10 01:00:00,EQX1002,37.3382,-121.8863,0.0,1097.9,1097.9,430.9,12898.0,2.4,67.2,82.2,GOOD,1,286.2,,ONLINE,OFF
TEL-10144,2025-03-10 02:00:00,EQX1002,37.3382,-121.8863,0.0,1097.9,1097.9,430.9,12898.1,2.4,67.2,82.1,GOOD,27,93.2,,ONLINE,OFF
TEL-10145,2025-03-10 03:00:00,EQX1002,37.3382,-121.8863,0.0,1097.9,1097.9,430.9,12898.2,2.4,67.1,82.0,GOOD,9,169.1,,ONLINE,OFF
TEL-10146,2025-03-10 04:00:00,EQX1002,37.3382,-121.8863,0.0,1097.9,1097.9,430.9,12898.3,2.4,67.1,81.9,GOOD,18,291.6,,ONLINE,OFF
TEL-10147,2025-03-10 05:00:00,EQX1002,37.3382,-121.8863,0.0,1097.9,1097.9,430.9,12898.4,2.4,67.1,81.8,GOOD,17,228.1,,ONLINE,OFF
TEL-10148,2025-03-10 06:00:00,EQX1002,37.3382,-121.8863,0.0,1097.9,1097.9,430.9,12898.5,2.4,67.0,81.7,WARNING,0,69.9,P0300,ONLINE,OFF
TEL-10149,2025-03-10 07:00:00,EQX1002,37.3382,-121.8863,0.0,1097.9,1097.9,430.9,12898.6,2.4,67.0,81.6,GOOD,30,100.5,,ONLINE,OFF
TEL-10150,2025-03-10 08:00:00,EQX1002,37.336275,-121.889248,27.8,1098.4,1098.4,431.0,12904.1,132.2,65.4,81.5,GOOD,30,18.0,,ONLINE,ON
TEL-10151,2025-03-10 09:00:00,EQX1002,37.342413,-121.882327,34.9,1098.9,1098.9,431.1,12910.9,164.4,63.5,81.4,GOOD,11,137.5,,ONLINE,ON
TEL-10152,2025-03-10 10:00:00,EQX1002,37.339572,-121.887356,27.4,1099.4,1099.4,431.2,12917.3,151.7,61.7,81.3,GOOD,21,289.3,,ONLINE,ON
TEL-10153,2025-03-10 11:00:00,EQX1002,37.341208,-121.884293,12.1,1099.9,1099.9,431.3,12922.3,121.0,60.2,81.2,GOOD,8,70.1,,ONLINE,ON
TEL-10154,2025-03-10 12:00:00,EQX1002,37.33429,-121.890243,33.3,1100.4,1100.4,431.4,12926.8,109.0,58.9,81.1,GOOD,3,160.8,,ONLINE,ON
TEL-10155,2025-03-10 13:00:00,EQX1002,37.33585,-121.890101,33.9,1100.9,1100.9,431.5,12931.7,115.9,57.6,81.0,GOOD,26,211.4,,ONLINE,ON
TEL-10156,2025-03-10 14:00:00,EQX1002,37.334683,-121.884188,23.1,1101.4,1101.4,431.6,12936.5,116.6,56.2,80.9,GOOD,1,203.2,,ONLINE,ON
TEL-10157,2025-03-10 15:00:00,EQX1002,37.337244,-121.886778,12.8,1101.9,1101.9,431.7,12944.5,191.0,53.9,80.8,GOOD,14,30.6,,ONLINE,ON
TEL-10158,2025-03-10 16:00:00,EQX1002,37.34101,-121.889077,28.8,1102.4,1102.4,431.8,12949.0,107.8,52.6,80.7,GOOD,21,189.1,,ONLINE,ON
TEL-10159,2025-03-10 17:00:00,EQX1002,37.341327,-121.891082,24.3,1102.9,1102.9,431.9,12955.3,151.9,50.8,80.6,GOOD,14,242.8,,ONLINE,ON
TEL-10160,2025-03-10 18:00:00,EQX1002,37.3382,-121.8863,0.0,1102.9,1102.9,431.9,12955.4,2.4,50.8,80.5,GOOD,3,12.8,,ONLINE,OFF
TEL-10161,2025-03-10 19:00:00,EQX1002,37.3382,-121.8863,0.0,1102.9,1102.9,431.9,12955.5,2.4,50.7,80.4,GOOD,26,217.3,,ONLINE,OFF
TEL-10162,2025-03-10 20:00:00,EQX1002,37.3382,-121.8863,0.0,1102.9,1102.9,431.9,12955.6,2.4,50.7,80.3,GOOD,11,64.4,,ONLINE,OFF
TEL-10163,2025-03-10 21:00:00,EQX1002,37.3382,-121.8863,0.0,1102.9,1102.9,431.9,12955.7,2.4,50.7,80.2,GOOD,1,184.2,,ONLINE,OFF
TEL-10164,2025-03-10 22:00:00,EQX1002,37.3382,-121.8863,0.0,1102.9,1102.9,431.9,12955.8,2.4,50.7,80.1,GOOD,28,165.2,,ONLINE,OFF
TEL-10165,2025-03-10 23:00:00,EQX1002,37.3382,-121.8863,0.0,1102.9,1102.9,431.9,12955.9,2.4,50.6,80.0,GOOD,6,192.8,,ONLINE,OFF
TEL-10166,2025-03-11 00:00:00,EQX1002,37.3382,-121.8863,0.0,1102.9,1102.9,431.9,12956.0,2.4,50.6,79.9,GOOD,17,238.5,,ONLINE,OFF
TEL-10167,2025-03-11 01:00:00,EQX1002,37.3382,-121.8863,0.0,1102.9,1102.9,431.9,12956.1,2.4,50.6,79.8,GOOD,17,234.4,,ONLINE,OFF
TEL-10168,2025-03-11 02:00:00,EQX1002,37.3382,-121.8863,0.0,1102.9,1102.9,431.9,12956.2,2.4,50.5,79.7,GOOD,8,53.9,,ONLINE,OFF
TEL-10169,2025-03-11 03:00:00,EQX1002,37.3382,-121.8863,0.0,1102.9,1102.9,431.9,12956.3,2.4,50.5,79.6,GOOD,24,84.3,,ONLINE,OFF
TEL-10170,2025-03-11 04:00:00,EQX1002,37.3382,-121.8863,0.0,1102.9,1102.9,431.9,12956.4,2.4,50.5,79.5,GOOD,18,299.9,,ONLINE,OFF
TEL-10171,2025-03-11 05:00:00,EQX1002,37.3382,-121.8863,0.0,1102.9,1102.9,431.9,12956.5,2.4,50.5,79.4,GOOD,8,160.1,,ONLINE,OFF
TEL-10172,2025-03-11 06:00:00,EQX1002,37.3382,-121.8863,0.0,1102.9,1102.9,431.9,12956.6,2.4,50.4,79.3,GOOD,30,65.8,,ONLINE,OFF
TEL-10173,2025-03-11 07:00:00,EQX1002,37.3382,-121.8863,0.0,1102.9,1102.9,431.9,12956.7,2.4,50.4,79.2,GOOD,26,297.5,,ONLINE,OFF
TEL-10174,2025-03-11 08:00:00,EQX1002,37.340581,-121.887712,10.2,1103.4,1103.4,432.0,12961.7,118.8,49.0,79.1,GOOD,11,284.3,,ONLINE,ON
TEL-10175,2025-03-11 09:00:00,EQX1002,37.34308,-121.882484,21.9,1103.9,1103.9,432.1,12967.9,150.0,47.2,79.0,GOOD,15,11.4,,ONLINE,ON
TEL-10176,2025-03-11 10:00:00,EQX1002,37.33798,-121.887983,6.7,1104.4,1104.4,432.2,12974.3,153.8,45.4,78.9,GOOD,10,215.1,,OFFLINE,ON
TEL-10177,2025-03-11 11:00:00,EQX1002,37.333419,-121.885434,32.6,1104.9,1104.9,432.3,12981.7,177.1,43.3,78.8,GOOD,27,157.9,,ONLINE,ON
TEL-10178,2025-03-11 12:00:00,EQX1002,37.339821,-121.88544,15.9,1105.4,1105.4,432.4,12986.0,103.0,42.0,78.7,GOOD,5,219.7,,ONLINE,ON
TEL-10179,2025-03-11 13:00:00,EQX1002,37.336373,-121.884228,18.1,1105.9,1105.9,432.5,12992.5,157.4,40.2,78.6,GOOD,19,236.1,,ONLINE,ON
TEL-10180,2025-03-11 14:00:00,EQX1002,37.336268,-121.884415,11.7,1106.4,1106.4,432.6,12998.9,152.6,38.3,78.5,GOOD,30,210.6,,ONLINE,ON
TEL-10181,2025-03-11 15:00:00,EQX1002,37.338875,-121.889479,22.2,1106.9,1106.9,432.7,13006.3,177.6,36.2,78.4,GOOD,19,66.3,,ONLINE,ON
TEL-10182,2025-03-11 16:00:00,EQX1002,37.340653,-121.88892,22.0,1107.4,1107.4,432.8,13014.1,186.0,34.0,78.3,GOOD,28,288.9,,ONLINE,ON
TEL-10183,2025-03-11 17:00:00,EQX1002,37.336557,-121.891186,29.6,1107.9,1107.9,432.9,13020.7,160.3,32.1,78.2,GOOD,11,77.0,,ONLINE,ON
TEL-10184,2025-03-11 18:00:00,EQX1002,37.3382,-121.8863,0.0,1107.9,1107.9,432.9,13020.8,2.4,32.1,78.1,WARNING,14,219.8,P0300,ONLINE,OFF
TEL-10185,2025-03-11 19:00:00,EQX1002,37.3382,-121.8863,0.0,1107.9,1107.9,432.9,13020.9,2.4,32.0,78.0,GOOD,12,105.4,,ONLINE,OFF
TEL-10186,2025-03-11 20:00:00,EQX1002,37.3382,-121.8863,0.0,1107.9,1107.9,432.9,13021.0,2.4,32.0,77.9,GOOD,18,195.3,,ONLINE,OFF
TEL-10187,2025-03-11 21:00:00,EQX1002,37.3382,-121.8863,0.0,1107.9,1107.9,432.9,13021.1,2.4,32.0,77.8,GOOD,27,10.0,,ONLINE,OFF
TEL-10188,2025-03-11 22:00:00,EQX1002,37.3382,-121.8863,0.0,1107.9,1107.9,432.9,13021.2,2.4,32.0,77.7,GOOD,10,51.0,,OFFLINE,OFF
TEL-10189,2025-03-11 23:00:00,EQX1002,37.3382,-121.8863,0.0,1107.9,1107.9,432.9,13021.3,2.4,31.9,77.6,GOOD,28,293.4,,ONLINE,OFF
TEL-10190,2025-03-12 00:00:00,EQX1002,37.3382,-121.8863,0.0,1107.9,1107.9,432.9,13021.4,2.4,31.9,77.5,GOOD,22,9.3,,ONLINE,OFF
TEL-10191,2025-03-12 01:00:00,EQX1002,37.3382,-121.8863,0.0,1107.9,1107.9,432.9,13021.5,2.4,31.9,77.4,GOOD,5,16.1,,ONLINE,OFF
TEL-10192,2025-03-12 02:00:00,EQX1002,37.3382,-121.8863,0.0,1107.9,1107.9,432.9,13021.6,2.4,31.8,77.3,GOOD,17,216.6,,ONLINE,OFF
TEL-10193,2025-03-12 03:00:00,EQX1002,37.3382,-121.8863,0.0,1107.9,1107.9,432.9,13021.7,2.4,31.8,77.2,GOOD,7,28.8,,ONLINE,OFF
TEL-10194,2025-03-12 04:00:00,EQX1002,37.3382,-121.8863,0.0,1107.9,1107.9,432.9,13021.8,2.4,31.8,77.1,GOOD,1,108.2,,ONLINE,OFF
TEL-10195,2025-03-12 05:00:00,EQX1002,37.3382,-121.8863,0.0,1107.9,1107.9,432.9,13021.9,2.4,31.8,77.0,GOOD,19,144.1,,ONLINE,OFF
TEL-10196,2025-03-12 06:00:00,EQX1002,37.3382,-121.8863,0.0,1107.9,1107.9,432.9,13022.0,2.4,31.7,76.9,GOOD,2,142.1,,ONLINE,OFF
TEL-10197,2025-03-12 07:00:00,EQX1002,37.3382,-121.8863,0.0,1107.9,1107.9,432.9,13022.1,2.4,31.7,76.8,GOOD,28,198.3,,ONLINE,OFF
TEL-10198,2025-03-12 08:00:00,EQX1002,37.342055,-121.887606,7.7,1108.4,1108.4,433.0,13028.3,148.3,29.9,76.7,GOOD,14,79.0,,ONLINE,ON
TEL-10199,2025-03-12 09:00:00,EQX1002,37.340165,-121.890333,30.1,1108.9,1108.9,433.1,13034.6,150.2,28.2,76.6,GOOD,13,291.2,,ONLINE,ON
TEL-10200,2025-03-12 10:00:00,EQX1002,37.341384,-121.887114,22.7,1109.4,1109.4,433.2,13040.8,149.0,26.4,76.5,GOOD,15,171.8,,ONLINE,ON
TEL-10201,2025-03-12 11:00:00,EQX1002,37.341739,-121.890953,12.1,1109.9,1109.9,433.3,13046.0,124.8,24.9,76.4,GOOD,18,203.3,,ONLINE,ON
TEL-10202,2025-03-12 12:00:00,EQX1002,37.334929,-121.881456,23.6,1110.4,1110.4,433.4,13050.5,107.5,23.6,76.3,GOOD,4,12.8,,ONLINE,ON
TEL-10203,2025-03-12 13:00:00,EQX1002,37.341426,-121.889821,7.4,1110.9,1110.9,433.5,13057.2,161.5,21.7,76.2,GOOD,23,274.3,,ONLINE,ON
TEL-10204,2025-03-12 14:00:00,EQX1002,37.336461,-121.888538,7.0,1111.4,1111.4,433.6,13062.7,133.2,20.1,76.1,GOOD,25,210.1,,ONLINE,ON
TEL-10205,2025-03-12 15:00:00,EQX1002,37.334696,-121.885634,22.6,1111.9,1111.9,433.7,13069.9,171.1,18.1,76.0,GOOD,3,277.5,,ONLINE,ON
TEL-10206,2025-03-12 16:00:00,EQX1002,37.338556,-121.887861,21.9,1112.4,1112.4,433.8,13074.3,105.6,16.8,75.9,GOOD,15,171.6,,ONLINE,ON
TEL-10207,2025-03-12 17:00:00,EQX1002,37.339382,-121.884492,19.2,1112.9,1112.9,433.9,13079.0,112.6,15.5,75.8,GOOD,28,99.4,,ONLINE,ON
TEL-10208,2025-03-12 18:00:00,EQX1002,37.3382,-121.8863,0.0,1112.9,1112.9,433.9,13079.1,2.4,15.4,75.7,GOOD,28,111.7,,ONLINE,OFF
TEL-10209,2025-03-12 19:00:00,EQX1002,37.3382,-121.8863,0.0,1112.9,1112.9,433.9,13079.2,2.4,15.4,75.6,GOOD,26,147.5,,ONLINE,OFF
TEL-10210,2025-03-12 20:00:00,EQX1002,37.3382,-121.8863,0.0,1112.9,1112.9,433.9,13079.3,2.4,15.4,75.5,GOOD,4,90.1,,ONLINE,OFF
TEL-10211,2025-03-12 21:00:00,EQX1002,37.3382,-121.8863,0.0,1112.9,1112.9,433.9,13079.4,2.4,15.4,75.4,GOOD,23,125.0,,ONLINE,OFF
TEL-10212,2025-03-12 22:00:00,EQX1002,37.3382,-121.8863,0.0,1112.9,1112.9,433.9,13079.5,2.4,15.3,75.3,GOOD,26,122.2,,ONLINE,OFF
TEL-10213,2025-03-12 23:00:00,EQX1002,37.3382,-121.8863,0.0,1112.9,1112.9,433.9,13079.6,2.4,15.3,75.2,GOOD,1,154.6,,ONLINE,OFF
TEL-10214,2025-03-13 00:00:00,EQX1002,37.3382,-121.8863,0.0,1112.9,1112.9,433.9,13079.7,2.4,15.3,75.1,GOOD,4,234.2,,ONLINE,OFF
TEL-10215,2025-03-13 01:00:00,EQX1002,37.3382,-121.8863,0.0,1112.9,1112.9,433.9,13079.8,2.4,15.2,75.0,GOOD,28,249.9,,ONLINE,OFF
TEL-10216,2025-03-13 02:00:00,EQX1002,37.3382,-121.8863,0.0,1112.9,1112.9,433.9,13079.9,2.4,15.2,74.9,GOOD,29,108.1,,ONLINE,OFF
TEL-10217,2025-03-13 03:00:00,EQX1002,37.3382,-121.8863,0.0,1112.9,1112.9,433.9,13080.0,2.4,15.2,74.8,GOOD,12,190.6,,ONLINE,OFF
TEL-10218,2025-03-13 04:00:00,EQX1002,37.3382,-121.8863,0.0,1112.9,1112.9,433.9,13080.1,2.4,15.2,74.7,WARNING,15,178.2,P0217,ONLINE,OFF
TEL-10219,2025-03-13 05:00:00,EQX1002,37.3382,-121.8863,0.0,1112.9,1112.9,433.9,13080.2,2.4,15.1,74.6,GOOD,11,103.3,,ONLINE,OFF
TEL-10220,2025-03-13 06:00:00,EQX1002,37.3382,-121.8863,0.0,1112.9,1112.9,433.9,13080.3,2.4,15.1,74.5,GOOD,2,85.5,,ONLINE,OFF
TEL-10221,2025-03-13 07:00:00,EQX1002,37.3382,-121.8863,0.0,1112.9,1112.9,433.9,13080.4,2.4,15.1,74.4,GOOD,30,64.3,,ONLINE,OFF
TEL-10222,2025-03-13 08:00:00,EQX1002,37.339716,-121.886167,11.6,1113.4,1113.4,434.0,13085.3,117.6,13.7,74.3,GOOD,21,2.7,,ONLINE,ON
TEL-10223,2025-03-13 09:00:00,EQX1002,37.333285,-121.888776,32.3,1113.9,1113.9,434.1,13091.9,158.2,11.8,74.2,GOOD,30,212.8,,ONLINE,ON
TEL-10224,2025-03-13 10:00:00,EQX1002,37.33779,-121.889118,13.3,1114.4,1114.4,434.2,13099.4,181.9,95.0,74.1,GOOD,19,119.1,,ONLINE,ON
TEL-10225,2025-03-13 11:00:00,EQX1002,37.341633,-121.887558,8.1,1114.9,1114.9,434.3,13105.5,145.2,93.3,74.0,GOOD,9,205.3,,ONLINE,ON
TEL-10226,2025-03-13 12:00:00,EQX1002,37.336451,-121.888531,19.5,1115.4,1115.4,434.4,13110.8,128.4,91.7,73.9,GOOD,20,89.6,,ONLINE,ON
TEL-10227,2025-03-13 13:00:00,EQX1002,37.341254,-121.883276,9.5,1115.9,1115.9,434.5,13117.9,169.4,89.7,73.8,GOOD,21,42.0,,ONLINE,ON
TEL-10228,2025-03-13 14:00:00,EQX1002,37.342269,-121.887254,5.8,1116.4,1116.4,434.6,13123.9,143.8,88.0,73.7,GOOD,18,244.8,,ONLINE,ON
TEL-10229,2025-03-13 15:00:00,EQX1002,37.339583,-121.886543,15.3,1116.9,1116.9,434.7,13130.7,164.4,86.1,73.6,GOOD,9,253.6,,ONLINE,ON
TEL-10230,2025-03-13 16:00:00,EQX1002,37.334176,-121.890021,30.2,1117.4,1117.4,434.8,13138.2,180.2,83.9,73.5,GOOD,24,273.8,,ONLINE,ON
TEL-10231,2025-03-13 17:00:00,EQX1002,37.335423,-121.889067,33.4,1117.9,1117.9,434.9,13145.8,182.4,81.7,73.4,GOOD,28,99.4,,ONLINE,ON
TEL-10232,2025-03-13 18:00:00,EQX1002,37.3382,-121.8863,0.0,1117.9,1117.9,434.9,13145.9,2.4,81.7,73.3,GOOD,15,16.1,,ONLINE,OFF
TEL-10233,2025-03-13 19:00:00,EQX1002,37.3382,-121.8863,0.0,1117.9,1117.9,434.9,13146.0,2.4,81.7,73.2,GOOD,15,266.8,,ONLINE,OFF
TEL-10234,2025-03-13 20:00:00,EQX1002,37.3382,-121.8863,0.0,1117.9,1117.9,434.9,13146.1,2.4,81.7,73.1,GOOD,9,123.9,,ONLINE,OFF
TEL-10235,2025-03-13 21:00:00,EQX1002,37.3382,-121.8863,0.0,1117.9,1117.9,434.9,13146.2,2.4,81.6,73.0,GOOD,10,122.8,,ONLINE,OFF
TEL-10236,2025-03-13 22:00:00,EQX1002,37.3382,-121.8863,0.0,1117.9,1117.9,434.9,13146.3,2.4,81.6,72.9,GOOD,10,258.7,,ONLINE,OFF
TEL-10237,2025-03-13 23:00:00,EQX1002,37.3382,-121.8863,0.0,1117.9,1117.9,434.9,13146.4,2.4,81.6,72.8,GOOD,5,94.0,,ONLINE,OFF
TEL-10238,2025-03-14 00:00:00,EQX1002,37.3382,-121.8863,0.0,1117.9,1117.9,434.9,13146.5,2.4,81.5,72.7,GOOD,24,50.6,,ONLINE,OFF
TEL-10239,2025-03-14 01:00:00,EQX1002,37.3382,-121.8863,0.0,1117.9,1117.9,434.9,13146.6,2.4,81.5,72.6,GOOD,2,38.8,,ONLINE,OFF
TEL-10240,2025-03-14 02:00:00,EQX1002,37.3382,-121.8863,0.0,1117.9,1117.9,434.9,13146.7,2.4,81.5,72.5,GOOD,15,115.0,,ONLINE,OFF
TEL-10241,2025-03-14 03:00:00,EQX1002,37.3382,-121.8863,0.0,1117.9,1117.9,434.9,13146.8,2.4,81.5,72.4,GOOD,0,267.6,,ONLINE,OFF
TEL-10242,2025-03-14 04:00:00,EQX1002,37.3382,-121.8863,0.0,1117.9,1117.9,434.9,13146.9,2.4,81.4,72.3,CRITICAL,20,220.1,P0017,ONLINE,OFF
TEL-10243,2025-03-14 05:00:00,EQX1002,37.3382,-121.8863,0.0,1117.9,1117.9,434.9,13147.0,2.4,81.4,72.2,GOOD,3,115.1,,ONLINE,OFF
TEL-10244,2025-03-14 06:00:00,EQX1002,37.3382,-121.8863,0.0,1117.9,1117.9,434.9,13147.1,2.4,81.4,72.1,GOOD,9,284.5,,ONLINE,OFF
TEL-10245,2025-03-14 07:00:00,EQX1002,37.3382,-121.8863,0.0,1117.9,1117.9,434.9,13147.2,2.4,81.3,72.0,GOOD,13,266.4,,ONLINE,OFF
TEL-10246,2025-03-14 08:00:00,EQX1002,37.336793,-121.889416,34.9,1118.4,1118.4,435.0,13152.6,128.9,79.8,71.9,GOOD,12,5.7,,ONLINE,ON
TEL-10247,2025-03-14 09:00:00,EQX1002,37.333419,-121.886254,11.7,1118.9,1118.9,435.1,13160.6,190.6,77.5,71.8,GOOD,25,11.2,,ONLINE,ON
TEL-10248,2025-03-14 10:00:00,EQX1002,37.333686,-121.881353,31.3,1119.4,1119.4,435.2,13165.6,120.5,76.1,71.7,GOOD,0,14.5,,ONLINE,ON
TEL-10249,2025-03-14 11:00:00,EQX1002,37.335727,-121.884281,8.5,1119.9,1119.9,435.3,13171.4,138.7,74.5,71.6,GOOD,0,90.3,,ONLINE,ON
TEL-10250,2025-03-14 12:00:00,EQX1002,37.339256,-121.889928,24.8,1120.4,1120.4,435.4,13178.0,159.6,72.6,71.5,GOOD,23,185.3,,ONLINE,ON
TEL-10251,2025-02-28 08:00:00,EQX1003,35.371879,-119.019602,28.3,1205.2,1205.2,524.7,15057.9,175.9,82.9,84.3,GOOD,29,62.3,,ONLINE,ON
TEL-10252,2025-02-28 09:00:00,EQX1003,35.375016,-119.014631,33.0,1205.7,1205.7,524.8,15063.2,127.7,81.4,84.2,GOOD,4,284.8,,OFFLINE,ON
TEL-10253,2025-02-28 10:00:00,EQX1003,35.377348,-119.017257,28.4,1206.2,1206.2,524.9,15067.5,103.2,80.2,84.1,GOOD,8,139.3,,ONLINE,ON
TEL-10254,2025-02-28 11:00:00,EQX1003,35.371206,-119.015684,8.0,1206.7,1206.7,525.0,15072.2,112.8,78.8,84.0,GOOD,3,255.4,,ONLINE,ON
TEL-10255,2025-02-28 12:00:00,EQX1003,35.374772,-119.020413,31.7,1207.2,1207.2,525.1,15076.3,97.0,77.7,83.9,GOOD,8,263.5,,ONLINE,ON
TEL-10256,2025-02-28 13:00:00,EQX1003,35.372308,-119.014077,7.8,1207.7,1207.7,525.2,15083.6,174.2,75.6,83.8,GOOD,27,143.5,,ONLINE,ON
TEL-10257,2025-02-28 14:00:00,EQX1003,35.369625,-119.016436,17.7,1208.2,1208.2,525.3,15091.1,181.0,73.4,83.7,GOOD,3,124.8,,ONLINE,ON
TEL-10258,2025-02-28 15:00:00,EQX1003,35.370113,-119.019902,22.7,1208.7,1208.7,525.4,15098.3,173.0,71.4,83.6,GOOD,21,264.0,,ONLINE,ON
TEL-10259,2025-02-28 16:00:00,EQX1003,35.373181,-119.014824,26.8,1209.2,1209.2,525.5,15105.9,181.7,69.2,83.5,GOOD,20,94.3,,ONLINE,ON
TEL-10260,2025-02-28 17:00:00,EQX1003,35.374066,-119.01805,26.1,1209.7,1209.7,525.6,15112.6,161.0,67.3,83.4,GOOD,10,155.7,,ONLINE,ON
TEL-10261,2025-02-28 18:00:00,EQX1003,35.3733,-119.0187,0.0,1209.7,1209.7,525.6,15112.7,2.4,67.3,83.3,GOOD,23,74.6,,ONLINE,OFF
TEL-10262,2025-02-28 19:00:00,EQX1003,35.3733,-119.0187,0.0,1209.7,1209.7,525.6,15112.8,2.4,67.2,83.2,GOOD,26,247.9,,ONLINE,OFF
TEL-10263,2025-02-28 20:00:00,EQX1003,35.3733,-119.0187,0.0,1209.7,1209.7,525.6,15112.9,2.4,67.2,83.1,CRITICAL,16,254.7,P0087,ONLINE,OFF
TEL-10264,2025-02-28 21:00:00,EQX1003,35.3733,-119.0187,0.0,1209.7,1209.7,525.6,15113.0,2.4,67.2,83.0,GOOD,15,96.2,,ONLINE,OFF
TEL-10265,2025-02-28 22:00:00,EQX1003,35.3733,-119.0187,0.0,1209.7,1209.7,525.6,15113.1,2.4,67.1,82.9,GOOD,17,193.0,,ONLINE,OFF
TEL-10266,2025-02-28 23:00:00,EQX1003,35.3733,-119.0187,0.0,1209.7,1209.7,525.6,15113.2,2.4,67.1,82.8,GOOD,25,171.9,,ONLINE,OFF
TEL-10267,2025-03-01 00:00:00,EQX1003,35.3733,-119.0187,0.0,1209.7,1209.7,525.6,15113.3,2.4,67.1,82.7,GOOD,15,223.6,,ONLINE,OFF
TEL-10268,2025-03-01 01:00:00,EQX1003,35.3733,-119.0187,0.0,1209.7,1209.7,525.6,15113.4,2.4,67.1,82.6,GOOD,17,0.1,,OFFLINE,OFF
TEL-10269,2025-03-01 02:00:00,EQX1003,35.3733,-119.0187,0.0,1209.7,1209.7,525.6,15113.5,2.4,67.0,82.5,GOOD,9,267.0,,ONLINE,OFF
TEL-10270,2025-03-01 03:00:00,EQX1003,35.3733,-119.0187,0.0,1209.7,1209.7,525.6,15113.6,2.4,67.0,82.4,GOOD,10,109.0,,ONLINE,OFF
TEL-10271,2025-03-01 04:00:00,EQX1003,35.3733,-119.0187,0.0,1209.7,1209.7,525.6,15113.7,2.4,67.0,82.3,GOOD,17,230.2,,ONLINE,OFF
TEL-10272,2025-03-01 05:00:00,EQX1003,35.3733,-119.0187,0.0,1209.7,1209.7,525.6,15113.8,2.4,66.9,82.2,GOOD,14,34.2,,ONLINE,OFF
TEL-10273,2025-03-01 06:00:00,EQX1003,35.3733,-119.0187,0.0,1209.7,1209.7,525.6,15113.9,2.4,66.9,82.1,GOOD,26,190.1,,ONLINE,OFF
TEL-10274,2025-03-01 07:00:00,EQX1003,35.3733,-119.0187,0.0,1209.7,1209.7,525.6,15114.0,2.4,66.9,82.0,GOOD,3,13.7,,ONLINE,OFF
TEL-10275,2025-03-01 08:00:00,EQX1003,35.375516,-119.02263,9.9,1210.2,1210.2,525.7,15118.5,109.4,65.6,81.9,GOOD,29,255.7,,ONLINE,ON
TEL-10276,2025-03-01 09:00:00,EQX1003,35.371679,-119.016129,11.5,1210.7,1210.7,525.8,15125.8,175.2,63.5,81.8,WARNING,26,201.6,P0562,ONLINE,ON
TEL-10277,2025-03-01 10:00:00,EQX1003,35.374193,-119.018658,8.7,1211.2,1211.2,525.9,15133.4,181.7,61.3,81.7,CRITICAL,1,166.0,P0562,ONLINE,ON
TEL-10278,2025-03-01 11:00:00,EQX1003,35.376111,-119.014598,18.0,1211.7,1211.7,526.0,15139.8,152.2,59.5,81.6,GOOD,26,38.5,,ONLINE,ON
TEL-10279,2025-03-01 12:00:00,EQX1003,35.373341,-119.019853,16.6,1212.2,1212.2,526.1,15146.2,153.6,57.7,81.5,GOOD,24,74.5,,ONLINE,ON
TEL-10280,2025-03-01 13:00:00,EQX1003,35.376348,-119.022318,16.9,1212.7,1212.7,526.2,15151.5,128.9,56.2,81.4,GOOD,16,89.7,,ONLINE,ON
TEL-10281,2025-03-01 14:00:00,EQX1003,35.377655,-119.017374,26.0,1213.2,1213.2,526.3,15159.0,178.6,54.0,81.3,GOOD,9,206.0,,ONLINE,ON
TEL-10282,2025-03-01 15:00:00,EQX1003,35.378052,-119.021922,32.6,1213.7,1213.7,526.4,15163.5,108.7,52.7,81.2,GOOD,22,34.6,,ONLINE,ON
TEL-10283,2025-03-01 16:00:00,EQX1003,35.374972,-119.019525,15.6,1214.2,1214.2,526.5,15169.4,142.1,51.1,81.1,GOOD,9,263.2,,ONLINE,ON
TEL-10284,2025-03-01 17:00:00,EQX1003,35.372109,-119.023169,17.7,1214.7,1214.7,526.6,15173.5,97.2,49.9,81.0,GOOD,25,48.3,,ONLINE,ON
TEL-10285,2025-03-01 18:00:00,EQX1003,35.3733,-119.0187,0.0,1214.7,1214.7,526.6,15173.6,2.4,49.9,80.9,GOOD,22,235.3,,ONLINE,OFF
TEL-10286,2025-03-01 19:00:00,EQX1003,35.3733,-119.0187,0.0,1214.7,1214.7,526.6,15173.7,2.4,49.8,80.8,GOOD,14,30.7,,ONLINE,OFF
TEL-10287,2025-03-01 20:00:00,EQX1003,35.3733,-119.0187,0.0,1214.7,1214.7,526.6,15173.8,2.4,49.8,80.7,GOOD,23,194.1,,ONLINE,OFF
TEL-10288,2025-03-01 21:00:00,EQX1003,35.3733,-119.0187,0.0,1214.7,1214.7,526.6,15173.9,2.4,49.8,80.6,GOOD,22,86.3,,ONLINE,OFF
TEL-10289,2025-03-01 22:00:00,EQX1003,35.3733,-119.0187,0.0,1214.7,1214.7,526.6,15174.0,2.4,49.8,80.5,GOOD,30,236.4,,ONLINE,OFF
TEL-10290,2025-03-01 23:00:00,EQX1003,35.3733,-119.0187,0.0,1214.7,1214.7,526.6,15174.1,2.4,49.7,80.4,GOOD,23,75.4,,ONLINE,OFF
TEL-10291,2025-03-02 00:00:00,EQX1003,35.3733,-119.0187,0.0,1214.7,1214.7,526.6,15174.2,2.4,49.7,80.3,GOOD,26,67.7,,ONLINE,OFF
TEL-10292,2025-03-02 01:00:00,EQX1003,35.3733,-119.0187,0.0,1214.7,1214.7,526.6,15174.3,2.4,49.7,80.2,GOOD,18,164.0,,ONLINE,OFF
TEL-10293,2025-03-02 02:00:00,EQX1003,35.3733,-119.0187,0.0,1214.7,1214.7,526.6,15174.4,2.4,49.6,80.1,GOOD,9,134.6,,ONLINE,OFF
TEL-10294,2025-03-02 03:00:00,EQX1003,35.3733,-119.0187,0.0,1214.7,1214.7,526.6,15174.5,2.4,49.6,80.0,GOOD,23,154.2,,ONLINE,OFF
TEL-10295,2025-03-02 04:00:00,EQX1003,35.3733,-119.0187,0.0,1214.7,1214.7,526.6,15174.6,2.4,49.6,79.9,GOOD,4,48.3,,ONLINE,OFF
TEL-10296,2025-03-02 05:00:00,EQX1003,35.3733,-119.0187,0.0,1214.7,1214.7,526.6,15174.7,2.4,49.6,79.8,WARNING,22,281.2,P0300,ONLINE,OFF
TEL-10297,2025-03-02 06:00:00,EQX1003,35.3733,-119.0187,0.0,1214.7,1214.7,526.6,15174.8,2.4,49.5,79.7,GOOD,24,279.7,,ONLINE,OFF
TEL-10298,2025-03-02 07:00:00,EQX1003,35.3733,-119.0187,0.0,1214.7,1214.7,526.6,15174.9,2.4,49.5,79.6,GOOD,18,165.0,,ONLINE,OFF
TEL-10299,2025-03-02 08:00:00,EQX1003,35.37787,-119.018494,7.2,1215.2,1215.2,526.7,15181.7,163.9,47.5,79.5,GOOD,17,161.1,,ONLINE,ON
TEL-10300,2025-03-02 09:00:00,EQX1003,35.371619,-119.020092,7.8,1215.7,1215.7,526.8,15186.6,117.1,46.2,79.4,GOOD,16,142.5,,ONLINE,ON
TEL-10301,2025-03-02 10:00:00,EQX1003,35.369447,-119.02024,21.8,1216.2,1216.2,526.9,15193.6,168.2,44.1,79.3,GOOD,29,186.3,,ONLINE,ON
TEL-10302,2025-03-02 11:00:00,EQX1003,35.377459,-119.01425,33.8,1216.7,1216.7,527.0,15200.3,161.5,42.2,79.2,GOOD,9,7.4,,ONLINE,ON
TEL-10303,2025-03-02 12:00:00,EQX1003,35.373387,-119.018832,20.5,1217.2,1217.2,527.1,15207.4,169.9,40.2,79.1,GOOD,10,154.2,,ONLINE,ON
TEL-10304,2025-03-02 13:00:00,EQX1003,35.37368,-119.023627,33.4,1217.7,1217.7,527.2,15212.1,112.1,38.9,79.0,GOOD,24,64.0,,ONLINE,ON
TEL-10305,2025-03-02 14:00:00,EQX1003,35.376587,-119.014914,25.6,1218.2,1218.2,527.3,15219.4,176.2,36.8,78.9,GOOD,26,281.9,,ONLINE,ON
TEL-10306,2025-03-02 15:00:00,EQX1003,35.371617,-119.022825,27.4,1218.7,1218.7,527.4,15224.0,110.9,35.5,78.8,GOOD,17,21.1,,ONLINE,ON
TEL-10307,2025-03-02 16:00:00,EQX1003,35.372811,-119.019656,29.6,1219.2,1219.2,527.5,15231.7,183.4,33.3,78.7,GOOD,3,160.5,,ONLINE,ON
TEL-10308,2025-03-02 17:00:00,EQX1003,35.374156,-119.016691,24.2,1219.7,1219.7,527.6,15238.1,155.3,31.4,78.6,GOOD,3,87.0,,ONLINE,ON
TEL-10309,2025-03-02 18:00:00,EQX1003,35.3733,-119.0187,0.0,1219.7,1219.7,527.6,15238.2,2.4,31.4,78.5,GOOD,29,131.3,,ONLINE,OFF
TEL-10310,2025-03-02 19:00:00,EQX1003,35.3733,-119.0187,0.0,1219.7,1219.7,527.6,15238.3,2.4,31.4,78.4,GOOD,17,66.0,,ONLINE,OFF
TEL-10311,2025-03-02 20:00:00,EQX1003,35.3733,-119.0187,0.0,1219.7,1219.7,527.6,15238.4,2.4,31.3,78.3,GOOD,9,288.0,,ONLINE,OFF
TEL-10312,2025-03-02 21:00:00,EQX1003,35.3733,-119.0187,0.0,1219.7,1219.7,527.6,15238.5,2.4,31.3,78.2,GOOD,25,260.1,,ONLINE,OFF
TEL-10313,2025-03-02 22:00:00,EQX1003,35.3733,-119.0187,0.0,1219.7,1219.7,527.6,15238.6,2.4,31.3,78.1,CRITICAL,4,37.0,P0420,ONLINE,OFF
TEL-10314,2025-03-02 23:00:00,EQX1003,35.3733,-119.0187,0.0,1219.7,1219.7,527.6,15238.7,2.4,31.2,78.0,GOOD,30,25.5,,OFFLINE,OFF
TEL-10315,2025-03-03 00:00:00,EQX1003,35.3733,-119.0187,0.0,1219.7,1219.7,527.6,15238.8,2.4,31.2,77.9,GOOD,6,123.8,,ONLINE,OFF
TEL-10316,2025-03-03 01:00:00,EQX1003,35.3733,-119.0187,0.0,1219.7,1219.7,527.6,15238.9,2.4,31.2,77.8,GOOD,7,185.1,,ONLINE,OFF
TEL-10317,2025-03-03 02:00:00,EQX1003,35.3733,-119.0187,0.0,1219.7,1219.7,527.6,15239.0,2.4,31.2,77.7,GOOD,18,255.7,,ONLINE,OFF
TEL-10318,2025-03-03 03:00:00,EQX1003,35.3733,-119.0187,0.0,1219.7,1219.7,527.6,15239.1,2.4,31.1,77.6,GOOD,14,193.4,,ONLINE,OFF
TEL-10319,2025-03-03 04:00:00,EQX1003,35.3733,-119.0187,0.0,1219.7,1219.7,527.6,15239.2,2.4,31.1,77.5,GOOD,6,217.7,,ONLINE,OFF
TEL-10320,2025-03-03 05:00:00,EQX1003,35.3733,-119.0187,0.0,1219.7,1219.7,527.6,15239.3,2.4,31.1,77.4,GOOD,20,70.4,,ONLINE,OFF
TEL-10321,2025-03-03 06:00:00,EQX1003,35.3733,-119.0187,0.0,1219.7,1219.7,527.6,15239.4,2.4,31.0,77.3,GOOD,15,135.2,,ONLINE,OFF
TEL-10322,2025-03-03 07:00:00,EQX1003,35.3733,-119.0187,0.0,1219.7,1219.7,527.6,15239.5,2.4,31.0,77.2,GOOD,18,170.1,,ONLINE,OFF
TEL-10323,2025-03-03 08:00:00,EQX1003,35.371432,-119.015843,29.2,1220.2,1220.2,527.7,15247.4,187.9,28.8,77.1,GOOD,8,252.0,,ONLINE,ON
TEL-10324,2025-03-03 09:00:00,EQX1003,35.372928,-119.020113,9.0,1220.7,1220.7,527.8,15254.3,166.3,26.8,77.0,GOOD,5,193.7,,ONLINE,ON
TEL-10325,2025-03-03 10:00:00,EQX1003,35.377213,-119.021736,7.5,1221.2,1221.2,527.9,15259.4,122.9,25.3,76.9,GOOD,23,22.6,,ONLINE,ON
TEL-10326,2025-03-03 11:00:00,EQX1003,35.374119,-119.019649,5.6,1221.7,1221.7,528.0,15265.4,144.7,23.6,76.8,GOOD,17,78.2,,ONLINE,ON
TEL-10327,2025-03-03 12:00:00,EQX1003,35.369786,-119.019775,31.8,1222.2,1222.2,528.1,15271.6,147.8,21.9,76.7,GOOD,27,87.3,,ONLINE,ON
TEL-10328,2025-03-03 13:00:00,EQX1003,35.373322,-119.017073,18.9,1222.7,1222.7,528.2,15277.6,145.0,20.1,76.6,GOOD,19,205.2,,ONLINE,ON
TEL-10329,2025-03-03 14:00:00,EQX1003,35.373964,-119.018042,27.7,1223.2,1223.2,528.3,15282.2,109.4,18.8,76.5,GOOD,23,145.1,,ONLINE,ON
TEL-10330,2025-03-03 15:00:00,EQX1003,35.368929,-119.020006,15.8,1223.7,1223.7,528.4,15287.1,117.1,17.4,76.4,WARNING,16,272.3,P0087,ONLINE,ON
TEL-10331,2025-03-03 16:00:00,EQX1003,35.368764,-119.013894,15.8,1224.2,1224.2,528.5,15293.0,141.1,15.8,76.3,GOOD,16,190.1,,ONLINE,ON
TEL-10332,2025-03-03 17:00:00,EQX1003,35.374002,-119.019933,13.2,1224.7,1224.7,528.6,15299.9,167.3,13.8,76.2,GOOD,28,250.6,,ONLINE,ON
TEL-10333,2025-03-03 18:00:00,EQX1003,35.3733,-119.0187,0.0,1224.7,1224.7,528.6,15300.0,2.4,13.7,76.1,GOOD,16,121.8,,ONLINE,OFF
TEL-10334,2025-03-03 19:00:00,EQX1003,35.3733,-119.0187,0.0,1224.7,1224.7,528.6,15300.1,2.4,13.7,76.0,GOOD,28,181.3,,ONLINE,OFF
TEL-10335,2025-03-03 20:00:00,EQX1003,35.3733,-119.0187,0.0,1224.7,1224.7,528.6,15300.2,2.4,13.7,75.9,GOOD,2,154.4,,ONLINE,OFF
TEL-10336,2025-03-03 21:00:00,EQX1003,35.3733,-119.0187,0.0,1224.7,1224.7,528.6,15300.3,2.4,13.6,75.8,GOOD,19,215.2,,ONLINE,OFF
TEL-10337,2025-03-03 22:00:00,EQX1003,35.3733,-119.0187,0.0,1224.7,1224.7,528.6,15300.4,2.4,13.6,75.7,GOOD,23,34.0,,ONLINE,OFF
TEL-10338,2025-03-03 23:00:00,EQX1003,35.3733,-119.0187,0.0,1224.7,1224.7,528.6,15300.5,2.4,13.6,75.6,GOOD,20,250.0,,ONLINE,OFF
TEL-10339,2025-03-04 00:00:00,EQX1003,35.3733,-119.0187,0.0,1224.7,1224.7,528.6,15300.6,2.4,13.6,75.5,WARNING,18,48.3,P0420,OFFLINE,OFF
TEL-10340,2025-03-04 01:00:00,EQX1003,35.3733,-119.0187,0.0,1224.7,1224.7,528.6,15300.7,2.4,13.5,75.4,WARNING,4,16.8,P0420,ONLINE,OFF
TEL-10341,2025-03-04 02:00:00,EQX1003,35.3733,-119.0187,0.0,1224.7,1224.7,528.6,15300.8,2.4,13.5,75.3,GOOD,19,290.8,,ONLINE,OFF
TEL-10342,2025-03-04 03:00:00,EQX1003,35.3733,-119.0187,0.0,1224.7,1224.7,528.6,15300.9,2.4,13.5,75.2,GOOD,26,85.0,,ONLINE,OFF
TEL-10343,2025-03-04 04:00:00,EQX1003,35.3733,-119.0187,0.0,1224.7,1224.7,528.6,15301.0,2.4,13.4,75.1,GOOD,27,144.5,,ONLINE,OFF
TEL-10344,2025-03-04 05:00:00,EQX1003,35.3733,-119.0187,0.0,1224.7,1224.7,528.6,15301.1,2.4,13.4,75.0,GOOD,18,246.1,,ONLINE,OFF
TEL-10345,2025-03-04 06:00:00,EQX1003,35.3733,-119.0187,0.0,1224.7,1224.7,528.6,15301.2,2.4,13.4,74.9,GOOD,23,205.7,,ONLINE,OFF
TEL-10346,2025-03-04 07:00:00,EQX1003,35.3733,-119.0187,0.0,1224.7,1224.7,528.6,15301.3,2.4,13.4,74.8,GOOD,12,115.6,,ONLINE,OFF
TEL-10347,2025-03-04 08:00:00,EQX1003,35.373344,-119.019502,8.3,1225.2,1225.2,528.7,15306.1,115.4,12.0,74.7,GOOD,15,270.5,,ONLINE,ON
TEL-10348,2025-03-04 09:00:00,EQX1003,35.375824,-119.022768,23.0,1225.7,1225.7,528.8,15313.7,180.2,95.0,74.6,GOOD,17,248.3,,ONLINE,ON
TEL-10349,2025-03-04 10:00:00,EQX1003,35.37352,-119.019996,31.9,1226.2,1226.2,528.9,15320.8,170.4,93.0,74.5,WARNING,13,68.8,P0420,ONLINE,ON
TEL-10350,2025-03-04 11:00:00,EQX1003,35.37419,-119.016286,29.1,1226.7,1226.7,529.0,15327.9,171.8,90.9,74.4,GOOD,3,127.6,,ONLINE,ON
TEL-10351,2025-03-04 12:00:00,EQX1003,35.369138,-119.017717,12.6,1227.2,1227.2,529.1,15335.0,169.4,88.9,74.3,GOOD,0,212.7,,ONLINE,ON
TEL-10352,2025-03-04 13:00:00,EQX1003,35.368372,-119.017155,28.7,1227.7,1227.7,529.2,15341.3,151.4,87.1,74.2,GOOD,11,32.0,,ONLINE,ON
TEL-10353,2025-03-04 14:00:00,EQX1003,35.373661,-119.018053,17.8,1228.2,1228.2,529.3,15347.6,152.2,85.3,74.1,GOOD,12,226.5,,ONLINE,ON
TEL-10354,2025-03-04 15:00:00,EQX1003,35.372002,-119.018151,17.4,1228.7,1228.7,529.4,15354.8,171.4,83.3,74.0,GOOD,11,232.3,,ONLINE,ON
TEL-10355,2025-03-04 16:00:00,EQX1003,35.369491,-119.021402,16.9,1229.2,1229.2,529.5,15359.3,109.2,82.0,73.9,GOOD,3,64.3,,ONLINE,ON
TEL-10356,2025-03-04 17:00:00,EQX1003,35.375271,-119.016632,17.0,1229.7,1229.7,529.6,15364.7,128.4,80.4,73.8,GOOD,0,241.3,,ONLINE,ON
TEL-10357,2025-03-04 18:00:00,EQX1003,35.3733,-119.0187,0.0,1229.7,1229.7,529.6,15364.8,2.4,80.4,73.7,GOOD,2,19.2,,ONLINE,OFF
TEL-10358,2025-03-04 19:00:00,EQX1003,35.3733,-119.0187,0.0,1229.7,1229.7,529.6,15364.9,2.4,80.4,73.6,GOOD,12,279.2,,ONLINE,OFF
TEL-10359,2025-03-04 20:00:00,EQX1003,35.3733,-119.0187,0.0,1229.7,1229.7,529.6,15365.0,2.4,80.3,73.5,GOOD,30,179.2,,ONLINE,OFF
TEL-10360,2025-03-04 21:00:00,EQX1003,35.3733,-119.0187,0.0,1229.7,1229.7,529.6,15365.1,2.4,80.3,73.4,GOOD,14,3.2,,ONLINE,OFF
TEL-10361,2025-03-04 22:00:00,EQX1003,35.3733,-119.0187,0.0,1229.7,1229.7,529.6,15365.2,2.4,80.3,73.3,GOOD,6,10.1,,ONLINE,OFF
TEL-10362,2025-03-04 23:00:00,EQX1003,35.3733,-119.0187,0.0,1229.7,1229.7,529.6,15365.3,2.4,80.3,73.2,GOOD,5,202.2,,ONLINE,OFF
TEL-10363,2025-03-05 00:00:00,EQX1003,35.3733,-119.0187,0.0,1229.7,1229.7,529.6,15365.4,2.4,80.2,73.1,GOOD,2,299.0,,ONLINE,OFF
TEL-10364,2025-03-05 01:00:00,EQX1003,35.3733,-119.0187,0.0,1229.7,1229.7,529.6,15365.5,2.4,80.2,73.0,GOOD,18,60.1,,ONLINE,OFF
TEL-10365,2025-03-05 02:00:00,EQX1003,35.3733,-119.0187,0.0,1229.7,1229.7,529.6,15365.6,2.4,80.2,72.9,GOOD,17,85.3,,OFFLINE,OFF
TEL-10366,2025-03-05 03:00:00,EQX1003,35.3733,-119.0187,0.0,1229.7,1229.7,529.6,15365.7,2.4,80.1,72.8,GOOD,30,244.7,,ONLINE,OFF
TEL-10367,2025-03-05 04:00:00,EQX1003,35.3733,-119.0187,0.0,1229.7,1229.7,529.6,15365.8,2.4,80.1,72.7,GOOD,12,172.5,,ONLINE,OFF
TEL-10368,2025-03-05 05:00:00,EQX1003,35.3733,-119.0187,0.0,1229.7,1229.7,529.6,15365.9,2.4,80.1,72.6,GOOD,2,151.0,,ONLINE,OFF
TEL-10369,2025-03-05 06:00:00,EQX1003,35.3733,-119.0187,0.0,1229.7,1229.7,529.6,15366.0,2.4,80.1,72.5,GOOD,8,262.8,,ONLINE,OFF
TEL-10370,2025-03-05 07:00:00,EQX1003,35.3733,-119.0187,0.0,1229.7,1229.7,529.6,15366.1,2.4,80.0,72.4,GOOD,30,113.1,,ONLINE,OFF
TEL-10371,2025-03-05 08:00:00,EQX1003,35.376056,-119.016884,19.5,1230.2,1230.2,529.7,15371.0,119.3,78.6,72.3,GOOD,15,34.9,,ONLINE,ON
TEL-10372,2025-03-05 09:00:00,EQX1003,35.375069,-119.021401,7.0,1230.7,1230.7,529.8,15377.6,156.7,76.7,72.2,GOOD,16,160.7,,ONLINE,ON
TEL-10373,2025-03-05 10:00:00,EQX1003,35.372289,-119.016212,26.0,1231.2,1231.2,529.9,15382.6,121.2,75.3,72.1,GOOD,5,143.0,,ONLINE,ON
TEL-10374,2025-03-05 11:00:00,EQX1003,35.377771,-119.016869,15.6,1231.7,1231.7,530.0,15390.2,181.9,73.1,72.0,GOOD,6,70.5,,ONLINE,ON
TEL-10375,2025-03-05 12:00:00,EQX1003,35.376649,-119.015337,12.3,1232.2,1232.2,530.1,15395.3,121.4,71.7,71.9,GOOD,3,276.1,,ONLINE,ON
TEL-10376,2025-05-11 08:00:00,EQX1004,38.582807,-121.494477,21.2,2463.1,2463.1,982.7,31627.6,100.1,83.8,90.5,GOOD,27,82.4,,ONLINE,ON
TEL-10377,2025-05-11 09:00:00,EQX1004,38.580579,-121.491898,10.5,2463.6,2463.6,982.8,31634.6,169.4,81.8,90.4,GOOD,13,143.5,,ONLINE,ON
TEL-10378,2025-05-11 10:00:00,EQX1004,38.583463,-121.497652,21.2,2464.1,2464.1,982.9,31640.6,144.2,80.1,90.3,GOOD,14,94.7,,ONLINE,ON
TEL-10379,2025-05-11 11:00:00,EQX1004,38.577607,-121.495784,5.3,2464.6,2464.6,983.0,31647.3,160.8,78.2,90.2,GOOD,8,71.1,,ONLINE,ON
TEL-10380,2025-05-11 12:00:00,EQX1004,38.581588,-121.497295,19.1,2465.1,2465.1,983.1,31653.8,154.8,76.3,90.1,GOOD,27,120.2,,ONLINE,ON
TEL-10381,2025-05-11 13:00:00,EQX1004,38.58346,-121.491258,18.5,2465.6,2465.6,983.2,31660.1,151.0,74.5,90.0,GOOD,17,129.7,,ONLINE,ON
TEL-10382,2025-05-11 14:00:00,EQX1004,38.578095,-121.491343,16.4,2466.1,2466.1,983.3,31664.7,109.9,73.2,89.9,GOOD,28,254.8,,ONLINE,ON
TEL-10383,2025-05-11 15:00:00,EQX1004,38.5796,-121.493779,20.5,2466.6,2466.6,983.4,31671.5,165.1,71.2,89.8,GOOD,22,49.0,,ONLINE,ON
TEL-10384,2025-05-11 16:00:00,EQX1004,38.577563,-121.491954,11.5,2467.1,2467.1,983.5,31676.6,120.5,69.8,89.7,GOOD,17,279.6,,ONLINE,ON
TEL-10385,2025-05-11 17:00:00,EQX1004,38.585274,-121.489769,12.7,2467.6,2467.6,983.6,31680.6,97.9,68.6,89.6,GOOD,20,161.5,,ONLINE,ON
TEL-10386,2025-05-11 18:00:00,EQX1004,38.5816,-121.4944,0.0,2467.6,2467.6,983.6,31680.7,2.4,68.6,89.5,GOOD,16,146.2,,ONLINE,OFF
TEL-10387,2025-05-11 19:00:00,EQX1004,38.5816,-121.4944,0.0,2467.6,2467.6,983.6,31680.8,2.4,68.6,89.4,GOOD,9,139.1,,ONLINE,OFF
TEL-10388,2025-05-11 20:00:00,EQX1004,38.5816,-121.4944,0.0,2467.6,2467.6,983.6,31680.9,2.4,68.6,89.3,GOOD,29,101.2,,ONLINE,OFF
TEL-10389,2025-05-11 21:00:00,EQX1004,38.5816,-121.4944,0.0,2467.6,2467.6,983.6,31681.0,2.4,68.5,89.2,GOOD,2,23.7,,ONLINE,OFF
TEL-10390,2025-05-11 22:00:00,EQX1004,38.5816,-121.4944,0.0,2467.6,2467.6,983.6,31681.1,2.4,68.5,89.1,GOOD,22,80.2,,ONLINE,OFF
TEL-10391,2025-05-11 23:00:00,EQX1004,38.5816,-121.4944,0.0,2467.6,2467.6,983.6,31681.2,2.4,68.5,89.0,GOOD,27,281.6,,ONLINE,OFF
TEL-10392,2025-05-12 00:00:00,EQX1004,38.5816,-121.4944,0.0,2467.6,2467.6,983.6,31681.3,2.4,68.4,88.9,GOOD,5,55.2,,ONLINE,OFF
TEL-10393,2025-05-12 01:00:00,EQX1004,38.5816,-121.4944,0.0,2467.6,2467.6,983.6,31681.4,2.4,68.4,88.8,GOOD,30,223.2,,OFFLINE,OFF
TEL-10394,2025-05-12 02:00:00,EQX1004,38.5816,-121.4944,0.0,2467.6,2467.6,983.6,31681.5,2.4,68.4,88.7,GOOD,3,19.1,,ONLINE,OFF
TEL-10395,2025-05-12 03:00:00,EQX1004,38.5816,-121.4944,0.0,2467.6,2467.6,983.6,31681.6,2.4,68.4,88.6,GOOD,12,157.2,,ONLINE,OFF
TEL-10396,2025-05-12 04:00:00,EQX1004,38.5816,-121.4944,0.0,2467.6,2467.6,983.6,31681.7,2.4,68.3,88.5,GOOD,2,196.4,,ONLINE,OFF
TEL-10397,2025-05-12 05:00:00,EQX1004,38.5816,-121.4944,0.0,2467.6,2467.6,983.6,31681.8,2.4,68.3,88.4,GOOD,9,132.9,,ONLINE,OFF
TEL-10398,2025-05-12 06:00:00,EQX1004,38.5816,-121.4944,0.0,2467.6,2467.6,983.6,31681.9,2.4,68.3,88.3,GOOD,1,199.1,,ONLINE,OFF
TEL-10399,2025-05-12 07:00:00,EQX1004,38.5816,-121.4944,0.0,2467.6,2467.6,983.6,31682.0,2.4,68.2,88.2,GOOD,27,162.2,,ONLINE,OFF
TEL-10400,2025-05-12 08:00:00,EQX1004,38.583576,-121.49763,13.2,2468.1,2468.1,983.7,31687.8,138.7,66.6,88.1,GOOD,20,263.2,,ONLINE,ON
TEL-10401,2025-05-12 09:00:00,EQX1004,38.585689,-121.494583,18.0,2468.6,2468.6,983.8,31694.4,157.4,64.7,88.0,GOOD,9,109.7,,ONLINE,ON
TEL-10402,2025-05-12 10:00:00,EQX1004,38.584754,-121.490921,12.8,2469.1,2469.1,983.9,31699.6,125.0,63.2,87.9,GOOD,0,206.3,,OFFLINE,ON
TEL-10403,2025-05-12 11:00:00,EQX1004,38.584259,-121.49142,19.8,2469.6,2469.6,984.0,31706.6,168.5,61.2,87.8,GOOD,17,112.1,,ONLINE,ON
TEL-10404,2025-05-12 12:00:00,EQX1004,38.578233,-121.492029,17.4,2470.1,2470.1,984.1,31712.8,149.8,59.4,87.7,GOOD,8,23.8,,ONLINE,ON
TEL-10405,2025-05-12 13:00:00,EQX1004,38.582732,-121.492461,23.8,2470.6,2470.6,984.2,31718.9,145.7,57.7,87.6,GOOD,17,242.6,,ONLINE,ON
TEL-10406,2025-05-12 14:00:00,EQX1004,38.579496,-121.493031,17.4,2471.1,2471.1,984.3,31726.3,177.8,55.6,87.5,GOOD,19,147.6,,ONLINE,ON
TEL-10407,2025-05-12 15:00:00,EQX1004,38.576821,-121.489677,14.6,2471.6,2471.6,984.4,31730.9,110.6,54.3,87.4,GOOD,14,218.1,,ONLINE,ON
TEL-10408,2025-05-12 16:00:00,EQX1004,38.580019,-121.496284,12.0,2472.1,2472.1,984.5,31735.5,110.4,53.0,87.3,GOOD,14,209.1,,ONLINE,ON
TEL-10409,2025-05-12 17:00:00,EQX1004,38.578061,-121.496735,6.0,2472.6,2472.6,984.6,31739.9,103.7,51.7,87.2,GOOD,5,57.7,,ONLINE,ON
TEL-10410,2025-05-12 18:00:00,EQX1004,38.5816,-121.4944,0.0,2472.6,2472.6,984.6,31740.0,2.4,51.7,87.1,GOOD,3,292.4,,ONLINE,OFF
TEL-10411,2025-05-12 19:00:00,EQX1004,38.5816,-121.4944,0.0,2472.6,2472.6,984.6,31740.1,2.4,51.7,87.0,GOOD,7,221.3,,ONLINE,OFF
TEL-10412,2025-05-12 20:00:00,EQX1004,38.5816,-121.4944,0.0,2472.6,2472.6,984.6,31740.2,2.4,51.6,86.9,GOOD,16,199.8,,ONLINE,OFF
TEL-10413,2025-05-12 21:00:00,EQX1004,38.5816,-121.4944,0.0,2472.6,2472.6,984.6,31740.3,2.4,51.6,86.8,GOOD,29,96.9,,ONLINE,OFF
TEL-10414,2025-05-12 22:00:00,EQX1004,38.5816,-121.4944,0.0,2472.6,2472.6,984.6,31740.4,2.4,51.6,86.7,WARNING,16,36.6,P0420,ONLINE,OFF
TEL-10415,2025-05-12 23:00:00,EQX1004,38.5816,-121.4944,0.0,2472.6,2472.6,984.6,31740.5,2.4,51.6,86.6,GOOD,1,259.1,,ONLINE,OFF
TEL-10416,2025-05-13 00:00:00,EQX1004,38.5816,-121.4944,0.0,2472.6,2472.6,984.6,31740.6,2.4,51.5,86.5,GOOD,10,4.5,,ONLINE,OFF
TEL-10417,2025-05-13 01:00:00,EQX1004,38.5816,-121.4944,0.0,2472.6,2472.6,984.6,31740.7,2.4,51.5,86.4,GOOD,7,2.7,,ONLINE,OFF
TEL-10418,2025-05-13 02:00:00,EQX1004,38.5816,-121.4944,0.0,2472.6,2472.6,984.6,31740.8,2.4,51.5,86.3,GOOD,19,46.5,,ONLINE,OFF
TEL-10419,2025-05-13 03:00:00,EQX1004,38.5816,-121.4944,0.0,2472.6,2472.6,984.6,31740.9,2.4,51.4,86.2,GOOD,21,185.6,,ONLINE,OFF
TEL-10420,2025-05-13 04:00:00,EQX1004,38.5816,-121.4944,0.0,2472.6,2472.6,984.6,31741.0,2.4,51.4,86.1,GOOD,1,106.7,,ONLINE,OFF
TEL-10421,2025-05-13 05:00:00,EQX1004,38.5816,-121.4944,0.0,2472.6,2472.6,984.6,31741.1,2.4,51.4,86.0,GOOD,15,69.8,,ONLINE,OFF
TEL-10422,2025-05-13 06:00:00,EQX1004,38.5816,-121.4944,0.0,2472.6,2472.6,984.6,31741.2,2.4,51.4,85.9,GOOD,25,267.5,,ONLINE,OFF
TEL-10423,2025-05-13 07:00:00,EQX1004,38.5816,-121.4944,0.0,2472.6,2472.6,984.6,31741.3,2.4,51.3,85.8,WARNING,11,217.3,P0300,ONLINE,OFF
TEL-10424,2025-05-13 08:00:00,EQX1004,38.58219,-121.493973,12.5,2473.1,2473.1,984.7,31745.4,99.8,50.1,85.7,GOOD,17,104.3,,ONLINE,ON
TEL-10425,2025-05-13 09:00:00,EQX1004,38.585745,-121.493855,27.0,2473.6,2473.6,984.8,31750.5,122.4,48.7,85.6,GOOD,9,245.8,,ONLINE,ON
TEL-10426,2025-05-13 10:00:00,EQX1004,38.58166,-121.492063,21.2,2474.1,2474.1,984.9,31756.3,139.7,47.0,85.5,GOOD,11,232.8,,ONLINE,ON
TEL-10427,2025-05-13 11:00:00,EQX1004,38.58199,-121.495525,12.2,2474.6,2474.6,985.0,31763.2,165.1,45.1,85.4,GOOD,17,46.2,,ONLINE,ON
TEL-10428,2025-05-13 12:00:00,EQX1004,38.577563,-121.492811,13.5,2475.1,2475.1,985.1,31768.9,135.4,43.4,85.3,WARNING,5,262.0,P0087,ONLINE,ON
TEL-10429,2025-05-13 13:00:00,EQX1004,38.58231,-121.491037,11.1,2475.6,2475.6,985.2,31774.8,142.6,41.7,85.2,GOOD,22,177.1,,ONLINE,ON
TEL-10430,2025-05-13 14:00:00,EQX1004,38.576731,-121.49019,6.5,2476.1,2476.1,985.3,31779.7,117.1,40.3,85.1,GOOD,26,24.0,,ONLINE,ON
TEL-10431,2025-05-13 15:00:00,EQX1004,38.585982,-121.49524,29.0,2476.6,2476.6,985.4,31783.9,101.8,39.1,85.0,GOOD,26,185.1,,ONLINE,ON
TEL-10432,2025-05-13 16:00:00,EQX1004,38.577379,-121.497241,20.9,2477.1,2477.1,985.5,31790.9,166.6,37.2,84.9,GOOD,7,159.5,,ONLINE,ON
TEL-10433,2025-05-13 17:00:00,EQX1004,38.582853,-121.497611,10.7,2477.6,2477.6,985.6,31797.0,146.4,35.4,84.8,GOOD,3,229.9,,ONLINE,ON
TEL-10434,2025-05-13 18:00:00,EQX1004,38.5816,-121.4944,0.0,2477.6,2477.6,985.6,31797.1,2.4,35.4,84.7,GOOD,13,264.8,,ONLINE,OFF
TEL-10435,2025-05-13 19:00:00,EQX1004,38.5816,-121.4944,0.0,2477.6,2477.6,985.6,31797.2,2.4,35.4,84.6,GOOD,10,197.3,,ONLINE,OFF
TEL-10436,2025-05-13 20:00:00,EQX1004,38.5816,-121.4944,0.0,2477.6,2477.6,985.6,31797.3,2.4,35.3,84.5,GOOD,28,94.5,,ONLINE,OFF
TEL-10437,2025-05-13 21:00:00,EQX1004,38.5816,-121.4944,0.0,2477.6,2477.6,985.6,31797.4,2.4,35.3,84.4,GOOD,24,190.0,,ONLINE,OFF
TEL-10438,2025-05-13 22:00:00,EQX1004,38.5816,-121.4944,0.0,2477.6,2477.6,985.6,31797.5,2.4,35.3,84.3,GOOD,17,64.2,,ONLINE,OFF
TEL-10439,2025-05-13 23:00:00,EQX1004,38.5816,-121.4944,0.0,2477.6,2477.6,985.6,31797.6,2.4,35.2,84.2,GOOD,30,135.7,,ONLINE,OFF
TEL-10440,2025-05-14 00:00:00,EQX1004,38.5816,-121.4944,0.0,2477.6,2477.6,985.6,31797.7,2.4,35.2,84.1,WARNING,9,178.7,P0017,ONLINE,OFF
TEL-10441,2025-05-14 01:00:00,EQX1004,38.5816,-121.4944,0.0,2477.6,2477.6,985.6,31797.8,2.4,35.2,84.0,GOOD,9,295.3,,ONLINE,OFF
TEL-10442,2025-05-14 02:00:00,EQX1004,38.5816,-121.4944,0.0,2477.6,2477.6,985.6,31797.9,2.4,35.2,83.9,GOOD,30,206.9,,ONLINE,OFF
TEL-10443,2025-05-14 03:00:00,EQX1004,38.5816,-121.4944,0.0,2477.6,2477.6,985.6,31798.0,2.4,35.1,83.8,GOOD,29,171.5,,ONLINE,OFF
TEL-10444,2025-05-14 04:00:00,EQX1004,38.5816,-121.4944,0.0,2477.6,2477.6,985.6,31798.1,2.4,35.1,83.7,GOOD,8,110.1,,ONLINE,OFF
TEL-10445,2025-05-14 05:00:00,EQX1004,38.5816,-121.4944,0.0,2477.6,2477.6,985.6,31798.2,2.4,35.1,83.6,GOOD,2,171.1,,ONLINE,OFF
TEL-10446,2025-05-14 06:00:00,EQX1004,38.5816,-121.4944,0.0,2477.6,2477.6,985.6,31798.3,2.4,35.0,83.5,GOOD,10,237.9,,ONLINE,OFF
TEL-10447,2025-05-14 07:00:00,EQX1004,38.5816,-121.4944,0.0,2477.6,2477.6,985.6,31798.4,2.4,35.0,83.4,GOOD,18,245.9,,ONLINE,OFF
TEL-10448,2025-05-14 08:00:00,EQX1004,38.584683,-121.495585,7.9,2478.1,2478.1,985.7,31804.9,157.7,33.1,83.3,GOOD,10,104.4,,ONLINE,ON
TEL-10449,2025-05-14 09:00:00,EQX1004,38.585298,-121.497133,29.5,2478.6,2478.6,985.8,31810.6,136.1,31.5,83.2,GOOD,0,190.2,,ONLINE,ON
TEL-10450,2025-05-14 10:00:00,EQX1004,38.579793,-121.493751,24.0,2479.1,2479.1,985.9,31814.8,101.3,30.3,83.1,GOOD,4,15.2,,ONLINE,ON
TEL-10451,2025-05-14 11:00:00,EQX1004,38.582551,-121.494353,26.9,2479.6,2479.6,986.0,31820.4,133.7,28.7,83.0,GOOD,12,44.4,,ONLINE,ON
TEL-10452,2025-05-14 12:00:00,EQX1004,38.582082,-121.496774,15.1,2480.1,2480.1,986.1,31826.3,141.6,27.0,82.9,GOOD,22,39.1,,ONLINE,ON
TEL-10453,2025-05-14 13:00:00,EQX1004,38.583122,-121.497439,9.0,2480.6,2480.6,986.2,31832.5,149.8,25.2,82.8,GOOD,7,72.7,,ONLINE,ON
TEL-10454,2025-05-14 14:00:00,EQX1004,38.58236,-121.498275,13.0,2481.1,2481.1,986.3,31838.2,137.3,23.6,82.7,GOOD,6,96.2,,ONLINE,ON
TEL-10455,2025-05-14 15:00:00,EQX1004,38.586477,-121.493238,22.8,2481.6,2481.6,986.4,31842.3,98.4,22.4,82.6,GOOD,4,132.1,,ONLINE,ON
TEL-10456,2025-05-14 16:00:00,EQX1004,38.57816,-121.492115,32.7,2482.1,2482.1,986.5,31847.3,118.3,21.0,82.5,GOOD,7,284.7,,ONLINE,ON
TEL-10457,2025-05-14 17:00:00,EQX1004,38.576737,-121.492462,32.8,2482.6,2482.6,986.6,31854.8,179.5,18.9,82.4,GOOD,0,99.6,,ONLINE,ON
TEL-10458,2025-05-14 18:00:00,EQX1004,38.5816,-121.4944,0.0,2482.6,2482.6,986.6,31854.9,2.4,18.9,82.3,GOOD,24,77.6,,ONLINE,OFF
TEL-10459,2025-05-14 19:00:00,EQX1004,38.5816,-121.4944,0.0,2482.6,2482.6,986.6,31855.0,2.4,18.8,82.2,GOOD,22,200.5,,ONLINE,OFF
TEL-10460,2025-05-14 20:00:00,EQX1004,38.5816,-121.4944,0.0,2482.6,2482.6,986.6,31855.1,2.4,18.8,82.1,GOOD,8,51.1,,ONLINE,OFF
TEL-10461,2025-05-14 21:00:00,EQX1004,38.5816,-121.4944,0.0,2482.6,2482.6,986.6,31855.2,2.4,18.8,82.0,GOOD,1,139.5,,ONLINE,OFF
TEL-10462,2025-05-14 22:00:00,EQX1004,38.5816,-121.4944,0.0,2482.6,2482.6,986.6,31855.3,2.4,18.8,81.9,GOOD,21,255.6,,ONLINE,OFF
TEL-10463,2025-05-14 23:00:00,EQX1004,38.5816,-121.4944,0.0,2482.6,2482.6,986.6,31855.4,2.4,18.7,81.8,CRITICAL,12,69.4,P0562,ONLINE,OFF
TEL-10464,2025-05-15 00:00:00,EQX1004,38.5816,-121.4944,0.0,2482.6,2482.6,986.6,31855.5,2.4,18.7,81.7,GOOD,10,145.4,,ONLINE,OFF
TEL-10465,2025-05-15 01:00:00,EQX1004,38.5816,-121.4944,0.0,2482.6,2482.6,986.6,31855.6,2.4,18.7,81.6,GOOD,30,137.4,,ONLINE,OFF
TEL-10466,2025-05-15 02:00:00,EQX1004,38.5816,-121.4944,0.0,2482.6,2482.6,986.6,31855.7,2.4,18.6,81.5,WARNING,29,158.8,P0087,ONLINE,OFF
TEL-10467,2025-05-15 03:00:00,EQX1004,38.5816,-121.4944,0.0,2482.6,2482.6,986.6,31855.8,2.4,18.6,81.4,GOOD,11,205.3,,ONLINE,OFF
TEL-10468,2025-05-15 04:00:00,EQX1004,38.5816,-121.4944,0.0,2482.6,2482.6,986.6,31855.9,2.4,18.6,81.3,GOOD,16,82.8,,ONLINE,OFF
TEL-10469,2025-05-15 05:00:00,EQX1004,38.5816,-121.4944,0.0,2482.6,2482.6,986.6,31856.0,2.4,18.6,81.2,GOOD,26,297.1,,ONLINE,OFF
TEL-10470,2025-05-15 06:00:00,EQX1004,38.5816,-121.4944,0.0,2482.6,2482.6,986.6,31856.1,2.4,18.5,81.1,GOOD,10,269.2,,ONLINE,OFF
TEL-10471,2025-05-15 07:00:00,EQX1004,38.5816,-121.4944,0.0,2482.6,2482.6,986.6,31856.2,2.4,18.5,81.0,GOOD,30,203.4,,ONLINE,OFF
TEL-10472,2025-05-15 08:00:00,EQX1004,38.582329,-121.495135,31.2,2483.1,2483.1,986.7,31862.9,162.0,16.6,80.9,GOOD,14,162.7,,ONLINE,ON
TEL-10473,2025-05-15 09:00:00,EQX1004,38.584601,-121.490774,11.2,2483.6,2483.6,986.8,31867.5,109.2,15.3,80.8,GOOD,16,272.9,,ONLINE,ON
TEL-10474,2025-05-15 10:00:00,EQX1004,38.583162,-121.493752,17.9,2484.1,2484.1,986.9,31875.1,183.4,13.1,80.7,GOOD,17,284.6,,ONLINE,ON
TEL-10475,2025-05-15 11:00:00,EQX1004,38.583871,-121.491746,8.6,2484.6,2484.6,987.0,31880.4,126.5,11.6,80.6,GOOD,13,91.0,,ONLINE,ON
TEL-10476,2025-05-15 12:00:00,EQX1004,38.583983,-121.49788,27.4,2485.1,2485.1,987.1,31887.7,175.0,95.0,80.5,GOOD,0,228.7,,ONLINE,ON
TEL-10477,2025-05-15 13:00:00,EQX1004,38.578909,-121.497078,23.4,2485.6,2485.6,987.2,31892.7,121.7,93.6,80.4,GOOD,22,233.9,,ONLINE,ON
TEL-10478,2025-05-15 14:00:00,EQX1004,38.583096,-121.49756,9.0,2486.1,2486.1,987.3,31900.1,177.1,91.4,80.3,GOOD,5,58.0,,ONLINE,ON
TEL-10479,2025-05-15 15:00:00,EQX1004,38.579299,-121.49527,6.0,2486.6,2486.6,987.4,31907.2,169.4,89.4,80.2,GOOD,24,61.4,,OFFLINE,ON
TEL-10480,2025-05-15 16:00:00,EQX1004,38.582771,-121.492521,10.3,2487.1,2487.1,987.5,31915.0,187.7,87.2,80.1,GOOD,13,121.5,,ONLINE,ON
TEL-10481,2025-05-15 17:00:00,EQX1004,38.579729,-121.493285,6.3,2487.6,2487.6,987.6,31921.9,166.6,85.2,80.0,GOOD,16,192.4,,ONLINE,ON
TEL-10482,2025-05-15 18:00:00,EQX1004,38.5816,-121.4944,0.0,2487.6,2487.6,987.6,31922.0,2.4,85.2,79.9,WARNING,14,137.1,P0017,ONLINE,OFF
TEL-10483,2025-05-15 19:00:00,EQX1004,38.5816,-121.4944,0.0,2487.6,2487.6,987.6,31922.1,2.4,85.2,79.8,GOOD,17,118.7,,ONLINE,OFF
TEL-10484,2025-05-15 20:00:00,EQX1004,38.5816,-121.4944,0.0,2487.6,2487.6,987.6,31922.2,2.4,85.1,79.7,GOOD,20,288.8,,ONLINE,OFF
TEL-10485,2025-05-15 21:00:00,EQX1004,38.5816,-121.4944,0.0,2487.6,2487.6,987.6,31922.3,2.4,85.1,79.6,GOOD,24,248.3,,ONLINE,OFF
TEL-10486,2025-05-15 22:00:00,EQX1004,38.5816,-121.4944,0.0,2487.6,2487.6,987.6,31922.4,2.4,85.1,79.5,GOOD,1,207.0,,ONLINE,OFF
TEL-10487,2025-05-15 23:00:00,EQX1004,38.5816,-121.4944,0.0,2487.6,2487.6,987.6,31922.5,2.4,85.0,79.4,GOOD,2,216.8,,ONLINE,OFF
TEL-10488,2025-05-16 00:00:00,EQX1004,38.5816,-121.4944,0.0,2487.6,2487.6,987.6,31922.6,2.4,85.0,79.3,GOOD,22,163.9,,ONLINE,OFF
TEL-10489,2025-05-16 01:00:00,EQX1004,38.5816,-121.4944,0.0,2487.6,2487.6,987.6,31922.7,2.4,85.0,79.2,GOOD,14,177.1,,ONLINE,OFF
TEL-10490,2025-05-16 02:00:00,EQX1004,38.5816,-121.4944,0.0,2487.6,2487.6,987.6,31922.8,2.4,85.0,79.1,GOOD,8,97.2,,ONLINE,OFF
TEL-10491,2025-05-16 03:00:00,EQX1004,38.5816,-121.4944,0.0,2487.6,2487.6,987.6,31922.9,2.4,84.9,79.0,GOOD,23,37.1,,ONLINE,OFF
TEL-10492,2025-05-16 04:00:00,EQX1004,38.5816,-121.4944,0.0,2487.6,2487.6,987.6,31923.0,2.4,84.9,78.9,GOOD,16,212.2,,ONLINE,OFF
TEL-10493,2025-05-16 05:00:00,EQX1004,38.5816,-121.4944,0.0,2487.6,2487.6,987.6,31923.1,2.4,84.9,78.8,GOOD,5,113.6,,ONLINE,OFF
TEL-10494,2025-05-16 06:00:00,EQX1004,38.5816,-121.4944,0.0,2487.6,2487.6,987.6,31923.2,2.4,84.8,78.7,GOOD,18,261.4,,ONLINE,OFF
TEL-10495,2025-05-16 07:00:00,EQX1004,38.5816,-121.4944,0.0,2487.6,2487.6,987.6,31923.3,2.4,84.8,78.6,GOOD,24,213.6,,ONLINE,OFF
TEL-10496,2025-05-16 08:00:00,EQX1004,38.581063,-121.493135,17.6,2488.1,2488.1,987.7,31928.6,125.8,83.3,78.5,GOOD,6,1.1,,ONLINE,ON
TEL-10497,2025-05-16 09:00:00,EQX1004,38.581586,-121.491325,28.0,2488.6,2488.6,987.8,31932.6,97.2,82.2,78.4,GOOD,6,176.7,,ONLINE,ON
TEL-10498,2025-05-16 10:00:00,EQX1004,38.582601,-121.496953,19.3,2489.1,2489.1,987.9,31938.3,135.4,80.5,78.3,GOOD,17,246.0,,ONLINE,ON
TEL-10499,2025-05-16 11:00:00,EQX1004,38.58009,-121.497946,11.2,2489.6,2489.6,988.0,31943.0,113.8,79.2,78.2,WARNING,26,181.0,P0420,ONLINE,ON
TEL-10500,2025-05-16 12:00:00,EQX1004,38.586537,-121.497787,14.9,2490.1,2490.1,988.1,31947.3,104.4,77.9,78.1,GOOD,22,178.5,,ONLINE,ON
TEL-10501,2024-12-10 08:00:00,EQX1005,40.585186,-122.392911,32.9,2819.9,2819.9,714.0,34869.1,104.9,83.8,83.1,GOOD,17,19.5,,ONLINE,ON
TEL-10502,2024-12-10 09:00:00,EQX1005,40.584792,-122.392562,19.1,2820.4,2820.4,714.1,34873.6,107.8,82.5,83.0,GOOD,1,32.8,,ONLINE,ON
TEL-10503,2024-12-10 10:00:00,EQX1005,40.586337,-122.389813,26.9,2820.9,2820.9,714.2,34880.1,156.5,80.6,82.9,GOOD,9,128.1,,ONLINE,ON
TEL-10504,2024-12-10 11:00:00,EQX1005,40.587732,-122.387429,30.4,2821.4,2821.4,714.3,34885.1,121.0,79.2,82.8,GOOD,23,189.6,,ONLINE,ON
TEL-10505,2024-12-10 12:00:00,EQX1005,40.588586,-122.386907,19.8,2821.9,2821.9,714.4,34889.8,113.3,77.8,82.7,WARNING,14,187.6,P0017,ONLINE,ON
TEL-10506,2024-12-10 13:00:00,EQX1005,40.59149,-122.39256,8.5,2822.4,2822.4,714.5,34897.2,177.4,75.7,82.6,GOOD,20,63.7,,ONLINE,ON
TEL-10507,2024-12-10 14:00:00,EQX1005,40.582178,-122.393697,24.2,2822.9,2822.9,714.6,34904.0,162.2,73.8,82.5,GOOD,3,205.8,,ONLINE,ON
TEL-10508,2024-12-10 15:00:00,EQX1005,40.581791,-122.394944,15.2,2823.4,2823.4,714.7,34910.9,165.6,71.8,82.4,GOOD,21,143.7,,ONLINE,ON
TEL-10509,2024-12-10 16:00:00,EQX1005,40.583054,-122.392094,19.2,2823.9,2823.9,714.8,34915.0,99.4,70.6,82.3,GOOD,14,235.2,,ONLINE,ON
TEL-10510,2024-12-10 17:00:00,EQX1005,40.584493,-122.38945,17.4,2824.4,2824.4,714.9,34922.0,167.3,68.6,82.2,GOOD,6,173.2,,ONLINE,ON
TEL-10511,2024-12-10 18:00:00,EQX1005,40.5865,-122.3917,0.0,2824.4,2824.4,714.9,34922.1,2.4,68.6,82.1,GOOD,2,290.9,,ONLINE,OFF
TEL-10512,2024-12-10 19:00:00,EQX1005,40.5865,-122.3917,0.0,2824.4,2824.4,714.9,34922.2,2.4,68.6,82.0,WARNING,20,160.3,P0300,ONLINE,OFF
TEL-10513,2024-12-10 20:00:00,EQX1005,40.5865,-122.3917,0.0,2824.4,2824.4,714.9,34922.3,2.4,68.5,81.9,GOOD,3,259.4,,ONLINE,OFF
TEL-10514,2024-12-10 21:00:00,EQX1005,40.5865,-122.3917,0.0,2824.4,2824.4,714.9,34922.4,2.4,68.5,81.8,GOOD,1,81.4,,ONLINE,OFF
TEL-10515,2024-12-10 22:00:00,EQX1005,40.5865,-122.3917,0.0,2824.4,2824.4,714.9,34922.5,2.4,68.5,81.7,GOOD,26,285.2,,ONLINE,OFF
TEL-10516,2024-12-10 23:00:00,EQX1005,40.5865,-122.3917,0.0,2824.4,2824.4,714.9,34922.6,2.4,68.5,81.6,GOOD,25,11.2,,ONLINE,OFF
TEL-10517,2024-12-11 00:00:00,EQX1005,40.5865,-122.3917,0.0,2824.4,2824.4,714.9,34922.7,2.4,68.4,81.5,GOOD,25,144.8,,ONLINE,OFF
TEL-10518,2024-12-11 01:00:00,EQX1005,40.5865,-122.3917,0.0,2824.4,2824.4,714.9,34922.8,2.4,68.4,81.4,GOOD,23,262.2,,ONLINE,OFF
TEL-10519,2024-12-11 02:00:00,EQX1005,40.5865,-122.3917,0.0,2824.4,2824.4,714.9,34922.9,2.4,68.4,81.3,GOOD,3,246.6,,ONLINE,OFF
TEL-10520,2024-12-11 03:00:00,EQX1005,40.5865,-122.3917,0.0,2824.4,2824.4,714.9,34923.0,2.4,68.3,81.2,GOOD,23,11.0,,ONLINE,OFF
TEL-10521,2024-12-11 04:00:00,EQX1005,40.5865,-122.3917,0.0,2824.4,2824.4,714.9,34923.1,2.4,68.3,81.1,GOOD,9,279.7,,ONLINE,OFF
TEL-10522,2024-12-11 05:00:00,EQX1005,40.5865,-122.3917,0.0,2824.4,2824.4,714.9,34923.2,2.4,68.3,81.0,GOOD,14,266.8,,ONLINE,OFF
TEL-10523,2024-12-11 06:00:00,EQX1005,40.5865,-122.3917,0.0,2824.4,2824.4,714.9,34923.3,2.4,68.3,80.9,GOOD,0,173.3,,ONLINE,OFF
TEL-10524,2024-12-11 07:00:00,EQX1005,40.5865,-122.3917,0.0,2824.4,2824.4,714.9,34923.4,2.4,68.2,80.8,GOOD,6,86.0,,ONLINE,OFF
TEL-10525,2024-12-11 08:00:00,EQX1005,40.584227,-122.395125,21.0,2824.9,2824.9,715.0,34930.5,170.2,66.2,80.7,GOOD,17,154.2,,ONLINE,ON
TEL-10526,2024-12-11 09:00:00,EQX1005,40.582916,-122.389656,11.2,2825.4,2825.4,715.1,34935.9,129.6,64.7,80.6,GOOD,2,93.4,,ONLINE,ON
TEL-10527,2024-12-11 10:00:00,EQX1005,40.58179,-122.387667,31.8,2825.9,2825.9,715.2,34942.0,147.8,62.9,80.5,GOOD,2,127.9,,ONLINE,ON
TEL-10528,2024-12-11 11:00:00,EQX1005,40.589862,-122.389706,10.4,2826.4,2826.4,715.3,34948.4,153.1,61.1,80.4,GOOD,26,59.4,,ONLINE,ON
TEL-10529,2024-12-11 12:00:00,EQX1005,40.590728,-122.389056,27.8,2826.9,2826.9,715.4,34955.7,173.8,59.0,80.3,GOOD,25,275.9,,ONLINE,ON
TEL-10530,2024-12-11 13:00:00,EQX1005,40.588602,-122.392046,19.0,2827.4,2827.4,715.5,34961.5,139.7,57.3,80.2,GOOD,27,268.7,,ONLINE,ON
TEL-10531,2024-12-11 14:00:00,EQX1005,40.590673,-122.393397,12.7,2827.9,2827.9,715.6,34966.9,130.8,55.8,80.1,GOOD,15,9.1,,ONLINE,ON
TEL-10532,2024-12-11 15:00:00,EQX1005,40.583208,-122.389021,19.3,2828.4,2828.4,715.7,34972.3,129.8,54.2,80.0,GOOD,3,121.7,,ONLINE,ON
TEL-10533,2024-12-11 16:00:00,EQX1005,40.582209,-122.393679,26.4,2828.9,2828.9,715.8,34976.8,106.3,53.0,79.9,GOOD,7,186.3,,ONLINE,ON
TEL-10534,2024-12-11 17:00:00,EQX1005,40.584907,-122.388561,21.4,2829.4,2829.4,715.9,34984.7,189.6,50.7,79.8,GOOD,13,170.2,,ONLINE,ON
TEL-10535,2024-12-11 18:00:00,EQX1005,40.5865,-122.3917,0.0,2829.4,2829.4,715.9,34984.8,2.4,50.7,79.7,GOOD,21,23.4,,ONLINE,OFF
TEL-10536,2024-12-11 19:00:00,EQX1005,40.5865,-122.3917,0.0,2829.4,2829.4,715.9,34984.9,2.4,50.7,79.6,GOOD,18,178.8,,ONLINE,OFF
TEL-10537,2024-12-11 20:00:00,EQX1005,40.5865,-122.3917,0.0,2829.4,2829.4,715.9,34985.0,2.4,50.6,79.5,GOOD,9,286.8,,ONLINE,OFF
TEL-10538,2024-12-11 21:00:00,EQX1005,40.5865,-122.3917,0.0,2829.4,2829.4,715.9,34985.1,2.4,50.6,79.4,GOOD,24,246.0,,ONLINE,OFF
TEL-10539,2024-12-11 22:00:00,EQX1005,40.5865,-122.3917,0.0,2829.4,2829.4,715.9,34985.2,2.4,50.6,79.3,GOOD,6,245.1,,ONLINE,OFF
TEL-10540,2024-12-11 23:00:00,EQX1005,40.5865,-122.3917,0.0,2829.4,2829.4,715.9,34985.3,2.4,50.5,79.2,GOOD,0,227.1,,ONLINE,OFF
TEL-10541,2024-12-12 00:00:00,EQX1005,40.5865,-122.3917,0.0,2829.4,2829.4,715.9,34985.4,2.4,50.5,79.1,GOOD,19,173.4,,ONLINE,OFF
TEL-10542,2024-12-12 01:00:00,EQX1005,40.5865,-122.3917,0.0,2829.4,2829.4,715.9,34985.5,2.4,50.5,79.0,GOOD,18,238.3,,ONLINE,OFF
TEL-10543,2024-12-12 02:00:00,EQX1005,40.5865,-122.3917,0.0,2829.4,2829.4,715.9,34985.6,2.4,50.5,78.9,GOOD,22,294.8,,ONLINE,OFF
TEL-10544,2024-12-12 03:00:00,EQX1005,40.5865,-122.3917,0.0,2829.4,2829.4,715.9,34985.7,2.4,50.4,78.8,CRITICAL,12,254.3,P0420,ONLINE,OFF
TEL-10545,2024-12-12 04:00:00,EQX1005,40.5865,-122.3917,0.0,2829.4,2829.4,715.9,34985.8,2.4,50.4,78.7,GOOD,30,15.9,,ONLINE,OFF
TEL-10546,2024-12-12 05:00:00,EQX1005,40.5865,-122.3917,0.0,2829.4,2829.4,715.9,34985.9,2.4,50.4,78.6,GOOD,27,84.7,,ONLINE,OFF
TEL-10547,2024-12-12 06:00:00,EQX1005,40.5865,-122.3917,0.0,2829.4,2829.4,715.9,34986.0,2.4,50.3,78.5,GOOD,20,95.4,,ONLINE,OFF
TEL-10548,2024-12-12 07:00:00,EQX1005,40.5865,-122.3917,0.0,2829.4,2829.4,715.9,34986.1,2.4,50.3,78.4,GOOD,21,52.0,,ONLINE,OFF
TEL-10549,2024-12-12 08:00:00,EQX1005,40.585103,-122.392528,9.2,2829.9,2829.9,716.0,34992.3,149.3,48.5,78.3,GOOD,4,40.3,,ONLINE,ON
TEL-10550,2024-12-12 09:00:00,EQX1005,40.586367,-122.392333,7.2,2830.4,2830.4,716.1,34996.4,97.4,47.4,78.2,GOOD,20,241.8,,ONLINE,ON
TEL-10551,2024-12-12 10:00:00,EQX1005,40.590803,-122.390468,30.8,2830.9,2830.9,716.2,35003.9,181.7,45.2,78.1,GOOD,26,135.0,,ONLINE,ON
TEL-10552,2024-12-12 11:00:00,EQX1005,40.587279,-122.388232,15.7,2831.4,2831.4,716.3,35008.7,113.8,43.9,78.0,GOOD,13,278.0,,ONLINE,ON
TEL-10553,2024-12-12 12:00:00,EQX1005,40.586333,-122.393014,22.3,2831.9,2831.9,716.4,35012.8,99.1,42.7,77.9,GOOD,2,42.6,,ONLINE,ON
TEL-10554,2024-12-12 13:00:00,EQX1005,40.589289,-122.392051,26.9,2832.4,2832.4,716.5,35020.7,190.3,40.4,77.8,GOOD,2,73.6,,ONLINE,ON
TEL-10555,2024-12-12 14:00:00,EQX1005,40.588341,-122.391308,23.9,2832.9,2832.9,716.6,35027.4,159.6,38.5,77.7,GOOD,28,103.1,,ONLINE,ON
TEL-10556,2024-12-12 15:00:00,EQX1005,40.586192,-122.389362,28.4,2833.4,2833.4,716.7,35033.3,141.1,36.8,77.6,GOOD,25,88.4,,ONLINE,ON
TEL-10557,2024-12-12 16:00:00,EQX1005,40.584541,-122.38885,10.0,2833.9,2833.9,716.8,35040.0,162.7,34.9,77.5,GOOD,18,50.7,,ONLINE,ON
TEL-10558,2024-12-12 17:00:00,EQX1005,40.587743,-122.393832,6.5,2834.4,2834.4,716.9,35048.0,191.0,32.6,77.4,GOOD,27,235.1,,ONLINE,ON
TEL-10559,2024-12-12 18:00:00,EQX1005,40.5865,-122.3917,0.0,2834.4,2834.4,716.9,35048.1,2.4,32.6,77.3,GOOD,8,4.3,,ONLINE,OFF
TEL-10560,2024-12-12 19:00:00,EQX1005,40.5865,-122.3917,0.0,2834.4,2834.4,716.9,35048.2,2.4,32.6,77.2,GOOD,4,197.7,,ONLINE,OFF
TEL-10561,2024-12-12 20:00:00,EQX1005,40.5865,-122.3917,0.0,2834.4,2834.4,716.9,35048.3,2.4,32.5,77.1,GOOD,7,145.5,,ONLINE,OFF
TEL-10562,2024-12-12 21:00:00,EQX1005,40.5865,-122.3917,0.0,2834.4,2834.4,716.9,35048.4,2.4,32.5,77.0,GOOD,2,290.2,,ONLINE,OFF
TEL-10563,2024-12-12 22:00:00,EQX1005,40.5865,-122.3917,0.0,2834.4,2834.4,716.9,35048.5,2.4,32.5,76.9,GOOD,24,298.1,,ONLINE,OFF
TEL-10564,2024-12-12 23:00:00,EQX1005,40.5865,-122.3917,0.0,2834.4,2834.4,716.9,35048.6,2.4,32.5,76.8,GOOD,20,50.2,,ONLINE,OFF
TEL-10565,2024-12-13 00:00:00,EQX1005,40.5865,-122.3917,0.0,2834.4,2834.4,716.9,35048.7,2.4,32.4,76.7,GOOD,8,226.6,,ONLINE,OFF
TEL-10566,2024-12-13 01:00:00,EQX1005,40.5865,-122.3917,0.0,2834.4,2834.4,716.9,35048.8,2.4,32.4,76.6,GOOD,9,142.9,,ONLINE,OFF
TEL-10567,2024-12-13 02:00:00,EQX1005,40.5865,-122.3917,0.0,2834.4,2834.4,716.9,35048.9,2.4,32.4,76.5,GOOD,21,211.7,,ONLINE,OFF
TEL-10568,2024-12-13 03:00:00,EQX1005,40.5865,-122.3917,0.0,2834.4,2834.4,716.9,35049.0,2.4,32.3,76.4,GOOD,0,86.6,,ONLINE,OFF
TEL-10569,2024-12-13 04:00:00,EQX1005,40.5865,-122.3917,0.0,2834.4,2834.4,716.9,35049.1,2.4,32.3,76.3,GOOD,16,204.9,,ONLINE,OFF
TEL-10570,2024-12-13 05:00:00,EQX1005,40.5865,-122.3917,0.0,2834.4,2834.4,716.9,35049.2,2.4,32.3,76.2,GOOD,30,253.3,,ONLINE,OFF
TEL-10571,2024-12-13 06:00:00,EQX1005,40.5865,-122.3917,0.0,2834.4,2834.4,716.9,35049.3,2.4,32.3,76.1,GOOD,8,80.1,,ONLINE,OFF
TEL-10572,2024-12-13 07:00:00,EQX1005,40.5865,-122.3917,0.0,2834.4,2834.4,716.9,35049.4,2.4,32.2,76.0,GOOD,24,202.6,,ONLINE,OFF
TEL-10573,2024-12-13 08:00:00,EQX1005,40.5867,-122.389923,12.3,2834.9,2834.9,717.0,35056.1,160.6,30.3,75.9,GOOD,0,201.8,,ONLINE,ON
TEL-10574,2024-12-13 09:00:00,EQX1005,40.582539,-122.392241,30.0,2835.4,2835.4,717.1,35060.1,97.2,29.2,75.8,GOOD,6,10.2,,ONLINE,ON
TEL-10575,2024-12-13 10:00:00,EQX1005,40.59044,-122.394532,23.6,2835.9,2835.9,717.2,35064.4,101.5,28.0,75.7,GOOD,30,36.0,,ONLINE,ON
TEL-10576,2024-12-13 11:00:00,EQX1005,40.590499,-122.391039,30.7,2836.4,2836.4,717.3,35068.9,108.5,26.7,75.6,GOOD,22,55.3,,ONLINE,ON
TEL-10577,2024-12-13 12:00:00,EQX1005,40.586034,-122.386748,13.8,2836.9,2836.9,717.4,35075.5,159.4,24.8,75.5,GOOD,21,231.0,,ONLINE,ON
TEL-10578,2024-12-13 13:00:00,EQX1005,40.589271,-122.392872,14.7,2837.4,2837.4,717.5,35080.2,111.6,23.4,75.4,GOOD,30,243.8,,ONLINE,ON
TEL-10579,2024-12-13 14:00:00,EQX1005,40.583507,-122.392774,10.3,2837.9,2837.9,717.6,35084.5,102.7,22.2,75.3,GOOD,17,230.6,,ONLINE,ON
TEL-10580,2024-12-13 15:00:00,EQX1005,40.588654,-122.395667,11.6,2838.4,2838.4,717.7,35091.0,157.7,20.3,75.2,GOOD,8,233.2,,ONLINE,ON
TEL-10581,2024-12-13 16:00:00,EQX1005,40.581509,-122.396322,5.6,2838.9,2838.9,717.8,35097.0,143.8,18.6,75.1,GOOD,10,271.4,,ONLINE,ON
TEL-10582,2024-12-13 17:00:00,EQX1005,40.586407,-122.392339,22.2,2839.4,2839.4,717.9,35103.1,145.4,16.9,75.0,GOOD,25,21.0,,ONLINE,ON
TEL-10583,2024-12-13 18:00:00,EQX1005,40.5865,-122.3917,0.0,2839.4,2839.4,717.9,35103.2,2.4,16.9,74.9,GOOD,24,144.6,,ONLINE,OFF
TEL-10584,2024-12-13 19:00:00,EQX1005,40.5865,-122.3917,0.0,2839.4,2839.4,717.9,35103.3,2.4,16.8,74.8,GOOD,21,90.8,,ONLINE,OFF
TEL-10585,2024-12-13 20:00:00,EQX1005,40.5865,-122.3917,0.0,2839.4,2839.4,717.9,35103.4,2.4,16.8,74.7,GOOD,11,160.4,,ONLINE,OFF
TEL-10586,2024-12-13 21:00:00,EQX1005,40.5865,-122.3917,0.0,2839.4,2839.4,717.9,35103.5,2.4,16.8,74.6,GOOD,24,87.0,,ONLINE,OFF
TEL-10587,2024-12-13 22:00:00,EQX1005,40.5865,-122.3917,0.0,2839.4,2839.4,717.9,35103.6,2.4,16.7,74.5,GOOD,21,57.3,,ONLINE,OFF
TEL-10588,2024-12-13 23:00:00,EQX1005,40.5865,-122.3917,0.0,2839.4,2839.4,717.9,35103.7,2.4,16.7,74.4,GOOD,11,146.0,,ONLINE,OFF
TEL-10589,2024-12-14 00:00:00,EQX1005,40.5865,-122.3917,0.0,2839.4,2839.4,717.9,35103.8,2.4,16.7,74.3,GOOD,1,57.9,,ONLINE,OFF
TEL-10590,2024-12-14 01:00:00,EQX1005,40.5865,-122.3917,0.0,2839.4,2839.4,717.9,35103.9,2.4,16.7,74.2,GOOD,2,237.8,,ONLINE,OFF
TEL-10591,2024-12-14 02:00:00,EQX1005,40.5865,-122.3917,0.0,2839.4,2839.4,717.9,35104.0,2.4,16.6,74.1,GOOD,25,134.8,,ONLINE,OFF
TEL-10592,2024-12-14 03:00:00,EQX1005,40.5865,-122.3917,0.0,2839.4,2839.4,717.9,35104.1,2.4,16.6,74.0,WARNING,10,236.3,P0017,ONLINE,OFF
TEL-10593,2024-12-14 04:00:00,EQX1005,40.5865,-122.3917,0.0,2839.4,2839.4,717.9,35104.2,2.4,16.6,73.9,GOOD,21,156.9,,ONLINE,OFF
TEL-10594,2024-12-14 05:00:00,EQX1005,40.5865,-122.3917,0.0,2839.4,2839.4,717.9,35104.3,2.4,16.5,73.8,GOOD,23,173.8,,ONLINE,OFF
TEL-10595,2024-12-14 06:00:00,EQX1005,40.5865,-122.3917,0.0,2839.4,2839.4,717.9,35104.4,2.4,16.5,73.7,WARNING,15,196.1,P0087,ONLINE,OFF
TEL-10596,2024-12-14 07:00:00,EQX1005,40.5865,-122.3917,0.0,2839.4,2839.4,717.9,35104.5,2.4,16.5,73.6,GOOD,22,194.6,,ONLINE,OFF
TEL-10597,2024-12-14 08:00:00,EQX1005,40.589707,-122.395727,5.4,2839.9,2839.9,718.0,35111.0,156.7,14.6,73.5,GOOD,2,245.3,,ONLINE,ON
TEL-10598,2024-12-14 09:00:00,EQX1005,40.583706,-122.388655,8.2,2840.4,2840.4,718.1,35117.0,143.8,12.9,73.4,GOOD,23,203.5,,ONLINE,ON
TEL-10599,2024-12-14 10:00:00,EQX1005,40.582873,-122.388336,14.7,2840.9,2840.9,718.2,35124.9,189.6,10.7,73.3,GOOD,18,52.0,,ONLINE,ON
TEL-10600,2024-12-14 11:00:00,EQX1005,40.583181,-122.393001,6.9,2841.4,2841.4,718.3,35130.0,122.4,95.0,73.2,GOOD,18,12.2,,ONLINE,ON
TEL-10601,2024-12-14 12:00:00,EQX1005,40.589277,-122.396544,8.0,2841.9,2841.9,718.4,35137.4,177.4,92.9,73.1,CRITICAL,29,26.7,P0087,ONLINE,ON
TEL-10602,2024-12-14 13:00:00,EQX1005,40.589574,-122.388974,24.6,2842.4,2842.4,718.5,35144.9,181.2,90.7,73.0,GOOD,20,81.3,,ONLINE,ON
TEL-10603,2024-12-14 14:00:00,EQX1005,40.588417,-122.390737,18.5,2842.9,2842.9,718.6,35149.9,119.0,89.3,72.9,GOOD,2,188.2,,ONLINE,ON
TEL-10604,2024-12-14 15:00:00,EQX1005,40.583856,-122.395525,28.5,2843.4,2843.4,718.7,35155.3,129.4,87.8,72.8,GOOD,11,258.8,,OFFLINE,ON
TEL-10605,2024-12-14 16:00:00,EQX1005,40.587765,-122.394619,34.6,2843.9,2843.9,718.8,35161.3,144.7,86.1,72.7,GOOD,4,205.6,,ONLINE,ON
TEL-10606,2024-12-14 17:00:00,EQX1005,40.588201,-122.396269,34.1,2844.4,2844.4,718.9,35167.2,141.6,84.4,72.6,GOOD,13,75.4,,ONLINE,ON
TEL-10607,2024-12-14 18:00:00,EQX1005,40.5865,-122.3917,0.0,2844.4,2844.4,718.9,35167.3,2.4,84.3,72.5,GOOD,3,222.1,,ONLINE,OFF
TEL-10608,2024-12-14 19:00:00,EQX1005,40.5865,-122.3917,0.0,2844.4,2844.4,718.9,35167.4,2.4,84.3,72.4,GOOD,15,154.5,,ONLINE,OFF
TEL-10609,2024-12-14 20:00:00,EQX1005,40.5865,-122.3917,0.0,2844.4,2844.4,718.9,35167.5,2.4,84.3,72.3,GOOD,18,97.8,,ONLINE,OFF
TEL-10610,2024-12-14 21:00:00,EQX1005,40.5865,-122.3917,0.0,2844.4,2844.4,718.9,35167.6,2.4,84.3,72.2,GOOD,24,33.0,,ONLINE,OFF
TEL-10611,2024-12-14 22:00:00,EQX1005,40.5865,-122.3917,0.0,2844.4,2844.4,718.9,35167.7,2.4,84.2,72.1,GOOD,6,112.7,,ONLINE,OFF
TEL-10612,2024-12-14 23:00:00,EQX1005,40.5865,-122.3917,0.0,2844.4,2844.4,718.9,35167.8,2.4,84.2,72.0,GOOD,28,130.8,,ONLINE,OFF
TEL-10613,2024-12-15 00:00:00,EQX1005,40.5865,-122.3917,0.0,2844.4,2844.4,718.9,35167.9,2.4,84.2,71.9,GOOD,11,40.9,,ONLINE,OFF
TEL-10614,2024-12-15 01:00:00,EQX1005,40.5865,-122.3917,0.0,2844.4,2844.4,718.9,35168.0,2.4,84.1,71.8,GOOD,6,100.8,,ONLINE,OFF
TEL-10615,2024-12-15 02:00:00,EQX1005,40.5865,-122.3917,0.0,2844.4,2844.4,718.9,35168.1,2.4,84.1,71.7,GOOD,3,255.5,,ONLINE,OFF
TEL-10616,2024-12-15 03:00:00,EQX1005,40.5865,-122.3917,0.0,2844.4,2844.4,718.9,35168.2,2.4,84.1,71.6,GOOD,28,88.5,,ONLINE,OFF
TEL-10617,2024-12-15 04:00:00,EQX1005,40.5865,-122.3917,0.0,2844.4,2844.4,718.9,35168.3,2.4,84.1,71.5,GOOD,28,51.0,,ONLINE,OFF
TEL-10618,2024-12-15 05:00:00,EQX1005,40.5865,-122.3917,0.0,2844.4,2844.4,718.9,35168.4,2.4,84.0,71.4,GOOD,27,156.5,,ONLINE,OFF
TEL-10619,2024-12-15 06:00:00,EQX1005,40.5865,-122.3917,0.0,2844.4,2844.4,718.9,35168.5,2.4,84.0,71.3,GOOD,14,83.8,,ONLINE,OFF
TEL-10620,2024-12-15 07:00:00,EQX1005,40.5865,-122.3917,0.0,2844.4,2844.4,718.9,35168.6,2.4,84.0,71.2,GOOD,10,130.3,,ONLINE,OFF
TEL-10621,2024-12-15 08:00:00,EQX1005,40.590638,-122.387717,11.7,2844.9,2844.9,719.0,35176.3,185.0,81.8,71.1,GOOD,15,220.0,,ONLINE,ON
TEL-10622,2024-12-15 09:00:00,EQX1005,40.589597,-122.389733,20.1,2845.4,2845.4,719.1,35182.0,136.8,80.1,71.0,GOOD,2,167.5,,ONLINE,ON
TEL-10623,2024-12-15 10:00:00,EQX1005,40.582827,-122.393742,5.4,2845.9,2845.9,719.2,35189.0,166.3,78.2,70.9,GOOD,15,200.7,,ONLINE,ON
TEL-10624,2024-12-15 11:00:00,EQX1005,40.587337,-122.386936,9.9,2846.4,2846.4,719.3,35194.8,140.2,76.5,70.8,GOOD,22,121.6,,ONLINE,ON
TEL-10625,2024-12-15 12:00:00,EQX1005,40.587834,-122.388096,28.7,2846.9,2846.9,719.4,35200.3,131.5,74.9,70.7,GOOD,10,159.3,,ONLINE,ON
TEL-10626,2024-11-24 08:00:00,EQX1006,37.387305,-121.965843,22.3,1249.6,1249.6,532.0,16360.7,115.9,83.6,84.4,GOOD,29,202.4,,ONLINE,ON
TEL-10627,2024-11-24 09:00:00,EQX1006,37.387291,-121.965544,31.6,1250.1,1250.1,532.1,16365.2,106.6,82.4,84.3,GOOD,2,168.2,,ONLINE,ON
TEL-10628,2024-11-24 10:00:00,EQX1006,37.386496,-121.96271,28.2,1250.6,1250.6,532.2,16369.7,109.2,81.1,84.2,GOOD,27,287.7,,ONLINE,ON
TEL-10629,2024-11-24 11:00:00,EQX1006,37.384627,-121.966526,11.3,1251.1,1251.1,532.3,16376.7,167.5,79.1,84.1,GOOD,2,111.8,,ONLINE,ON
TEL-10630,2024-11-24 12:00:00,EQX1006,37.385802,-121.963881,18.6,1251.6,1251.6,532.4,16382.7,144.2,77.3,84.0,GOOD,14,186.3,,ONLINE,ON
TEL-10631,2024-11-24 13:00:00,EQX1006,37.390509,-121.968544,29.0,1252.1,1252.1,532.5,16390.5,186.7,75.1,83.9,GOOD,2,117.2,,ONLINE,ON
TEL-10632,2024-11-24 14:00:00,EQX1006,37.382748,-121.96808,10.4,1252.6,1252.6,532.6,16398.3,187.9,72.9,83.8,GOOD,6,156.2,,ONLINE,ON
TEL-10633,2024-11-24 15:00:00,EQX1006,37.386514,-121.96788,23.8,1253.1,1253.1,532.7,16403.5,124.1,71.4,83.7,GOOD,20,6.4,,ONLINE,ON
TEL-10634,2024-11-24 16:00:00,EQX1006,37.389449,-121.964004,10.7,1253.6,1253.6,532.8,16407.6,98.2,70.2,83.6,GOOD,20,193.8,,ONLINE,ON
TEL-10635,2024-11-24 17:00:00,EQX1006,37.389519,-121.964747,14.8,1254.1,1254.1,532.9,16413.9,152.9,68.4,83.5,GOOD,25,91.9,,ONLINE,ON
TEL-10636,2024-11-24 18:00:00,EQX1006,37.3861,-121.9642,0.0,1254.1,1254.1,532.9,16414.0,2.4,68.4,83.4,GOOD,9,230.9,,ONLINE,OFF
TEL-10637,2024-11-24 19:00:00,EQX1006,37.3861,-121.9642,0.0,1254.1,1254.1,532.9,16414.1,2.4,68.4,83.3,GOOD,5,185.6,,ONLINE,OFF
TEL-10638,2024-11-24 20:00:00,EQX1006,37.3861,-121.9642,0.0,1254.1,1254.1,532.9,16414.2,2.4,68.3,83.2,GOOD,5,251.8,,ONLINE,OFF
TEL-10639,2024-11-24 21:00:00,EQX1006,37.3861,-121.9642,0.0,1254.1,1254.1,532.9,16414.3,2.4,68.3,83.1,GOOD,7,35.1,,ONLINE,OFF
TEL-10640,2024-11-24 22:00:00,EQX1006,37.3861,-121.9642,0.0,1254.1,1254.1,532.9,16414.4,2.4,68.3,83.0,GOOD,11,55.3,,ONLINE,OFF
TEL-10641,2024-11-24 23:00:00,EQX1006,37.3861,-121.9642,0.0,1254.1,1254.1,532.9,16414.5,2.4,68.2,82.9,WARNING,11,44.4,P0217,ONLINE,OFF
TEL-10642,2024-11-25 00:00:00,EQX1006,37.3861,-121.9642,0.0,1254.1,1254.1,532.9,16414.6,2.4,68.2,82.8,GOOD,3,276.1,,ONLINE,OFF
TEL-10643,2024-11-25 01:00:00,EQX1006,37.3861,-121.9642,0.0,1254.1,1254.1,532.9,16414.7,2.4,68.2,82.7,GOOD,14,278.3,,ONLINE,OFF
TEL-10644,2024-11-25 02:00:00,EQX1006,37.3861,-121.9642,0.0,1254.1,1254.1,532.9,16414.8,2.4,68.2,82.6,GOOD,16,99.4,,ONLINE,OFF
TEL-10645,2024-11-25 03:00:00,EQX1006,37.3861,-121.9642,0.0,1254.1,1254.1,532.9,16414.9,2.4,68.1,82.5,GOOD,30,226.2,,ONLINE,OFF
TEL-10646,2024-11-25 04:00:00,EQX1006,37.3861,-121.9642,0.0,1254.1,1254.1,532.9,16415.0,2.4,68.1,82.4,GOOD,23,272.1,,ONLINE,OFF
TEL-10647,2024-11-25 05:00:00,EQX1006,37.3861,-121.9642,0.0,1254.1,1254.1,532.9,16415.1,2.4,68.1,82.3,GOOD,28,12.0,,ONLINE,OFF
TEL-10648,2024-11-25 06:00:00,EQX1006,37.3861,-121.9642,0.0,1254.1,1254.1,532.9,16415.2,2.4,68.0,82.2,GOOD,19,252.3,,ONLINE,OFF
TEL-10649,2024-11-25 07:00:00,EQX1006,37.3861,-121.9642,0.0,1254.1,1254.1,532.9,16415.3,2.4,68.0,82.1,GOOD,20,58.5,,ONLINE,OFF
TEL-10650,2024-11-25 08:00:00,EQX1006,37.383057,-121.968364,20.8,1254.6,1254.6,533.0,16422.5,171.1,66.0,82.0,GOOD,30,26.2,,ONLINE,ON
TEL-10651,2024-11-25 09:00:00,EQX1006,37.387151,-121.959766,20.4,1255.1,1255.1,533.1,16427.3,114.7,64.6,81.9,GOOD,4,214.8,,ONLINE,ON
TEL-10652,2024-11-25 10:00:00,EQX1006,37.384549,-121.966119,17.8,1255.6,1255.6,533.2,16432.8,133.0,63.0,81.8,GOOD,6,218.4,,OFFLINE,ON
TEL-10653,2024-11-25 11:00:00,EQX1006,37.383986,-121.961143,18.3,1256.1,1256.1,533.3,16440.8,191.3,60.8,81.7,GOOD,28,124.3,,ONLINE,ON
TEL-10654,2024-11-25 12:00:00,EQX1006,37.384132,-121.959316,30.1,1256.6,1256.6,533.4,16447.2,153.4,58.9,81.6,GOOD,29,288.0,,ONLINE,ON
TEL-10655,2024-11-25 13:00:00,EQX1006,37.390244,-121.965055,27.7,1257.1,1257.1,533.5,16451.5,104.4,57.7,81.5,GOOD,24,274.5,,ONLINE,ON
TEL-10656,2024-11-25 14:00:00,EQX1006,37.386006,-121.960972,11.0,1257.6,1257.6,533.6,16458.8,175.9,55.6,81.4,GOOD,15,167.8,,ONLINE,ON
TEL-10657,2024-11-25 15:00:00,EQX1006,37.383727,-121.95964,18.9,1258.1,1258.1,533.7,16462.9,98.6,54.4,81.3,GOOD,20,199.8,,OFFLINE,ON
TEL-10658,2024-11-25 16:00:00,EQX1006,37.387548,-121.968916,13.6,1258.6,1258.6,533.8,16467.7,113.3,53.1,81.2,GOOD,2,179.7,,ONLINE,ON
TEL-10659,2024-11-25 17:00:00,EQX1006,37.383679,-121.962341,15.9,1259.1,1259.1,533.9,16473.6,142.1,51.4,81.1,GOOD,11,153.8,,ONLINE,ON
TEL-10660,2024-11-25 18:00:00,EQX1006,37.3861,-121.9642,0.0,1259.1,1259.1,533.9,16473.7,2.4,51.3,81.0,GOOD,1,43.8,,ONLINE,OFF
TEL-10661,2024-11-25 19:00:00,EQX1006,37.3861,-121.9642,0.0,1259.1,1259.1,533.9,16473.8,2.4,51.3,80.9,GOOD,1,81.8,,ONLINE,OFF
TEL-10662,2024-11-25 20:00:00,EQX1006,37.3861,-121.9642,0.0,1259.1,1259.1,533.9,16473.9,2.4,51.3,80.8,GOOD,9,87.5,,ONLINE,OFF
TEL-10663,2024-11-25 21:00:00,EQX1006,37.3861,-121.9642,0.0,1259.1,1259.1,533.9,16474.0,2.4,51.3,80.7,GOOD,20,55.0,,ONLINE,OFF
TEL-10664,2024-11-25 22:00:00,EQX1006,37.3861,-121.9642,0.0,1259.1,1259.1,533.9,16474.1,2.4,51.2,80.6,GOOD,27,94.9,,ONLINE,OFF
TEL-10665,2024-11-25 23:00:00,EQX1006,37.3861,-121.9642,0.0,1259.1,1259.1,533.9,16474.2,2.4,51.2,80.5,GOOD,22,206.5,,ONLINE,OFF
TEL-10666,2024-11-26 00:00:00,EQX1006,37.3861,-121.9642,0.0,1259.1,1259.1,533.9,16474.3,2.4,51.2,80.4,GOOD,0,41.1,,ONLINE,OFF
TEL-10667,2024-11-26 01:00:00,EQX1006,37.3861,-121.9642,0.0,1259.1,1259.1,533.9,16474.4,2.4,51.1,80.3,GOOD,29,273.2,,ONLINE,OFF
TEL-10668,2024-11-26 02:00:00,EQX1006,37.3861,-121.9642,0.0,1259.1,1259.1,533.9,16474.5,2.4,51.1,80.2,GOOD,6,238.5,,ONLINE,OFF
TEL-10669,2024-11-26 03:00:00,EQX1006,37.3861,-121.9642,0.0,1259.1,1259.1,533.9,16474.6,2.4,51.1,80.1,GOOD,27,159.6,,ONLINE,OFF
TEL-10670,2024-11-26 04:00:00,EQX1006,37.3861,-121.9642,0.0,1259.1,1259.1,533.9,16474.7,2.4,51.1,80.0,GOOD,14,274.8,,ONLINE,OFF
TEL-10671,2024-11-26 05:00:00,EQX1006,37.3861,-121.9642,0.0,1259.1,1259.1,533.9,16474.8,2.4,51.0,79.9,CRITICAL,9,207.3,P0217,ONLINE,OFF
TEL-10672,2024-11-26 06:00:00,EQX1006,37.3861,-121.9642,0.0,1259.1,1259.1,533.9,16474.9,2.4,51.0,79.8,GOOD,16,229.1,,ONLINE,OFF
TEL-10673,2024-11-26 07:00:00,EQX1006,37.3861,-121.9642,0.0,1259.1,1259.1,533.9,16475.0,2.4,51.0,79.7,GOOD,26,35.6,,ONLINE,OFF
TEL-10674,2024-11-26 08:00:00,EQX1006,37.384174,-121.967102,8.9,1259.6,1259.6,534.0,16481.8,162.7,49.0,79.6,GOOD,24,235.2,,ONLINE,ON
TEL-10675,2024-11-26 09:00:00,EQX1006,37.381525,-121.968122,7.3,1260.1,1260.1,534.1,16488.9,170.4,47.0,79.5,GOOD,1,140.7,,ONLINE,ON
TEL-10676,2024-11-26 10:00:00,EQX1006,37.381203,-121.968235,32.3,1260.6,1260.6,534.2,16493.0,100.1,45.8,79.4,GOOD,18,270.4,,ONLINE,ON
TEL-10677,2024-11-26 11:00:00,EQX1006,37.389559,-121.959782,10.5,1261.1,1261.1,534.3,16498.4,129.8,44.3,79.3,GOOD,5,256.5,,ONLINE,ON
TEL-10678,2024-11-26 12:00:00,EQX1006,37.381783,-121.961004,28.4,1261.6,1261.6,534.4,16504.9,154.8,42.4,79.2,GOOD,22,57.5,,ONLINE,ON
TEL-10679,2024-11-26 13:00:00,EQX1006,37.390836,-121.968213,13.5,1262.1,1262.1,534.5,16512.5,182.6,40.3,79.1,GOOD,22,142.4,,ONLINE,ON
TEL-10680,2024-11-26 14:00:00,EQX1006,37.382173,-121.960853,25.9,1262.6,1262.6,534.6,16517.2,113.8,38.9,79.0,GOOD,16,68.3,,ONLINE,ON
TEL-10681,2024-11-26 15:00:00,EQX1006,37.382203,-121.967841,8.4,1263.1,1263.1,534.7,16525.2,190.6,36.6,78.9,GOOD,17,216.6,,ONLINE,ON
TEL-10682,2024-11-26 16:00:00,EQX1006,37.385669,-121.961838,7.5,1263.6,1263.6,534.8,16531.2,143.3,34.9,78.8,GOOD,7,166.2,,ONLINE,ON
TEL-10683,2024-11-26 17:00:00,EQX1006,37.381796,-121.960789,13.7,1264.1,1264.1,534.9,16538.6,178.1,32.8,78.7,GOOD,5,3.8,,ONLINE,ON
TEL-10684,2024-11-26 18:00:00,EQX1006,37.3861,-121.9642,0.0,1264.1,1264.1,534.9,16538.7,2.4,32.8,78.6,GOOD,16,197.6,,ONLINE,OFF
TEL-10685,2024-11-26 19:00:00,EQX1006,37.3861,-121.9642,0.0,1264.1,1264.1,534.9,16538.8,2.4,32.7,78.5,GOOD,18,293.3,,ONLINE,OFF
TEL-10686,2024-11-26 20:00:00,EQX1006,37.3861,-121.9642,0.0,1264.1,1264.1,534.9,16538.9,2.4,32.7,78.4,GOOD,11,292.6,,ONLINE,OFF
TEL-10687,2024-11-26 21:00:00,EQX1006,37.3861,-121.9642,0.0,1264.1,1264.1,534.9,16539.0,2.4,32.7,78.3,GOOD,3,69.9,,ONLINE,OFF
TEL-10688,2024-11-26 22:00:00,EQX1006,37.3861,-121.9642,0.0,1264.1,1264.1,534.9,16539.1,2.4,32.7,78.2,GOOD,24,174.6,,ONLINE,OFF
TEL-10689,2024-11-26 23:00:00,EQX1006,37.3861,-121.9642,0.0,1264.1,1264.1,534.9,16539.2,2.4,32.6,78.1,GOOD,12,106.8,,ONLINE,OFF
TEL-10690,2024-11-27 00:00:00,EQX1006,37.3861,-121.9642,0.0,1264.1,1264.1,534.9,16539.3,2.4,32.6,78.0,GOOD,16,83.7,,ONLINE,OFF
TEL-10691,2024-11-27 01:00:00,EQX1006,37.3861,-121.9642,0.0,1264.1,1264.1,534.9,16539.4,2.4,32.6,77.9,GOOD,15,69.2,,ONLINE,OFF
TEL-10692,2024-11-27 02:00:00,EQX1006,37.3861,-121.9642,0.0,1264.1,1264.1,534.9,16539.5,2.4,32.5,77.8,WARNING,1,249.1,P0562,ONLINE,OFF
TEL-10693,2024-11-27 03:00:00,EQX1006,37.3861,-121.9642,0.0,1264.1,1264.1,534.9,16539.6,2.4,32.5,77.7,WARNING,12,181.4,P0087,ONLINE,OFF
TEL-10694,2024-11-27 04:00:00,EQX1006,37.3861,-121.9642,0.0,1264.1,1264.1,534.9,16539.7,2.4,32.5,77.6,GOOD,24,23.0,,ONLINE,OFF
TEL-10695,2024-11-27 05:00:00,EQX1006,37.3861,-121.9642,0.0,1264.1,1264.1,534.9,16539.8,2.4,32.5,77.5,GOOD,6,88.1,,ONLINE,OFF
TEL-10696,2024-11-27 06:00:00,EQX1006,37.3861,-121.9642,0.0,1264.1,1264.1,534.9,16539.9,2.4,32.4,77.4,GOOD,25,257.9,,ONLINE,OFF
TEL-10697,2024-11-27 07:00:00,EQX1006,37.3861,-121.9642,0.0,1264.1,1264.1,534.9,16540.0,2.4,32.4,77.3,GOOD,13,264.0,,ONLINE,OFF
TEL-10698,2024-11-27 08:00:00,EQX1006,37.385526,-121.96884,8.6,1264.6,1264.6,535.0,16545.8,139.2,30.7,77.2,GOOD,24,90.9,,ONLINE,ON
TEL-10699,2024-11-27 09:00:00,EQX1006,37.388257,-121.964325,26.2,1265.1,1265.1,535.1,16551.7,143.3,29.0,77.1,GOOD,21,166.1,,ONLINE,ON
TEL-10700,2024-11-27 10:00:00,EQX1006,37.382663,-121.968643,21.2,1265.6,1265.6,535.2,16557.6,141.1,27.4,77.0,GOOD,12,185.1,,ONLINE,ON
TEL-10701,2024-11-27 11:00:00,EQX1006,37.381381,-121.968749,15.6,1266.1,1266.1,535.3,16565.5,189.8,25.1,76.9,GOOD,23,175.2,,ONLINE,ON
TEL-10702,2024-11-27 12:00:00,EQX1006,37.385381,-121.959281,28.0,1266.6,1266.6,535.4,16572.0,156.0,23.2,76.8,GOOD,7,74.3,,ONLINE,ON
TEL-10703,2024-11-27 13:00:00,EQX1006,37.381755,-121.966151,24.4,1267.1,1267.1,535.5,16578.4,152.9,21.4,76.7,CRITICAL,1,138.3,P0217,ONLINE,ON
TEL-10704,2024-11-27 14:00:00,EQX1006,37.383766,-121.96224,30.9,1267.6,1267.6,535.6,16584.7,150.5,19.6,76.6,GOOD,12,171.1,,ONLINE,ON
TEL-10705,2024-11-27 15:00:00,EQX1006,37.388009,-121.967141,14.7,1268.1,1268.1,535.7,16589.1,105.4,18.4,76.5,GOOD,21,101.9,,ONLINE,ON
TEL-10706,2024-11-27 16:00:00,EQX1006,37.38607,-121.960727,23.4,1268.6,1268.6,535.8,16594.5,130.8,16.8,76.4,GOOD,17,64.2,,ONLINE,ON
TEL-10707,2024-11-27 17:00:00,EQX1006,37.389146,-121.962954,13.0,1269.1,1269.1,535.9,16599.7,124.6,15.3,76.3,GOOD,18,28.4,,ONLINE,ON
TEL-10708,2024-11-27 18:00:00,EQX1006,37.3861,-121.9642,0.0,1269.1,1269.1,535.9,16599.8,2.4,15.3,76.2,GOOD,15,128.1,,ONLINE,OFF
TEL-10709,2024-11-27 19:00:00,EQX1006,37.3861,-121.9642,0.0,1269.1,1269.1,535.9,16599.9,2.4,15.3,76.1,GOOD,16,241.2,,ONLINE,OFF
TEL-10710,2024-11-27 20:00:00,EQX1006,37.3861,-121.9642,0.0,1269.1,1269.1,535.9,16600.0,2.4,15.3,76.0,GOOD,12,75.4,,ONLINE,OFF
TEL-10711,2024-11-27 21:00:00,EQX1006,37.3861,-121.9642,0.0,1269.1,1269.1,535.9,16600.1,2.4,15.2,75.9,GOOD,28,5.6,,ONLINE,OFF
TEL-10712,2024-11-27 22:00:00,EQX1006,37.3861,-121.9642,0.0,1269.1,1269.1,535.9,16600.2,2.4,15.2,75.8,GOOD,6,198.2,,ONLINE,OFF
TEL-10713,2024-11-27 23:00:00,EQX1006,37.3861,-121.9642,0.0,1269.1,1269.1,535.9,16600.3,2.4,15.2,75.7,GOOD,20,159.8,,ONLINE,OFF
TEL-10714,2024-11-28 00:00:00,EQX1006,37.3861,-121.9642,0.0,1269.1,1269.1,535.9,16600.4,2.4,15.1,75.6,GOOD,18,218.0,,ONLINE,OFF
TEL-10715,2024-11-28 01:00:00,EQX1006,37.3861,-121.9642,0.0,1269.1,1269.1,535.9,16600.5,2.4,15.1,75.5,GOOD,7,45.1,,ONLINE,OFF
TEL-10716,2024-11-28 02:00:00,EQX1006,37.3861,-121.9642,0.0,1269.1,1269.1,535.9,16600.6,2.4,15.1,75.4,GOOD,10,258.1,,ONLINE,OFF
TEL-10717,2024-11-28 03:00:00,EQX1006,37.3861,-121.9642,0.0,1269.1,1269.1,535.9,16600.7,2.4,15.1,75.3,GOOD,8,247.1,,ONLINE,OFF
TEL-10718,2024-11-28 04:00:00,EQX1006,37.3861,-121.9642,0.0,1269.1,1269.1,535.9,16600.8,2.4,15.0,75.2,GOOD,12,71.5,,ONLINE,OFF
TEL-10719,2024-11-28 05:00:00,EQX1006,37.3861,-121.9642,0.0,1269.1,1269.1,535.9,16600.9,2.4,15.0,75.1,WARNING,14,145.6,P0217,ONLINE,OFF
TEL-10720,2024-11-28 06:00:00,EQX1006,37.3861,-121.9642,0.0,1269.1,1269.1,535.9,16601.0,2.4,15.0,75.0,GOOD,6,47.8,,ONLINE,OFF
TEL-10721,2024-11-28 07:00:00,EQX1006,37.3861,-121.9642,0.0,1269.1,1269.1,535.9,16601.1,2.4,14.9,74.9,GOOD,21,165.2,,ONLINE,OFF
TEL-10722,2024-11-28 08:00:00,EQX1006,37.388922,-121.968647,24.3,1269.6,1269.6,536.0,16605.3,100.1,13.7,74.8,GOOD,9,260.2,,ONLINE,ON
TEL-10723,2024-11-28 09:00:00,EQX1006,37.387674,-121.968297,32.0,1270.1,1270.1,536.1,16610.9,135.1,12.1,74.7,GOOD,4,70.8,,ONLINE,ON
TEL-10724,2024-11-28 10:00:00,EQX1006,37.387742,-121.963396,22.1,1270.6,1270.6,536.2,16616.9,144.0,10.4,74.6,GOOD,15,265.4,,ONLINE,ON
TEL-10725,2024-11-28 11:00:00,EQX1006,37.384393,-121.963357,12.1,1271.1,1271.1,536.3,16621.4,107.8,95.0,74.5,GOOD,7,280.7,,ONLINE,ON
TEL-10726,2024-11-28 12:00:00,EQX1006,37.383845,-121.965116,11.5,1271.6,1271.6,536.4,16625.8,106.3,93.7,74.4,GOOD,17,112.4,,ONLINE,ON
TEL-10727,2024-11-28 13:00:00,EQX1006,37.387927,-121.959567,33.5,1272.1,1272.1,536.5,16631.1,126.5,92.2,74.3,GOOD,11,142.6,,ONLINE,ON
TEL-10728,2024-11-28 14:00:00,EQX1006,37.390152,-121.968852,16.0,1272.6,1272.6,536.6,16636.3,125.5,90.7,74.2,GOOD,1,207.2,,ONLINE,ON
TEL-10729,2024-11-28 15:00:00,EQX1006,37.384193,-121.959615,28.7,1273.1,1273.1,536.7,16641.3,119.0,89.3,74.1,GOOD,3,160.5,,ONLINE,ON
TEL-10730,2024-11-28 16:00:00,EQX1006,37.390707,-121.959925,12.1,1273.6,1273.6,536.8,16647.1,138.5,87.7,74.0,GOOD,29,246.8,,OFFLINE,ON
TEL-10731,2024-11-28 17:00:00,EQX1006,37.390259,-121.962886,12.1,1274.1,1274.1,536.9,16651.9,116.2,86.3,73.9,GOOD,13,236.8,,ONLINE,ON
TEL-10732,2024-11-28 18:00:00,EQX1006,37.3861,-121.9642,0.0,1274.1,1274.1,536.9,16652.0,2.4,86.3,73.8,GOOD,15,141.3,,ONLINE,OFF
TEL-10733,2024-11-28 19:00:00,EQX1006,37.3861,-121.9642,0.0,1274.1,1274.1,536.9,16652.1,2.4,86.2,73.7,GOOD,28,275.6,,ONLINE,OFF
TEL-10734,2024-11-28 20:00:00,EQX1006,37.3861,-121.9642,0.0,1274.1,1274.1,536.9,16652.2,2.4,86.2,73.6,GOOD,2,105.6,,ONLINE,OFF
TEL-10735,2024-11-28 21:00:00,EQX1006,37.3861,-121.9642,0.0,1274.1,1274.1,536.9,16652.3,2.4,86.2,73.5,GOOD,14,208.6,,ONLINE,OFF
TEL-10736,2024-11-28 22:00:00,EQX1006,37.3861,-121.9642,0.0,1274.1,1274.1,536.9,16652.4,2.4,86.1,73.4,GOOD,14,237.3,,ONLINE,OFF
TEL-10737,2024-11-28 23:00:00,EQX1006,37.3861,-121.9642,0.0,1274.1,1274.1,536.9,16652.5,2.4,86.1,73.3,GOOD,10,172.7,,ONLINE,OFF
TEL-10738,2024-11-29 00:00:00,EQX1006,37.3861,-121.9642,0.0,1274.1,1274.1,536.9,16652.6,2.4,86.1,73.2,GOOD,24,249.2,,ONLINE,OFF
TEL-10739,2024-11-29 01:00:00,EQX1006,37.3861,-121.9642,0.0,1274.1,1274.1,536.9,16652.7,2.4,86.1,73.1,GOOD,25,281.8,,ONLINE,OFF
TEL-10740,2024-11-29 02:00:00,EQX1006,37.3861,-121.9642,0.0,1274.1,1274.1,536.9,16652.8,2.4,86.0,73.0,GOOD,5,206.2,,ONLINE,OFF
TEL-10741,2024-11-29 03:00:00,EQX1006,37.3861,-121.9642,0.0,1274.1,1274.1,536.9,16652.9,2.4,86.0,72.9,GOOD,13,110.3,,ONLINE,OFF
TEL-10742,2024-11-29 04:00:00,EQX1006,37.3861,-121.9642,0.0,1274.1,1274.1,536.9,16653.0,2.4,86.0,72.8,GOOD,18,67.3,,ONLINE,OFF
TEL-10743,2024-11-29 05:00:00,EQX1006,37.3861,-121.9642,0.0,1274.1,1274.1,536.9,16653.1,2.4,85.9,72.7,GOOD,20,68.6,,ONLINE,OFF
TEL-10744,2024-11-29 06:00:00,EQX1006,37.3861,-121.9642,0.0,1274.1,1274.1,536.9,16653.2,2.4,85.9,72.6,GOOD,27,50.6,,ONLINE,OFF
TEL-10745,2024-11-29 07:00:00,EQX1006,37.3861,-121.9642,0.0,1274.1,1274.1,536.9,16653.3,2.4,85.9,72.5,GOOD,2,287.4,,ONLINE,OFF
TEL-10746,2024-11-29 08:00:00,EQX1006,37.386358,-121.961466,10.1,1274.6,1274.6,537.0,16659.6,150.5,84.1,72.4,GOOD,15,35.6,,OFFLINE,ON
TEL-10747,2024-11-29 09:00:00,EQX1006,37.388921,-121.96632,26.4,1275.1,1275.1,537.1,16664.3,114.2,82.7,72.3,GOOD,27,62.0,,ONLINE,ON
TEL-10748,2024-11-29 10:00:00,EQX1006,37.382994,-121.967396,11.5,1275.6,1275.6,537.2,16671.6,175.2,80.6,72.2,GOOD,8,70.6,,ONLINE,ON
TEL-10749,2024-11-29 11:00:00,EQX1006,37.387572,-121.968343,18.5,1276.1,1276.1,537.3,16676.6,119.8,79.2,72.1,GOOD,22,119.3,,ONLINE,ON
TEL-10750,2024-11-29 12:00:00,EQX1006,37.387072,-121.968469,11.4,1276.6,1276.6,537.4,16682.1,132.7,77.6,72.0,GOOD,29,70.5,,ONLINE,ON
TEL-10751,2024-08-13 08:00:00,EQX1007,35.370837,-119.017503,22.9,3206.8,3206.8,1600.1,44311.5,167.8,83.0,98.6,GOOD,11,39.7,,ONLINE,ON
TEL-10752,2024-08-13 09:00:00,EQX1007,35.369999,-119.018772,31.8,3207.3,3207.3,1600.2,44315.7,99.8,81.8,98.5,GOOD,2,95.2,,ONLINE,ON
TEL-10753,2024-08-13 10:00:00,EQX1007,35.368742,-119.022421,20.9,3207.8,3207.8,1600.3,44320.2,109.7,80.5,98.4,GOOD,23,108.2,,ONLINE,ON
TEL-10754,2024-08-13 11:00:00,EQX1007,35.376596,-119.014433,17.9,3208.3,3208.3,1600.4,44327.8,182.6,78.3,98.3,GOOD,5,94.7,,ONLINE,ON
TEL-10755,2024-08-13 12:00:00,EQX1007,35.37683,-119.017126,34.8,3208.8,3208.8,1600.5,44334.9,169.2,76.3,98.2,GOOD,4,16.4,,ONLINE,ON
TEL-10756,2024-08-13 13:00:00,EQX1007,35.372971,-119.02254,10.5,3209.3,3209.3,1600.6,44340.8,141.1,74.6,98.1,GOOD,14,107.0,,ONLINE,ON
TEL-10757,2024-08-13 14:00:00,EQX1007,35.376758,-119.015031,26.3,3209.8,3209.8,1600.7,44346.7,142.6,72.9,98.0,GOOD,27,85.2,,ONLINE,ON
TEL-10758,2024-08-13 15:00:00,EQX1007,35.373932,-119.017069,30.0,3210.3,3210.3,1600.8,44353.7,168.0,70.9,97.9,GOOD,0,157.8,,ONLINE,ON
TEL-10759,2024-08-13 16:00:00,EQX1007,35.375983,-119.016931,22.1,3210.8,3210.8,1600.9,44359.4,136.1,69.3,97.8,GOOD,21,294.4,,ONLINE,ON
TEL-10760,2024-08-13 17:00:00,EQX1007,35.369361,-119.020465,8.7,3211.3,3211.3,1601.0,44364.9,131.8,67.8,97.7,WARNING,26,212.3,P0300,ONLINE,ON
TEL-10761,2024-08-13 18:00:00,EQX1007,35.3733,-119.0187,0.0,3211.3,3211.3,1601.0,44365.0,2.4,67.7,97.6,GOOD,21,1.7,,ONLINE,OFF
TEL-10762,2024-08-13 19:00:00,EQX1007,35.3733,-119.0187,0.0,3211.3,3211.3,1601.0,44365.1,2.4,67.7,97.5,GOOD,10,284.2,,ONLINE,OFF
TEL-10763,2024-08-13 20:00:00,EQX1007,35.3733,-119.0187,0.0,3211.3,3211.3,1601.0,44365.2,2.4,67.7,97.4,GOOD,4,63.4,,ONLINE,OFF
TEL-10764,2024-08-13 21:00:00,EQX1007,35.3733,-119.0187,0.0,3211.3,3211.3,1601.0,44365.3,2.4,67.6,97.3,GOOD,1,223.1,,ONLINE,OFF
TEL-10765,2024-08-13 22:00:00,EQX1007,35.3733,-119.0187,0.0,3211.3,3211.3,1601.0,44365.4,2.4,67.6,97.2,GOOD,8,53.4,,ONLINE,OFF
TEL-10766,2024-08-13 23:00:00,EQX1007,35.3733,-119.0187,0.0,3211.3,3211.3,1601.0,44365.5,2.4,67.6,97.1,GOOD,27,62.5,,ONLINE,OFF
TEL-10767,2024-08-14 00:00:00,EQX1007,35.3733,-119.0187,0.0,3211.3,3211.3,1601.0,44365.6,2.4,67.6,97.0,GOOD,30,196.2,,ONLINE,OFF
TEL-10768,2024-08-14 01:00:00,EQX1007,35.3733,-119.0187,0.0,3211.3,3211.3,1601.0,44365.7,2.4,67.5,96.9,GOOD,25,276.5,,ONLINE,OFF
TEL-10769,2024-08-14 02:00:00,EQX1007,35.3733,-119.0187,0.0,3211.3,3211.3,1601.0,44365.8,2.4,67.5,96.8,GOOD,3,249.6,,ONLINE,OFF
TEL-10770,2024-08-14 03:00:00,EQX1007,35.3733,-119.0187,0.0,3211.3,3211.3,1601.0,44365.9,2.4,67.5,96.7,GOOD,15,80.5,,ONLINE,OFF
TEL-10771,2024-08-14 04:00:00,EQX1007,35.3733,-119.0187,0.0,3211.3,3211.3,1601.0,44366.0,2.4,67.4,96.6,GOOD,11,184.2,,ONLINE,OFF
TEL-10772,2024-08-14 05:00:00,EQX1007,35.3733,-119.0187,0.0,3211.3,3211.3,1601.0,44366.1,2.4,67.4,96.5,GOOD,10,292.0,,ONLINE,OFF
TEL-10773,2024-08-14 06:00:00,EQX1007,35.3733,-119.0187,0.0,3211.3,3211.3,1601.0,44366.2,2.4,67.4,96.4,GOOD,29,148.6,,ONLINE,OFF
TEL-10774,2024-08-14 07:00:00,EQX1007,35.3733,-119.0187,0.0,3211.3,3211.3,1601.0,44366.3,2.4,67.4,96.3,GOOD,13,23.8,,ONLINE,OFF
TEL-10775,2024-08-14 08:00:00,EQX1007,35.375143,-119.020696,29.0,3211.8,3211.8,1601.1,44371.5,124.8,65.9,96.2,GOOD,18,14.3,,ONLINE,ON
TEL-10776,2024-08-14 09:00:00,EQX1007,35.372549,-119.022755,7.3,3212.3,3212.3,1601.2,44375.6,100.3,64.7,96.1,GOOD,8,106.6,,ONLINE,ON
TEL-10777,2024-08-14 10:00:00,EQX1007,35.375705,-119.019071,22.6,3212.8,3212.8,1601.3,44382.7,169.7,62.7,96.0,GOOD,1,25.0,,OFFLINE,ON
TEL-10778,2024-08-14 11:00:00,EQX1007,35.37285,-119.016997,31.3,3213.3,3213.3,1601.4,44387.9,124.6,61.2,95.9,GOOD,30,275.4,,ONLINE,ON
TEL-10779,2024-08-14 12:00:00,EQX1007,35.378122,-119.021107,29.3,3213.8,3213.8,1601.5,44392.7,116.2,59.8,95.8,GOOD,0,1.8,,ONLINE,ON
TEL-10780,2024-08-14 13:00:00,EQX1007,35.375218,-119.015012,8.5,3214.3,3214.3,1601.6,44397.4,112.6,58.4,95.7,GOOD,15,90.8,,ONLINE,ON
TEL-10781,2024-08-14 14:00:00,EQX1007,35.377931,-119.016949,29.4,3214.8,3214.8,1601.7,44403.9,155.3,56.6,95.6,GOOD,4,4.2,,ONLINE,ON
TEL-10782,2024-08-14 15:00:00,EQX1007,35.37689,-119.021608,8.4,3215.3,3215.3,1601.8,44408.0,97.4,55.4,95.5,GOOD,13,252.6,,ONLINE,ON
TEL-10783,2024-08-14 16:00:00,EQX1007,35.375997,-119.022218,30.7,3215.8,3215.8,1601.9,44414.1,147.6,53.7,95.4,GOOD,28,45.7,,ONLINE,ON
TEL-10784,2024-08-14 17:00:00,EQX1007,35.376898,-119.017848,26.1,3216.3,3216.3,1602.0,44422.0,188.6,51.4,95.3,GOOD,26,117.5,,ONLINE,ON
TEL-10785,2024-08-14 18:00:00,EQX1007,35.3733,-119.0187,0.0,3216.3,3216.3,1602.0,44422.1,2.4,51.4,95.2,GOOD,13,293.8,,ONLINE,OFF
TEL-10786,2024-08-14 19:00:00,EQX1007,35.3733,-119.0187,0.0,3216.3,3216.3,1602.0,44422.2,2.4,51.4,95.1,GOOD,17,299.7,,ONLINE,OFF
TEL-10787,2024-08-14 20:00:00,EQX1007,35.3733,-119.0187,0.0,3216.3,3216.3,1602.0,44422.3,2.4,51.4,95.0,GOOD,23,183.4,,ONLINE,OFF
TEL-10788,2024-08-14 21:00:00,EQX1007,35.3733,-119.0187,0.0,3216.3,3216.3,1602.0,44422.4,2.4,51.3,94.9,GOOD,22,18.2,,ONLINE,OFF
TEL-10789,2024-08-14 22:00:00,EQX1007,35.3733,-119.0187,0.0,3216.3,3216.3,1602.0,44422.5,2.4,51.3,94.8,GOOD,8,267.9,,OFFLINE,OFF
TEL-10790,2024-08-14 23:00:00,EQX1007,35.3733,-119.0187,0.0,3216.3,3216.3,1602.0,44422.6,2.4,51.3,94.7,GOOD,30,193.9,,ONLINE,OFF
TEL-10791,2024-08-15 00:00:00,EQX1007,35.3733,-119.0187,0.0,3216.3,3216.3,1602.0,44422.7,2.4,51.2,94.6,GOOD,23,57.7,,ONLINE,OFF
TEL-10792,2024-08-15 01:00:00,EQX1007,35.3733,-119.0187,0.0,3216.3,3216.3,1602.0,44422.8,2.4,51.2,94.5,GOOD,29,205.5,,ONLINE,OFF
TEL-10793,2024-08-15 02:00:00,EQX1007,35.3733,-119.0187,0.0,3216.3,3216.3,1602.0,44422.9,2.4,51.2,94.4,GOOD,14,39.3,,ONLINE,OFF
TEL-10794,2024-08-15 03:00:00,EQX1007,35.3733,-119.0187,0.0,3216.3,3216.3,1602.0,44423.0,2.4,51.2,94.3,GOOD,26,282.4,,ONLINE,OFF
TEL-10795,2024-08-15 04:00:00,EQX1007,35.3733,-119.0187,0.0,3216.3,3216.3,1602.0,44423.1,2.4,51.1,94.2,GOOD,27,48.6,,ONLINE,OFF
TEL-10796,2024-08-15 05:00:00,EQX1007,35.3733,-119.0187,0.0,3216.3,3216.3,1602.0,44423.2,2.4,51.1,94.1,GOOD,15,38.7,,ONLINE,OFF
TEL-10797,2024-08-15 06:00:00,EQX1007,35.3733,-119.0187,0.0,3216.3,3216.3,1602.0,44423.3,2.4,51.1,94.0,GOOD,13,282.9,,ONLINE,OFF
TEL-10798,2024-08-15 07:00:00,EQX1007,35.3733,-119.0187,0.0,3216.3,3216.3,1602.0,44423.4,2.4,51.0,93.9,GOOD,0,107.6,,ONLINE,OFF
TEL-10799,2024-08-15 08:00:00,EQX1007,35.376895,-119.018665,12.8,3216.8,3216.8,1602.1,44430.1,161.0,49.1,93.8,GOOD,3,185.3,,ONLINE,ON
TEL-10800,2024-08-15 09:00:00,EQX1007,35.371703,-119.020148,8.6,3217.3,3217.3,1602.2,44435.0,117.6,47.7,93.7,WARNING,8,268.9,P0420,ONLINE,ON
TEL-10801,2024-08-15 10:00:00,EQX1007,35.369341,-119.023196,30.6,3217.8,3217.8,1602.3,44442.5,179.8,45.6,93.6,GOOD,30,252.5,,ONLINE,ON
TEL-10802,2024-08-15 11:00:00,EQX1007,35.376122,-119.014226,8.3,3218.3,3218.3,1602.4,44446.9,106.1,44.3,93.5,GOOD,3,50.1,,ONLINE,ON
TEL-10803,2024-08-15 12:00:00,EQX1007,35.375583,-119.016618,8.5,3218.8,3218.8,1602.5,44451.7,115.7,42.9,93.4,GOOD,27,29.8,,ONLINE,ON
TEL-10804,2024-08-15 13:00:00,EQX1007,35.376786,-119.019309,24.4,3219.3,3219.3,1602.6,44457.0,128.2,41.4,93.3,GOOD,7,250.4,,ONLINE,ON
TEL-10805,2024-08-15 14:00:00,EQX1007,35.37096,-119.016548,19.2,3219.8,3219.8,1602.7,44462.2,123.6,39.9,93.2,GOOD,7,45.5,,ONLINE,ON
TEL-10806,2024-08-15 15:00:00,EQX1007,35.376318,-119.019566,27.6,3220.3,3220.3,1602.8,44467.9,136.6,38.3,93.1,GOOD,27,154.8,,ONLINE,ON
TEL-10807,2024-08-15 16:00:00,EQX1007,35.376002,-119.016524,25.5,3220.8,3220.8,1602.9,44475.7,186.5,36.1,93.0,GOOD,10,94.4,,ONLINE,ON
TEL-10808,2024-08-15 17:00:00,EQX1007,35.375892,-119.017098,34.5,3221.3,3221.3,1603.0,44480.3,111.8,34.8,92.9,GOOD,1,293.3,,ONLINE,ON
TEL-10809,2024-08-15 18:00:00,EQX1007,35.3733,-119.0187,0.0,3221.3,3221.3,1603.0,44480.4,2.4,34.7,92.8,GOOD,9,125.8,,ONLINE,OFF
TEL-10810,2024-08-15 19:00:00,EQX1007,35.3733,-119.0187,0.0,3221.3,3221.3,1603.0,44480.5,2.4,34.7,92.7,GOOD,23,222.8,,ONLINE,OFF
TEL-10811,2024-08-15 20:00:00,EQX1007,35.3733,-119.0187,0.0,3221.3,3221.3,1603.0,44480.6,2.4,34.7,92.6,WARNING,28,158.3,P0217,ONLINE,OFF
TEL-10812,2024-08-15 21:00:00,EQX1007,35.3733,-119.0187,0.0,3221.3,3221.3,1603.0,44480.7,2.4,34.7,92.5,GOOD,6,266.3,,ONLINE,OFF
TEL-10813,2024-08-15 22:00:00,EQX1007,35.3733,-119.0187,0.0,3221.3,3221.3,1603.0,44480.8,2.4,34.6,92.4,GOOD,11,266.3,,ONLINE,OFF
TEL-10814,2024-08-15 23:00:00,EQX1007,35.3733,-119.0187,0.0,3221.3,3221.3,1603.0,44480.9,2.4,34.6,92.3,GOOD,9,25.3,,ONLINE,OFF
TEL-10815,2024-08-16 00:00:00,EQX1007,35.3733,-119.0187,0.0,3221.3,3221.3,1603.0,44481.0,2.4,34.6,92.2,GOOD,28,37.8,,ONLINE,OFF
TEL-10816,2024-08-16 01:00:00,EQX1007,35.3733,-119.0187,0.0,3221.3,3221.3,1603.0,44481.1,2.4,34.5,92.1,GOOD,17,93.7,,ONLINE,OFF
TEL-10817,2024-08-16 02:00:00,EQX1007,35.3733,-119.0187,0.0,3221.3,3221.3,1603.0,44481.2,2.4,34.5,92.0,GOOD,28,239.0,,ONLINE,OFF
TEL-10818,2024-08-16 03:00:00,EQX1007,35.3733,-119.0187,0.0,3221.3,3221.3,1603.0,44481.3,2.4,34.5,91.9,GOOD,23,126.8,,ONLINE,OFF
TEL-10819,2024-08-16 04:00:00,EQX1007,35.3733,-119.0187,0.0,3221.3,3221.3,1603.0,44481.4,2.4,34.5,91.8,GOOD,8,188.1,,ONLINE,OFF
TEL-10820,2024-08-16 05:00:00,EQX1007,35.3733,-119.0187,0.0,3221.3,3221.3,1603.0,44481.5,2.4,34.4,91.7,WARNING,30,37.4,P0562,ONLINE,OFF
TEL-10821,2024-08-16 06:00:00,EQX1007,35.3733,-119.0187,0.0,3221.3,3221.3,1603.0,44481.6,2.4,34.4,91.6,GOOD,7,241.6,,ONLINE,OFF
TEL-10822,2024-08-16 07:00:00,EQX1007,35.3733,-119.0187,0.0,3221.3,3221.3,1603.0,44481.7,2.4,34.4,91.5,GOOD,20,199.7,,ONLINE,OFF
TEL-10823,2024-08-16 08:00:00,EQX1007,35.374969,-119.015549,30.3,3221.8,3221.8,1603.1,44486.7,118.6,33.0,91.4,GOOD,12,155.9,,ONLINE,ON
TEL-10824,2024-08-16 09:00:00,EQX1007,35.376528,-119.020087,12.4,3222.3,3222.3,1603.2,44492.0,127.4,31.4,91.3,GOOD,26,123.6,,ONLINE,ON
TEL-10825,2024-08-16 10:00:00,EQX1007,35.370448,-119.022919,7.8,3222.8,3222.8,1603.3,44497.7,136.8,29.8,91.2,GOOD,17,155.7,,ONLINE,ON
TEL-10826,2024-08-16 11:00:00,EQX1007,35.372534,-119.019299,16.8,3223.3,3223.3,1603.4,44502.7,121.2,28.4,91.1,GOOD,13,247.1,,ONLINE,ON
TEL-10827,2024-08-16 12:00:00,EQX1007,35.369594,-119.016655,9.3,3223.8,3223.8,1603.5,44507.2,108.2,27.1,91.0,GOOD,6,136.6,,ONLINE,ON
TEL-10828,2024-08-16 13:00:00,EQX1007,35.377517,-119.022512,6.0,3224.3,3224.3,1603.6,44511.9,111.1,25.8,90.9,GOOD,11,171.5,,ONLINE,ON
TEL-10829,2024-08-16 14:00:00,EQX1007,35.37821,-119.020667,6.2,3224.8,3224.8,1603.7,44516.5,110.6,24.4,90.8,GOOD,4,235.1,,ONLINE,ON
TEL-10830,2024-08-16 15:00:00,EQX1007,35.371135,-119.021869,17.7,3225.3,3225.3,1603.8,44524.2,186.0,22.2,90.7,CRITICAL,11,20.3,P0420,ONLINE,ON
TEL-10831,2024-08-16 16:00:00,EQX1007,35.372824,-119.020322,6.3,3225.8,3225.8,1603.9,44530.1,142.1,20.5,90.6,GOOD,26,181.7,,ONLINE,ON
TEL-10832,2024-08-16 17:00:00,EQX1007,35.372799,-119.019209,27.9,3226.3,3226.3,1604.0,44536.2,144.5,18.8,90.5,GOOD,25,187.4,,ONLINE,ON
TEL-10833,2024-08-16 18:00:00,EQX1007,35.3733,-119.0187,0.0,3226.3,3226.3,1604.0,44536.3,2.4,18.8,90.4,GOOD,10,162.3,,ONLINE,OFF
TEL-10834,2024-08-16 19:00:00,EQX1007,35.3733,-119.0187,0.0,3226.3,3226.3,1604.0,44536.4,2.4,18.8,90.3,GOOD,20,26.6,,ONLINE,OFF
TEL-10835,2024-08-16 20:00:00,EQX1007,35.3733,-119.0187,0.0,3226.3,3226.3,1604.0,44536.5,2.4,18.7,90.2,WARNING,25,231.5,P0562,ONLINE,OFF
TEL-10836,2024-08-16 21:00:00,EQX1007,35.3733,-119.0187,0.0,3226.3,3226.3,1604.0,44536.6,2.4,18.7,90.1,GOOD,2,57.7,,ONLINE,OFF
TEL-10837,2024-08-16 22:00:00,EQX1007,35.3733,-119.0187,0.0,3226.3,3226.3,1604.0,44536.7,2.4,18.7,90.0,GOOD,18,156.5,,ONLINE,OFF
TEL-10838,2024-08-16 23:00:00,EQX1007,35.3733,-119.0187,0.0,3226.3,3226.3,1604.0,44536.8,2.4,18.6,89.9,CRITICAL,29,159.6,P0562,ONLINE,OFF
TEL-10839,2024-08-17 00:00:00,EQX1007,35.3733,-119.0187,0.0,3226.3,3226.3,1604.0,44536.9,2.4,18.6,89.8,GOOD,26,211.7,,ONLINE,OFF
TEL-10840,2024-08-17 01:00:00,EQX1007,35.3733,-119.0187,0.0,3226.3,3226.3,1604.0,44537.0,2.4,18.6,89.7,GOOD,19,96.1,,ONLINE,OFF
TEL-10841,2024-08-17 02:00:00,EQX1007,35.3733,-119.0187,0.0,3226.3,3226.3,1604.0,44537.1,2.4,18.6,89.6,GOOD,10,131.1,,ONLINE,OFF
TEL-10842,2024-08-17 03:00:00,EQX1007,35.3733,-119.0187,0.0,3226.3,3226.3,1604.0,44537.2,2.4,18.5,89.5,GOOD,8,27.3,,ONLINE,OFF
TEL-10843,2024-08-17 04:00:00,EQX1007,35.3733,-119.0187,0.0,3226.3,3226.3,1604.0,44537.3,2.4,18.5,89.4,GOOD,5,76.7,,ONLINE,OFF
TEL-10844,2024-08-17 05:00:00,EQX1007,35.3733,-119.0187,0.0,3226.3,3226.3,1604.0,44537.4,2.4,18.5,89.3,GOOD,5,17.7,,ONLINE,OFF
TEL-10845,2024-08-17 06:00:00,EQX1007,35.3733,-119.0187,0.0,3226.3,3226.3,1604.0,44537.5,2.4,18.4,89.2,GOOD,9,117.0,,ONLINE,OFF
TEL-10846,2024-08-17 07:00:00,EQX1007,35.3733,-119.0187,0.0,3226.3,3226.3,1604.0,44537.6,2.4,18.4,89.1,GOOD,12,282.5,,ONLINE,OFF
TEL-10847,2024-08-17 08:00:00,EQX1007,35.37427,-119.021335,32.0,3226.8,3226.8,1604.1,44541.8,101.0,17.2,89.0,GOOD,30,34.5,,ONLINE,ON
TEL-10848,2024-08-17 09:00:00,EQX1007,35.373142,-119.019625,6.8,3227.3,3227.3,1604.2,44547.6,140.6,15.5,88.9,GOOD,8,166.2,,ONLINE,ON
TEL-10849,2024-08-17 10:00:00,EQX1007,35.374816,-119.022444,22.6,3227.8,3227.8,1604.3,44552.0,105.8,14.3,88.8,GOOD,27,190.7,,ONLINE,ON
TEL-10850,2024-08-17 11:00:00,EQX1007,35.378153,-119.01588,11.1,3228.3,3228.3,1604.4,44559.9,188.9,12.0,88.7,GOOD,29,166.5,,ONLINE,ON
TEL-10851,2024-08-17 12:00:00,EQX1007,35.374507,-119.017169,6.3,3228.8,3228.8,1604.5,44567.2,174.0,95.0,88.6,GOOD,29,144.7,,ONLINE,ON
TEL-10852,2024-08-17 13:00:00,EQX1007,35.371814,-119.017378,22.9,3229.3,3229.3,1604.6,44574.5,176.6,92.9,88.5,GOOD,1,48.4,,ONLINE,ON
TEL-10853,2024-08-17 14:00:00,EQX1007,35.375284,-119.015395,21.0,3229.8,3229.8,1604.7,44578.8,102.7,91.7,88.4,GOOD,28,129.6,,ONLINE,ON
TEL-10854,2024-08-17 15:00:00,EQX1007,35.375121,-119.020274,23.3,3230.3,3230.3,1604.8,44586.6,187.9,89.4,88.3,GOOD,14,81.9,,ONLINE,ON
TEL-10855,2024-08-17 16:00:00,EQX1007,35.37789,-119.020415,24.9,3230.8,3230.8,1604.9,44591.9,127.0,87.9,88.2,GOOD,29,0.6,,ONLINE,ON
TEL-10856,2024-08-17 17:00:00,EQX1007,35.372432,-119.014747,19.3,3231.3,3231.3,1605.0,44599.5,182.6,85.8,88.1,GOOD,17,24.3,,ONLINE,ON
TEL-10857,2024-08-17 18:00:00,EQX1007,35.3733,-119.0187,0.0,3231.3,3231.3,1605.0,44599.6,2.4,85.7,88.0,GOOD,28,249.6,,ONLINE,OFF
TEL-10858,2024-08-17 19:00:00,EQX1007,35.3733,-119.0187,0.0,3231.3,3231.3,1605.0,44599.7,2.4,85.7,87.9,GOOD,26,112.9,,ONLINE,OFF
TEL-10859,2024-08-17 20:00:00,EQX1007,35.3733,-119.0187,0.0,3231.3,3231.3,1605.0,44599.8,2.4,85.7,87.8,GOOD,25,209.1,,ONLINE,OFF
TEL-10860,2024-08-17 21:00:00,EQX1007,35.3733,-119.0187,0.0,3231.3,3231.3,1605.0,44599.9,2.4,85.6,87.7,GOOD,14,2.8,,OFFLINE,OFF
TEL-10861,2024-08-17 22:00:00,EQX1007,35.3733,-119.0187,0.0,3231.3,3231.3,1605.0,44600.0,2.4,85.6,87.6,GOOD,22,107.3,,ONLINE,OFF
TEL-10862,2024-08-17 23:00:00,EQX1007,35.3733,-119.0187,0.0,3231.3,3231.3,1605.0,44600.1,2.4,85.6,87.5,GOOD,22,66.3,,ONLINE,OFF
TEL-10863,2024-08-18 00:00:00,EQX1007,35.3733,-119.0187,0.0,3231.3,3231.3,1605.0,44600.2,2.4,85.6,87.4,GOOD,15,271.4,,ONLINE,OFF
TEL-10864,2024-08-18 01:00:00,EQX1007,35.3733,-119.0187,0.0,3231.3,3231.3,1605.0,44600.3,2.4,85.5,87.3,GOOD,26,191.5,,ONLINE,OFF
TEL-10865,2024-08-18 02:00:00,EQX1007,35.3733,-119.0187,0.0,3231.3,3231.3,1605.0,44600.4,2.4,85.5,87.2,GOOD,5,165.5,,ONLINE,OFF
TEL-10866,2024-08-18 03:00:00,EQX1007,35.3733,-119.0187,0.0,3231.3,3231.3,1605.0,44600.5,2.4,85.5,87.1,GOOD,18,52.7,,ONLINE,OFF
TEL-10867,2024-08-18 04:00:00,EQX1007,35.3733,-119.0187,0.0,3231.3,3231.3,1605.0,44600.6,2.4,85.4,87.0,GOOD,29,171.0,,ONLINE,OFF
TEL-10868,2024-08-18 05:00:00,EQX1007,35.3733,-119.0187,0.0,3231.3,3231.3,1605.0,44600.7,2.4,85.4,86.9,GOOD,6,254.3,,ONLINE,OFF
TEL-10869,2024-08-18 06:00:00,EQX1007,35.3733,-119.0187,0.0,3231.3,3231.3,1605.0,44600.8,2.4,85.4,86.8,GOOD,19,75.9,,OFFLINE,OFF
TEL-10870,2024-08-18 07:00:00,EQX1007,35.3733,-119.0187,0.0,3231.3,3231.3,1605.0,44600.9,2.4,85.4,86.7,GOOD,20,201.9,,ONLINE,OFF
TEL-10871,2024-08-18 08:00:00,EQX1007,35.376743,-119.019631,24.5,3231.8,3231.8,1605.1,44608.3,178.1,83.2,86.6,GOOD,15,108.4,,ONLINE,ON
TEL-10872,2024-08-18 09:00:00,EQX1007,35.371079,-119.019499,27.8,3232.3,3232.3,1605.2,44615.9,181.0,81.1,86.5,CRITICAL,10,24.5,P0087,ONLINE,ON
TEL-10873,2024-08-18 10:00:00,EQX1007,35.378081,-119.019462,22.2,3232.8,3232.8,1605.3,44620.0,98.4,79.9,86.4,GOOD,5,98.8,,ONLINE,ON
TEL-10874,2024-08-18 11:00:00,EQX1007,35.372619,-119.02346,6.9,3233.3,3233.3,1605.4,44626.5,156.0,78.0,86.3,GOOD,26,75.1,,OFFLINE,ON
TEL-10875,2024-08-18 12:00:00,EQX1007,35.368844,-119.020364,8.2,3233.8,3233.8,1605.5,44631.4,118.8,76.6,86.2,GOOD,24,180.0,,ONLINE,ON
TEL-10876,2024-11-01 08:00:00,EQX1008,36.750701,-119.770666,34.2,1703.8,1703.8,389.6,21025.3,184.1,82.8,64.9,GOOD,25,132.6,,ONLINE,ON
TEL-10877,2024-11-01 09:00:00,EQX1008,36.748576,-119.772007,14.0,1704.3,1704.3,389.7,21031.8,156.0,81.0,64.8,GOOD,3,185.2,,ONLINE,ON
TEL-10878,2024-11-01 10:00:00,EQX1008,36.74804,-119.773066,17.3,1704.8,1704.8,389.8,21039.2,179.0,78.8,64.7,GOOD,19,185.8,,ONLINE,ON
TEL-10879,2024-11-01 11:00:00,EQX1008,36.746341,-119.774318,15.2,1705.3,1705.3,389.9,21047.0,186.0,76.6,64.6,GOOD,19,214.0,,ONLINE,ON
TEL-10880,2024-11-01 12:00:00,EQX1008,36.74306,-119.772511,22.8,1705.8,1705.8,390.0,21054.3,176.6,74.5,64.5,GOOD,19,133.4,,ONLINE,ON
TEL-10881,2024-11-01 13:00:00,EQX1008,36.744917,-119.773242,12.3,1706.3,1706.3,390.1,21061.5,172.6,72.4,64.4,GOOD,9,175.1,,ONLINE,ON
TEL-10882,2024-11-01 14:00:00,EQX1008,36.747833,-119.774689,21.2,1706.8,1706.8,390.2,21066.1,109.9,71.1,64.3,GOOD,21,203.5,,ONLINE,ON
TEL-10883,2024-11-01 15:00:00,EQX1008,36.750387,-119.773379,6.7,1707.3,1707.3,390.3,21072.1,144.7,69.4,64.2,GOOD,29,60.4,,ONLINE,ON
TEL-10884,2024-11-01 16:00:00,EQX1008,36.748718,-119.772926,7.1,1707.8,1707.8,390.4,21076.9,114.2,68.1,64.1,GOOD,18,288.9,,ONLINE,ON
TEL-10885,2024-11-01 17:00:00,EQX1008,36.746343,-119.769708,23.5,1708.3,1708.3,390.5,21082.6,136.1,66.4,64.0,WARNING,29,1.1,P0087,ONLINE,ON
TEL-10886,2024-11-01 18:00:00,EQX1008,36.7468,-119.7726,0.0,1708.3,1708.3,390.5,21082.7,2.4,66.4,63.9,GOOD,7,144.2,,ONLINE,OFF
TEL-10887,2024-11-01 19:00:00,EQX1008,36.7468,-119.7726,0.0,1708.3,1708.3,390.5,21082.8,2.4,66.4,63.8,GOOD,12,61.6,,ONLINE,OFF
TEL-10888,2024-11-01 20:00:00,EQX1008,36.7468,-119.7726,0.0,1708.3,1708.3,390.5,21082.9,2.4,66.4,63.7,GOOD,2,107.4,,ONLINE,OFF
TEL-10889,2024-11-01 21:00:00,EQX1008,36.7468,-119.7726,0.0,1708.3,1708.3,390.5,21083.0,2.4,66.3,63.6,GOOD,20,175.7,,ONLINE,OFF
TEL-10890,2024-11-01 22:00:00,EQX1008,36.7468,-119.7726,0.0,1708.3,1708.3,390.5,21083.1,2.4,66.3,63.5,WARNING,6,59.3,P0017,ONLINE,OFF
TEL-10891,2024-11-01 23:00:00,EQX1008,36.7468,-119.7726,0.0,1708.3,1708.3,390.5,21083.2,2.4,66.3,63.4,GOOD,10,254.3,,ONLINE,OFF
TEL-10892,2024-11-02 00:00:00,EQX1008,36.7468,-119.7726,0.0,1708.3,1708.3,390.5,21083.3,2.4,66.2,63.3,GOOD,8,273.2,,ONLINE,OFF
TEL-10893,2024-11-02 01:00:00,EQX1008,36.7468,-119.7726,0.0,1708.3,1708.3,390.5,21083.4,2.4,66.2,63.2,GOOD,25,265.5,,OFFLINE,OFF
TEL-10894,2024-11-02 02:00:00,EQX1008,36.7468,-119.7726,0.0,1708.3,1708.3,390.5,21083.5,2.4,66.2,63.1,GOOD,11,242.8,,ONLINE,OFF
TEL-10895,2024-11-02 03:00:00,EQX1008,36.7468,-119.7726,0.0,1708.3,1708.3,390.5,21083.6,2.4,66.2,63.0,GOOD,19,264.5,,ONLINE,OFF
TEL-10896,2024-11-02 04:00:00,EQX1008,36.7468,-119.7726,0.0,1708.3,1708.3,390.5,21083.7,2.4,66.1,62.9,GOOD,29,39.2,,ONLINE,OFF
TEL-10897,2024-11-02 05:00:00,EQX1008,36.7468,-119.7726,0.0,1708.3,1708.3,390.5,21083.8,2.4,66.1,62.8,GOOD,10,179.9,,ONLINE,OFF
TEL-10898,2024-11-02 06:00:00,EQX1008,36.7468,-119.7726,0.0,1708.3,1708.3,390.5,21083.9,2.4,66.1,62.7,GOOD,19,176.2,,ONLINE,OFF
TEL-10899,2024-11-02 07:00:00,EQX1008,36.7468,-119.7726,0.0,1708.3,1708.3,390.5,21084.0,2.4,66.0,62.6,GOOD,7,16.0,,ONLINE,OFF
TEL-10900,2024-11-02 08:00:00,EQX1008,36.751484,-119.768742,28.9,1708.8,1708.8,390.6,21091.5,179.8,63.9,62.5,GOOD,15,237.3,,ONLINE,ON
TEL-10901,2024-11-02 09:00:00,EQX1008,36.750624,-119.770089,23.4,1709.3,1709.3,390.7,21096.1,112.1,62.6,62.4,GOOD,5,96.5,,ONLINE,ON
TEL-10902,2024-11-02 10:00:00,EQX1008,36.746748,-119.774917,16.2,1709.8,1709.8,390.8,21102.9,162.7,60.6,62.3,GOOD,18,194.9,,ONLINE,ON
TEL-10903,2024-11-02 11:00:00,EQX1008,36.744144,-119.775414,11.2,1710.3,1710.3,390.9,21110.5,181.9,58.5,62.2,GOOD,5,280.6,,ONLINE,ON
TEL-10904,2024-11-02 12:00:00,EQX1008,36.74264,-119.773155,16.2,1710.8,1710.8,391.0,21116.7,148.8,56.7,62.1,GOOD,14,153.7,,ONLINE,ON
TEL-10905,2024-11-02 13:00:00,EQX1008,36.745475,-119.772625,15.1,1711.3,1711.3,391.1,21122.5,139.2,55.0,62.0,GOOD,14,70.1,,ONLINE,ON
TEL-10906,2024-11-02 14:00:00,EQX1008,36.750226,-119.772472,24.4,1711.8,1711.8,391.2,21127.9,130.6,53.5,61.9,GOOD,29,68.3,,ONLINE,ON
TEL-10907,2024-11-02 15:00:00,EQX1008,36.745138,-119.770849,8.6,1712.3,1712.3,391.3,21133.4,130.6,51.9,61.8,GOOD,24,205.1,,ONLINE,ON
TEL-10908,2024-11-02 16:00:00,EQX1008,36.751784,-119.770076,13.2,1712.8,1712.8,391.4,21140.2,163.7,50.0,61.7,GOOD,0,231.0,,ONLINE,ON
TEL-10909,2024-11-02 17:00:00,EQX1008,36.751258,-119.769381,13.5,1713.3,1713.3,391.5,21145.6,129.4,48.4,61.6,CRITICAL,16,296.8,P0562,ONLINE,ON
TEL-10910,2024-11-02 18:00:00,EQX1008,36.7468,-119.7726,0.0,1713.3,1713.3,391.5,21145.7,2.4,48.4,61.5,GOOD,23,224.7,,ONLINE,OFF
TEL-10911,2024-11-02 19:00:00,EQX1008,36.7468,-119.7726,0.0,1713.3,1713.3,391.5,21145.8,2.4,48.4,61.4,GOOD,24,140.6,,ONLINE,OFF
TEL-10912,2024-11-02 20:00:00,EQX1008,36.7468,-119.7726,0.0,1713.3,1713.3,391.5,21145.9,2.4,48.3,61.3,GOOD,27,56.4,,ONLINE,OFF
TEL-10913,2024-11-02 21:00:00,EQX1008,36.7468,-119.7726,0.0,1713.3,1713.3,391.5,21146.0,2.4,48.3,61.2,GOOD,14,255.9,,ONLINE,OFF
TEL-10914,2024-11-02 22:00:00,EQX1008,36.7468,-119.7726,0.0,1713.3,1713.3,391.5,21146.1,2.4,48.3,61.1,GOOD,9,283.0,,ONLINE,OFF
TEL-10915,2024-11-02 23:00:00,EQX1008,36.7468,-119.7726,0.0,1713.3,1713.3,391.5,21146.2,2.4,48.3,61.0,GOOD,10,67.6,,OFFLINE,OFF
TEL-10916,2024-11-03 00:00:00,EQX1008,36.7468,-119.7726,0.0,1713.3,1713.3,391.5,21146.3,2.4,48.2,60.9,GOOD,22,161.3,,ONLINE,OFF
TEL-10917,2024-11-03 01:00:00,EQX1008,36.7468,-119.7726,0.0,1713.3,1713.3,391.5,21146.4,2.4,48.2,60.8,WARNING,29,41.7,P0017,ONLINE,OFF
TEL-10918,2024-11-03 02:00:00,EQX1008,36.7468,-119.7726,0.0,1713.3,1713.3,391.5,21146.5,2.4,48.2,60.7,GOOD,25,180.9,,ONLINE,OFF
TEL-10919,2024-11-03 03:00:00,EQX1008,36.7468,-119.7726,0.0,1713.3,1713.3,391.5,21146.6,2.4,48.1,60.6,GOOD,6,284.6,,ONLINE,OFF
TEL-10920,2024-11-03 04:00:00,EQX1008,36.7468,-119.7726,0.0,1713.3,1713.3,391.5,21146.7,2.4,48.1,60.5,GOOD,10,170.9,,ONLINE,OFF
TEL-10921,2024-11-03 05:00:00,EQX1008,36.7468,-119.7726,0.0,1713.3,1713.3,391.5,21146.8,2.4,48.1,60.4,GOOD,3,202.5,,ONLINE,OFF
TEL-10922,2024-11-03 06:00:00,EQX1008,36.7468,-119.7726,0.0,1713.3,1713.3,391.5,21146.9,2.4,48.1,60.3,GOOD,0,56.0,,ONLINE,OFF
TEL-10923,2024-11-03 07:00:00,EQX1008,36.7468,-119.7726,0.0,1713.3,1713.3,391.5,21147.0,2.4,48.0,60.2,GOOD,7,87.3,,ONLINE,OFF
TEL-10924,2024-11-03 08:00:00,EQX1008,36.74191,-119.774332,20.7,1713.8,1713.8,391.6,21152.8,139.7,46.4,60.1,GOOD,3,38.7,,ONLINE,ON
TEL-10925,2024-11-03 09:00:00,EQX1008,36.750836,-119.775535,17.6,1714.3,1714.3,391.7,21159.8,167.3,44.4,60.0,GOOD,26,212.9,,ONLINE,ON
TEL-10926,2024-11-03 10:00:00,EQX1008,36.747675,-119.772575,19.2,1714.8,1714.8,391.8,21166.2,153.8,42.5,59.9,GOOD,0,297.3,,ONLINE,ON
TEL-10927,2024-11-03 11:00:00,EQX1008,36.744268,-119.774311,18.4,1715.3,1715.3,391.9,21173.5,175.2,40.5,59.8,GOOD,14,172.8,,ONLINE,ON
TEL-10928,2024-11-03 12:00:00,EQX1008,36.746363,-119.770597,27.1,1715.8,1715.8,392.0,21178.6,123.6,39.0,59.7,GOOD,19,247.0,,ONLINE,ON
TEL-10929,2024-11-03 13:00:00,EQX1008,36.747977,-119.773279,30.5,1716.3,1716.3,392.1,21184.3,135.8,37.4,59.6,GOOD,22,170.6,,ONLINE,ON
TEL-10930,2024-11-03 14:00:00,EQX1008,36.750505,-119.774862,16.8,1716.8,1716.8,392.2,21192.1,186.7,35.2,59.5,GOOD,29,20.0,,ONLINE,ON
TEL-10931,2024-11-03 15:00:00,EQX1008,36.745913,-119.769981,26.8,1717.3,1717.3,392.3,21199.7,182.6,33.0,59.4,GOOD,24,31.6,,ONLINE,ON
TEL-10932,2024-11-03 16:00:00,EQX1008,36.744328,-119.772539,28.0,1717.8,1717.8,392.4,21205.0,127.2,31.5,59.3,GOOD,22,202.7,,ONLINE,ON
TEL-10933,2024-11-03 17:00:00,EQX1008,36.743744,-119.777222,18.9,1718.3,1718.3,392.5,21210.3,128.9,29.9,59.2,GOOD,4,98.1,,ONLINE,ON
TEL-10934,2024-11-03 18:00:00,EQX1008,36.7468,-119.7726,0.0,1718.3,1718.3,392.5,21210.4,2.4,29.9,59.1,GOOD,17,197.1,,ONLINE,OFF
TEL-10935,2024-11-03 19:00:00,EQX1008,36.7468,-119.7726,0.0,1718.3,1718.3,392.5,21210.5,2.4,29.9,59.0,GOOD,8,252.5,,ONLINE,OFF
TEL-10936,2024-11-03 20:00:00,EQX1008,36.7468,-119.7726,0.0,1718.3,1718.3,392.5,21210.6,2.4,29.8,58.9,WARNING,5,88.2,P0017,ONLINE,OFF
TEL-10937,2024-11-03 21:00:00,EQX1008,36.7468,-119.7726,0.0,1718.3,1718.3,392.5,21210.7,2.4,29.8,58.8,GOOD,24,3.4,,ONLINE,OFF
TEL-10938,2024-11-03 22:00:00,EQX1008,36.7468,-119.7726,0.0,1718.3,1718.3,392.5,21210.8,2.4,29.8,58.7,GOOD,22,10.3,,ONLINE,OFF
TEL-10939,2024-11-03 23:00:00,EQX1008,36.7468,-119.7726,0.0,1718.3,1718.3,392.5,21210.9,2.4,29.8,58.6,GOOD,26,190.4,,ONLINE,OFF
TEL-10940,2024-11-04 00:00:00,EQX1008,36.7468,-119.7726,0.0,1718.3,1718.3,392.5,21211.0,2.4,29.7,58.5,GOOD,3,117.2,,ONLINE,OFF
TEL-10941,2024-11-04 01:00:00,EQX1008,36.7468,-119.7726,0.0,1718.3,1718.3,392.5,21211.1,2.4,29.7,58.4,CRITICAL,24,60.5,P0300,ONLINE,OFF
TEL-10942,2024-11-04 02:00:00,EQX1008,36.7468,-119.7726,0.0,1718.3,1718.3,392.5,21211.2,2.4,29.7,58.3,GOOD,0,126.5,,ONLINE,OFF
TEL-10943,2024-11-04 03:00:00,EQX1008,36.7468,-119.7726,0.0,1718.3,1718.3,392.5,21211.3,2.4,29.6,58.2,GOOD,21,19.0,,ONLINE,OFF
TEL-10944,2024-11-04 04:00:00,EQX1008,36.7468,-119.7726,0.0,1718.3,1718.3,392.5,21211.4,2.4,29.6,58.1,GOOD,21,50.4,,ONLINE,OFF
TEL-10945,2024-11-04 05:00:00,EQX1008,36.7468,-119.7726,0.0,1718.3,1718.3,392.5,21211.5,2.4,29.6,58.0,GOOD,10,96.8,,ONLINE,OFF
TEL-10946,2024-11-04 06:00:00,EQX1008,36.7468,-119.7726,0.0,1718.3,1718.3,392.5,21211.6,2.4,29.6,57.9,GOOD,12,281.7,,ONLINE,OFF
TEL-10947,2024-11-04 07:00:00,EQX1008,36.7468,-119.7726,0.0,1718.3,1718.3,392.5,21211.7,2.4,29.5,57.8,GOOD,5,4.5,,ONLINE,OFF
TEL-10948,2024-11-04 08:00:00,EQX1008,36.744001,-119.77102,24.6,1718.8,1718.8,392.6,21215.8,97.2,28.4,57.7,GOOD,1,20.2,,ONLINE,ON
TEL-10949,2024-11-04 09:00:00,EQX1008,36.751631,-119.776582,11.6,1719.3,1719.3,392.7,21221.0,125.0,26.9,57.6,GOOD,27,170.8,,ONLINE,ON
TEL-10950,2024-11-04 10:00:00,EQX1008,36.748109,-119.773714,12.6,1719.8,1719.8,392.8,21225.4,105.1,25.6,57.5,GOOD,4,99.6,,ONLINE,ON
TEL-10951,2024-11-04 11:00:00,EQX1008,36.750316,-119.772779,24.1,1720.3,1720.3,392.9,21232.9,181.0,23.5,57.4,GOOD,18,134.7,,ONLINE,ON
TEL-10952,2024-11-04 12:00:00,EQX1008,36.748846,-119.777467,20.3,1720.8,1720.8,393.0,21239.9,167.3,21.5,57.3,WARNING,9,70.9,P0017,ONLINE,ON
TEL-10953,2024-11-04 13:00:00,EQX1008,36.743176,-119.772613,17.9,1721.3,1721.3,393.1,21244.9,119.3,20.1,57.2,GOOD,20,11.4,,ONLINE,ON
TEL-10954,2024-11-04 14:00:00,EQX1008,36.749193,-119.774313,32.7,1721.8,1721.8,393.2,21251.3,153.4,18.2,57.1,GOOD,24,11.9,,ONLINE,ON
TEL-10955,2024-11-04 15:00:00,EQX1008,36.749306,-119.77531,28.8,1722.3,1722.3,393.3,21256.9,135.8,16.6,57.0,GOOD,6,161.8,,ONLINE,ON
TEL-10956,2024-11-04 16:00:00,EQX1008,36.748673,-119.770405,32.2,1722.8,1722.8,393.4,21263.6,159.8,14.7,56.9,GOOD,10,55.1,,ONLINE,ON
TEL-10957,2024-11-04 17:00:00,EQX1008,36.751337,-119.777079,23.9,1723.3,1723.3,393.5,21267.8,102.2,13.5,56.8,GOOD,4,27.5,,ONLINE,ON
TEL-10958,2024-11-04 18:00:00,EQX1008,36.7468,-119.7726,0.0,1723.3,1723.3,393.5,21267.9,2.4,13.5,56.7,GOOD,7,152.2,,ONLINE,OFF
TEL-10959,2024-11-04 19:00:00,EQX1008,36.7468,-119.7726,0.0,1723.3,1723.3,393.5,21268.0,2.4,13.4,56.6,GOOD,6,73.5,,ONLINE,OFF
TEL-10960,2024-11-04 20:00:00,EQX1008,36.7468,-119.7726,0.0,1723.3,1723.3,393.5,21268.1,2.4,13.4,56.5,GOOD,14,290.3,,ONLINE,OFF
TEL-10961,2024-11-04 21:00:00,EQX1008,36.7468,-119.7726,0.0,1723.3,1723.3,393.5,21268.2,2.4,13.4,56.4,GOOD,30,291.8,,ONLINE,OFF
TEL-10962,2024-11-04 22:00:00,EQX1008,36.7468,-119.7726,0.0,1723.3,1723.3,393.5,21268.3,2.4,13.4,56.3,GOOD,16,182.8,,ONLINE,OFF
TEL-10963,2024-11-04 23:00:00,EQX1008,36.7468,-119.7726,0.0,1723.3,1723.3,393.5,21268.4,2.4,13.3,56.2,GOOD,15,5.9,,ONLINE,OFF
TEL-10964,2024-11-05 00:00:00,EQX1008,36.7468,-119.7726,0.0,1723.3,1723.3,393.5,21268.5,2.4,13.3,56.1,GOOD,29,90.1,,ONLINE,OFF
TEL-10965,2024-11-05 01:00:00,EQX1008,36.7468,-119.7726,0.0,1723.3,1723.3,393.5,21268.6,2.4,13.3,56.0,GOOD,12,139.1,,ONLINE,OFF
TEL-10966,2024-11-05 02:00:00,EQX1008,36.7468,-119.7726,0.0,1723.3,1723.3,393.5,21268.7,2.4,13.2,55.9,GOOD,2,100.0,,ONLINE,OFF
TEL-10967,2024-11-05 03:00:00,EQX1008,36.7468,-119.7726,0.0,1723.3,1723.3,393.5,21268.8,2.4,13.2,55.8,GOOD,0,3.9,,ONLINE,OFF
TEL-10968,2024-11-05 04:00:00,EQX1008,36.7468,-119.7726,0.0,1723.3,1723.3,393.5,21268.9,2.4,13.2,55.7,GOOD,29,124.7,,ONLINE,OFF
TEL-10969,2024-11-05 05:00:00,EQX1008,36.7468,-119.7726,0.0,1723.3,1723.3,393.5,21269.0,2.4,13.2,55.6,GOOD,9,192.3,,ONLINE,OFF
TEL-10970,2024-11-05 06:00:00,EQX1008,36.7468,-119.7726,0.0,1723.3,1723.3,393.5,21269.1,2.4,13.1,55.5,GOOD,29,37.3,,ONLINE,OFF
TEL-10971,2024-11-05 07:00:00,EQX1008,36.7468,-119.7726,0.0,1723.3,1723.3,393.5,21269.2,2.4,13.1,55.4,GOOD,30,76.6,,ONLINE,OFF
TEL-10972,2024-11-05 08:00:00,EQX1008,36.746686,-119.770715,32.4,1723.8,1723.8,393.6,21276.1,165.4,11.1,55.3,GOOD,29,127.2,,ONLINE,ON
TEL-10973,2024-11-05 09:00:00,EQX1008,36.745414,-119.770534,12.4,1724.3,1724.3,393.7,21282.0,141.8,95.0,55.2,WARNING,20,44.4,P0562,ONLINE,ON
TEL-10974,2024-11-05 10:00:00,EQX1008,36.744274,-119.771817,23.2,1724.8,1724.8,393.8,21289.8,186.7,92.8,55.1,GOOD,3,231.3,,ONLINE,ON
TEL-10975,2024-11-05 11:00:00,EQX1008,36.747662,-119.76859,24.3,1725.3,1725.3,393.9,21297.5,184.1,90.6,55.0,GOOD,13,49.7,,ONLINE,ON
TEL-10976,2024-11-05 12:00:00,EQX1008,36.747132,-119.768733,17.8,1725.8,1725.8,394.0,21304.3,162.5,88.7,54.9,GOOD,24,262.9,,ONLINE,ON
TEL-10977,2024-11-05 13:00:00,EQX1008,36.749567,-119.774156,26.8,1726.3,1726.3,394.1,21308.6,104.6,87.4,54.8,GOOD,29,224.5,,ONLINE,ON
TEL-10978,2024-11-05 14:00:00,EQX1008,36.746717,-119.776631,26.0,1726.8,1726.8,394.2,21312.6,96.7,86.3,54.7,GOOD,13,196.4,,ONLINE,ON
TEL-10979,2024-11-05 15:00:00,EQX1008,36.74884,-119.77562,27.0,1727.3,1727.3,394.3,21317.3,112.3,84.9,54.6,GOOD,14,170.1,,ONLINE,ON
TEL-10980,2024-11-05 16:00:00,EQX1008,36.749892,-119.775681,11.4,1727.8,1727.8,394.4,21322.1,115.2,83.5,54.5,GOOD,14,188.1,,ONLINE,ON
TEL-10981,2024-11-05 17:00:00,EQX1008,36.744731,-119.773823,23.7,1728.3,1728.3,394.5,21329.6,179.3,81.4,54.4,GOOD,18,70.4,,ONLINE,ON
TEL-10982,2024-11-05 18:00:00,EQX1008,36.7468,-119.7726,0.0,1728.3,1728.3,394.5,21329.7,2.4,81.4,54.3,CRITICAL,24,286.6,P0217,ONLINE,OFF
TEL-10983,2024-11-05 19:00:00,EQX1008,36.7468,-119.7726,0.0,1728.3,1728.3,394.5,21329.8,2.4,81.4,54.2,GOOD,6,156.7,,ONLINE,OFF
TEL-10984,2024-11-05 20:00:00,EQX1008,36.7468,-119.7726,0.0,1728.3,1728.3,394.5,21329.9,2.4,81.3,54.1,GOOD,24,79.8,,OFFLINE,OFF
TEL-10985,2024-11-05 21:00:00,EQX1008,36.7468,-119.7726,0.0,1728.3,1728.3,394.5,21330.0,2.4,81.3,54.0,GOOD,10,111.2,,ONLINE,OFF
TEL-10986,2024-11-05 22:00:00,EQX1008,36.7468,-119.7726,0.0,1728.3,1728.3,394.5,21330.1,2.4,81.3,53.9,GOOD,30,108.4,,ONLINE,OFF
TEL-10987,2024-11-05 23:00:00,EQX1008,36.7468,-119.7726,0.0,1728.3,1728.3,394.5,21330.2,2.4,81.2,53.8,GOOD,27,99.1,,ONLINE,OFF
TEL-10988,2024-11-06 00:00:00,EQX1008,36.7468,-119.7726,0.0,1728.3,1728.3,394.5,21330.3,2.4,81.2,53.7,GOOD,23,250.6,,ONLINE,OFF
TEL-10989,2024-11-06 01:00:00,EQX1008,36.7468,-119.7726,0.0,1728.3,1728.3,394.5,21330.4,2.4,81.2,53.6,WARNING,27,159.2,P0017,ONLINE,OFF
TEL-10990,2024-11-06 02:00:00,EQX1008,36.7468,-119.7726,0.0,1728.3,1728.3,394.5,21330.5,2.4,81.2,53.5,GOOD,14,185.5,,ONLINE,OFF
TEL-10991,2024-11-06 03:00:00,EQX1008,36.7468,-119.7726,0.0,1728.3,1728.3,394.5,21330.6,2.4,81.1,53.4,GOOD,6,0.9,,ONLINE,OFF
TEL-10992,2024-11-06 04:00:00,EQX1008,36.7468,-119.7726,0.0,1728.3,1728.3,394.5,21330.7,2.4,81.1,53.3,GOOD,20,108.1,,ONLINE,OFF
TEL-10993,2024-11-06 05:00:00,EQX1008,36.7468,-119.7726,0.0,1728.3,1728.3,394.5,21330.8,2.4,81.1,53.2,GOOD,14,70.1,,ONLINE,OFF
TEL-10994,2024-11-06 06:00:00,EQX1008,36.7468,-119.7726,0.0,1728.3,1728.3,394.5,21330.9,2.4,81.0,53.1,GOOD,11,128.4,,ONLINE,OFF
TEL-10995,2024-11-06 07:00:00,EQX1008,36.7468,-119.7726,0.0,1728.3,1728.3,394.5,21331.0,2.4,81.0,53.0,GOOD,27,209.8,,ONLINE,OFF
TEL-10996,2024-11-06 08:00:00,EQX1008,36.748919,-119.768901,8.0,1728.8,1728.8,394.6,21336.5,133.0,79.4,52.9,GOOD,22,151.4,,ONLINE,ON
TEL-10997,2024-11-06 09:00:00,EQX1008,36.748531,-119.772113,8.8,1729.3,1729.3,394.7,21343.7,172.6,77.4,52.8,GOOD,14,286.5,,ONLINE,ON
TEL-10998,2024-11-06 10:00:00,EQX1008,36.743504,-119.768158,19.5,1729.8,1729.8,394.8,21349.9,147.8,75.6,52.7,GOOD,22,8.8,,ONLINE,ON
TEL-10999,2024-11-06 11:00:00,EQX1008,36.744604,-119.770408,32.9,1730.3,1730.3,394.9,21355.2,127.4,74.1,52.6,GOOD,21,36.9,,ONLINE,ON
TEL-11000,2024-11-06 12:00:00,EQX1008,36.742704,-119.770682,9.1,1730.8,1730.8,395.0,21361.3,147.4,72.3,52.5,GOOD,24,277.2,,ONLINE,ON
TEL-11001,2025-04-09 08:00:00,EQX1009,35.377962,-119.01933,26.8,507.4,507.4,153.7,6966.6,158.9,83.1,89.6,GOOD,9,26.3,,ONLINE,ON
TEL-11002,2025-04-09 09:00:00,EQX1009,35.375746,-119.022539,7.7,507.9,507.9,153.8,6973.6,167.0,81.1,89.5,GOOD,30,114.1,,ONLINE,ON
TEL-11003,2025-04-09 10:00:00,EQX1009,35.370199,-119.019819,27.1,508.4,508.4,153.9,6978.8,125.8,79.6,89.4,GOOD,25,203.8,,ONLINE,ON
TEL-11004,2025-04-09 11:00:00,EQX1009,35.370521,-119.019747,28.9,508.9,508.9,154.0,6984.9,145.9,77.9,89.3,GOOD,4,244.8,,ONLINE,ON
TEL-11005,2025-04-09 12:00:00,EQX1009,35.369774,-119.020866,13.9,509.4,509.4,154.1,6989.8,117.1,76.5,89.2,GOOD,26,210.9,,ONLINE,ON
TEL-11006,2025-04-09 13:00:00,EQX1009,35.369535,-119.013732,23.0,509.9,509.9,154.2,6995.0,125.8,75.0,89.1,GOOD,26,64.7,,ONLINE,ON
TEL-11007,2025-04-09 14:00:00,EQX1009,35.376402,-119.022173,13.7,510.4,510.4,154.3,7002.9,188.9,72.7,89.0,GOOD,29,243.1,,ONLINE,ON
TEL-11008,2025-04-09 15:00:00,EQX1009,35.37009,-119.018825,26.0,510.9,510.9,154.4,7007.1,101.0,71.5,88.9,GOOD,21,273.7,,ONLINE,ON
TEL-11009,2025-04-09 16:00:00,EQX1009,35.372524,-119.018966,9.8,511.4,511.4,154.5,7011.2,98.2,70.4,88.8,GOOD,2,158.4,,ONLINE,ON
TEL-11010,2025-04-09 17:00:00,EQX1009,35.376863,-119.019762,13.5,511.9,511.9,154.6,7018.0,163.0,68.4,88.7,GOOD,18,259.8,,ONLINE,ON
TEL-11011,2025-04-09 18:00:00,EQX1009,35.3733,-119.0187,0.0,511.9,511.9,154.6,7018.1,2.4,68.4,88.6,GOOD,20,49.1,,ONLINE,OFF
TEL-11012,2025-04-09 19:00:00,EQX1009,35.3733,-119.0187,0.0,511.9,511.9,154.6,7018.2,2.4,68.4,88.5,GOOD,4,62.9,,ONLINE,OFF
TEL-11013,2025-04-09 20:00:00,EQX1009,35.3733,-119.0187,0.0,511.9,511.9,154.6,7018.3,2.4,68.3,88.4,GOOD,11,217.8,,ONLINE,OFF
TEL-11014,2025-04-09 21:00:00,EQX1009,35.3733,-119.0187,0.0,511.9,511.9,154.6,7018.4,2.4,68.3,88.3,GOOD,4,113.0,,ONLINE,OFF
TEL-11015,2025-04-09 22:00:00,EQX1009,35.3733,-119.0187,0.0,511.9,511.9,154.6,7018.5,2.4,68.3,88.2,GOOD,1,28.8,,ONLINE,OFF
TEL-11016,2025-04-09 23:00:00,EQX1009,35.3733,-119.0187,0.0,511.9,511.9,154.6,7018.6,2.4,68.3,88.1,GOOD,16,195.0,,ONLINE,OFF
TEL-11017,2025-04-10 00:00:00,EQX1009,35.3733,-119.0187,0.0,511.9,511.9,154.6,7018.7,2.4,68.2,88.0,GOOD,12,73.5,,ONLINE,OFF
TEL-11018,2025-04-10 01:00:00,EQX1009,35.3733,-119.0187,0.0,511.9,511.9,154.6,7018.8,2.4,68.2,87.9,GOOD,19,286.4,,ONLINE,OFF
TEL-11019,2025-04-10 02:00:00,EQX1009,35.3733,-119.0187,0.0,511.9,511.9,154.6,7018.9,2.4,68.2,87.8,GOOD,25,201.2,,ONLINE,OFF
TEL-11020,2025-04-10 03:00:00,EQX1009,35.3733,-119.0187,0.0,511.9,511.9,154.6,7019.0,2.4,68.1,87.7,GOOD,12,82.6,,ONLINE,OFF
TEL-11021,2025-04-10 04:00:00,EQX1009,35.3733,-119.0187,0.0,511.9,511.9,154.6,7019.1,2.4,68.1,87.6,GOOD,2,36.6,,ONLINE,OFF
TEL-11022,2025-04-10 05:00:00,EQX1009,35.3733,-119.0187,0.0,511.9,511.9,154.6,7019.2,2.4,68.1,87.5,GOOD,18,171.9,,ONLINE,OFF
TEL-11023,2025-04-10 06:00:00,EQX1009,35.3733,-119.0187,0.0,511.9,511.9,154.6,7019.3,2.4,68.1,87.4,GOOD,25,177.9,,ONLINE,OFF
TEL-11024,2025-04-10 07:00:00,EQX1009,35.3733,-119.0187,0.0,511.9,511.9,154.6,7019.4,2.4,68.0,87.3,GOOD,9,171.4,,ONLINE,OFF
TEL-11025,2025-04-10 08:00:00,EQX1009,35.376252,-119.021851,8.0,512.4,512.4,154.7,7023.6,102.0,66.8,87.2,CRITICAL,26,160.9,P0420,ONLINE,ON
TEL-11026,2025-04-10 09:00:00,EQX1009,35.374147,-119.016563,29.4,512.9,512.9,154.8,7029.6,142.8,65.1,87.1,GOOD,24,62.2,,ONLINE,ON
TEL-11027,2025-04-10 10:00:00,EQX1009,35.375252,-119.023647,24.8,513.4,513.4,154.9,7034.1,107.3,63.8,87.0,GOOD,1,38.6,,ONLINE,ON
TEL-11028,2025-04-10 11:00:00,EQX1009,35.376815,-119.02335,11.2,513.9,513.9,155.0,7038.7,111.4,62.5,86.9,GOOD,11,289.9,,ONLINE,ON
TEL-11029,2025-04-10 12:00:00,EQX1009,35.370783,-119.023238,10.1,514.4,514.4,155.1,7046.6,189.8,60.3,86.8,GOOD,9,197.7,,ONLINE,ON
TEL-11030,2025-04-10 13:00:00,EQX1009,35.373527,-119.01384,18.3,514.9,514.9,155.2,7052.9,151.4,58.5,86.7,GOOD,6,206.4,,ONLINE,ON
TEL-11031,2025-04-10 14:00:00,EQX1009,35.369717,-119.015139,24.9,515.4,515.4,155.3,7057.1,100.3,57.3,86.6,GOOD,17,64.8,,ONLINE,ON
TEL-11032,2025-04-10 15:00:00,EQX1009,35.369044,-119.02115,15.8,515.9,515.9,155.4,7061.6,108.2,56.0,86.5,GOOD,12,136.8,,ONLINE,ON
TEL-11033,2025-04-10 16:00:00,EQX1009,35.369732,-119.021662,33.3,516.4,516.4,155.5,7068.3,161.0,54.1,86.4,GOOD,20,209.0,,ONLINE,ON
TEL-11034,2025-04-10 17:00:00,EQX1009,35.376505,-119.017651,10.8,516.9,516.9,155.6,7073.8,131.8,52.5,86.3,GOOD,25,130.1,,ONLINE,ON
TEL-11035,2025-04-10 18:00:00,EQX1009,35.3733,-119.0187,0.0,516.9,516.9,155.6,7073.9,2.4,52.5,86.2,GOOD,3,159.4,,OFFLINE,OFF
TEL-11036,2025-04-10 19:00:00,EQX1009,35.3733,-119.0187,0.0,516.9,516.9,155.6,7074.0,2.4,52.4,86.1,GOOD,2,108.8,,ONLINE,OFF
TEL-11037,2025-04-10 20:00:00,EQX1009,35.3733,-119.0187,0.0,516.9,516.9,155.6,7074.1,2.4,52.4,86.0,GOOD,7,82.1,,ONLINE,OFF
TEL-11038,2025-04-10 21:00:00,EQX1009,35.3733,-119.0187,0.0,516.9,516.9,155.6,7074.2,2.4,52.4,85.9,GOOD,30,31.5,,ONLINE,OFF
TEL-11039,2025-04-10 22:00:00,EQX1009,35.3733,-119.0187,0.0,516.9,516.9,155.6,7074.3,2.4,52.3,85.8,GOOD,9,176.6,,ONLINE,OFF
TEL-11040,2025-04-10 23:00:00,EQX1009,35.3733,-119.0187,0.0,516.9,516.9,155.6,7074.4,2.4,52.3,85.7,GOOD,18,259.6,,ONLINE,OFF
TEL-11041,2025-04-11 00:00:00,EQX1009,35.3733,-119.0187,0.0,516.9,516.9,155.6,7074.5,2.4,52.3,85.6,GOOD,5,95.4,,ONLINE,OFF
TEL-11042,2025-04-11 01:00:00,EQX1009,35.3733,-119.0187,0.0,516.9,516.9,155.6,7074.6,2.4,52.3,85.5,GOOD,21,290.4,,ONLINE,OFF
TEL-11043,2025-04-11 02:00:00,EQX1009,35.3733,-119.0187,0.0,516.9,516.9,155.6,7074.7,2.4,52.2,85.4,GOOD,15,177.7,,ONLINE,OFF
TEL-11044,2025-04-11 03:00:00,EQX1009,35.3733,-119.0187,0.0,516.9,516.9,155.6,7074.8,2.4,52.2,85.3,GOOD,21,37.9,,ONLINE,OFF
TEL-11045,2025-04-11 04:00:00,EQX1009,35.3733,-119.0187,0.0,516.9,516.9,155.6,7074.9,2.4,52.2,85.2,GOOD,23,191.8,,ONLINE,OFF
TEL-11046,2025-04-11 05:00:00,EQX1009,35.3733,-119.0187,0.0,516.9,516.9,155.6,7075.0,2.4,52.1,85.1,GOOD,13,212.0,,ONLINE,OFF
TEL-11047,2025-04-11 06:00:00,EQX1009,35.3733,-119.0187,0.0,516.9,516.9,155.6,7075.1,2.4,52.1,85.0,GOOD,16,86.0,,ONLINE,OFF
TEL-11048,2025-04-11 07:00:00,EQX1009,35.3733,-119.0187,0.0,516.9,516.9,155.6,7075.2,2.4,52.1,84.9,GOOD,29,244.2,,ONLINE,OFF
TEL-11049,2025-04-11 08:00:00,EQX1009,35.372365,-119.020573,14.2,517.4,517.4,155.7,7082.6,178.3,50.0,84.8,GOOD,23,72.0,,ONLINE,ON
TEL-11050,2025-04-11 09:00:00,EQX1009,35.371159,-119.014404,7.8,517.9,517.9,155.8,7088.9,151.2,48.2,84.7,CRITICAL,21,152.6,P0300,ONLINE,ON
TEL-11051,2025-04-11 10:00:00,EQX1009,35.37828,-119.014819,26.9,518.4,518.4,155.9,7094.9,142.1,46.5,84.6,GOOD,19,57.1,,ONLINE,ON
TEL-11052,2025-04-11 11:00:00,EQX1009,35.373643,-119.020249,29.9,518.9,518.9,156.0,7098.9,96.7,45.3,84.5,GOOD,29,247.0,,ONLINE,ON
TEL-11053,2025-04-11 12:00:00,EQX1009,35.374374,-119.014054,31.4,519.4,519.4,156.1,7105.0,146.6,43.6,84.4,GOOD,16,271.1,,ONLINE,ON
TEL-11054,2025-04-11 13:00:00,EQX1009,35.371833,-119.023191,10.2,519.9,519.9,156.2,7110.5,131.3,42.0,84.3,GOOD,3,101.4,,ONLINE,ON
TEL-11055,2025-04-11 14:00:00,EQX1009,35.376878,-119.020799,25.4,520.4,520.4,156.3,7117.8,175.9,39.9,84.2,GOOD,0,221.4,,ONLINE,ON
TEL-11056,2025-04-11 15:00:00,EQX1009,35.377631,-119.01727,22.1,520.9,520.9,156.4,7122.7,116.9,38.5,84.1,GOOD,14,267.7,,ONLINE,ON
TEL-11057,2025-04-11 16:00:00,EQX1009,35.372904,-119.020716,30.5,521.4,521.4,156.5,7126.9,101.5,37.3,84.0,GOOD,23,55.8,,OFFLINE,ON
TEL-11058,2025-04-11 17:00:00,EQX1009,35.369147,-119.018557,15.6,521.9,521.9,156.6,7131.3,105.8,36.1,83.9,GOOD,15,2.1,,ONLINE,ON
TEL-11059,2025-04-11 18:00:00,EQX1009,35.3733,-119.0187,0.0,521.9,521.9,156.6,7131.4,2.4,36.0,83.8,GOOD,11,89.8,,ONLINE,OFF
TEL-11060,2025-04-11 19:00:00,EQX1009,35.3733,-119.0187,0.0,521.9,521.9,156.6,7131.5,2.4,36.0,83.7,GOOD,3,296.8,,ONLINE,OFF
TEL-11061,2025-04-11 20:00:00,EQX1009,35.3733,-119.0187,0.0,521.9,521.9,156.6,7131.6,2.4,36.0,83.6,GOOD,23,130.2,,ONLINE,OFF
TEL-11062,2025-04-11 21:00:00,EQX1009,35.3733,-119.0187,0.0,521.9,521.9,156.6,7131.7,2.4,35.9,83.5,GOOD,6,85.5,,ONLINE,OFF
TEL-11063,2025-04-11 22:00:00,EQX1009,35.3733,-119.0187,0.0,521.9,521.9,156.6,7131.8,2.4,35.9,83.4,GOOD,1,48.1,,ONLINE,OFF
TEL-11064,2025-04-11 23:00:00,EQX1009,35.3733,-119.0187,0.0,521.9,521.9,156.6,7131.9,2.4,35.9,83.3,GOOD,8,35.6,,ONLINE,OFF
TEL-11065,2025-04-12 00:00:00,EQX1009,35.3733,-119.0187,0.0,521.9,521.9,156.6,7132.0,2.4,35.9,83.2,GOOD,4,97.5,,ONLINE,OFF
TEL-11066,2025-04-12 01:00:00,EQX1009,35.3733,-119.0187,0.0,521.9,521.9,156.6,7132.1,2.4,35.8,83.1,GOOD,29,222.6,,ONLINE,OFF
TEL-11067,2025-04-12 02:00:00,EQX1009,35.3733,-119.0187,0.0,521.9,521.9,156.6,7132.2,2.4,35.8,83.0,GOOD,25,6.3,,ONLINE,OFF
TEL-11068,2025-04-12 03:00:00,EQX1009,35.3733,-119.0187,0.0,521.9,521.9,156.6,7132.3,2.4,35.8,82.9,GOOD,7,15.6,,ONLINE,OFF
TEL-11069,2025-04-12 04:00:00,EQX1009,35.3733,-119.0187,0.0,521.9,521.9,156.6,7132.4,2.4,35.7,82.8,GOOD,0,130.3,,ONLINE,OFF
TEL-11070,2025-04-12 05:00:00,EQX1009,35.3733,-119.0187,0.0,521.9,521.9,156.6,7132.5,2.4,35.7,82.7,GOOD,7,185.3,,ONLINE,OFF
TEL-11071,2025-04-12 06:00:00,EQX1009,35.3733,-119.0187,0.0,521.9,521.9,156.6,7132.6,2.4,35.7,82.6,GOOD,3,259.3,,ONLINE,OFF
TEL-11072,2025-04-12 07:00:00,EQX1009,35.3733,-119.0187,0.0,521.9,521.9,156.6,7132.7,2.4,35.7,82.5,GOOD,6,142.2,,ONLINE,OFF
TEL-11073,2025-04-12 08:00:00,EQX1009,35.374411,-119.021813,28.5,522.4,522.4,156.7,7137.1,105.8,34.4,82.4,GOOD,4,68.8,,ONLINE,ON
TEL-11074,2025-04-12 09:00:00,EQX1009,35.377591,-119.019437,9.0,522.9,522.9,156.8,7141.3,99.6,33.2,82.3,GOOD,1,114.1,,ONLINE,ON
TEL-11075,2025-04-12 10:00:00,EQX1009,35.370518,-119.019439,20.7,523.4,523.4,156.9,7148.1,163.2,31.3,82.2,GOOD,1,91.3,,ONLINE,ON
TEL-11076,2025-04-12 11:00:00,EQX1009,35.372481,-119.020502,13.1,523.9,523.9,157.0,7153.2,122.9,29.8,82.1,WARNING,0,15.6,P0017,ONLINE,ON
TEL-11077,2025-04-12 12:00:00,EQX1009,35.377385,-119.022692,27.3,524.4,524.4,157.1,7158.0,116.4,28.4,82.0,GOOD,11,100.3,,ONLINE,ON
TEL-11078,2025-04-12 13:00:00,EQX1009,35.376005,-119.022397,8.3,524.9,524.9,157.2,7164.7,160.3,26.5,81.9,GOOD,23,233.6,,ONLINE,ON
TEL-11079,2025-04-12 14:00:00,EQX1009,35.3704,-119.01986,20.9,525.4,525.4,157.3,7170.2,131.8,24.9,81.8,GOOD,23,180.6,,ONLINE,ON
TEL-11080,2025-04-12 15:00:00,EQX1009,35.376474,-119.021771,6.2,525.9,525.9,157.4,7178.1,188.9,22.7,81.7,GOOD,30,164.0,,ONLINE,ON
TEL-11081,2025-04-12 16:00:00,EQX1009,35.37032,-119.016492,15.3,526.4,526.4,157.5,7185.0,165.6,20.7,81.6,WARNING,13,165.1,P0087,ONLINE,ON
TEL-11082,2025-04-12 17:00:00,EQX1009,35.377368,-119.013949,12.6,526.9,526.9,157.6,7192.5,180.2,18.6,81.5,GOOD,22,35.2,,ONLINE,ON
TEL-11083,2025-04-12 18:00:00,EQX1009,35.3733,-119.0187,0.0,526.9,526.9,157.6,7192.6,2.4,18.5,81.4,GOOD,30,151.2,,ONLINE,OFF
TEL-11084,2025-04-12 19:00:00,EQX1009,35.3733,-119.0187,0.0,526.9,526.9,157.6,7192.7,2.4,18.5,81.3,GOOD,4,86.9,,OFFLINE,OFF
TEL-11085,2025-04-12 20:00:00,EQX1009,35.3733,-119.0187,0.0,526.9,526.9,157.6,7192.8,2.4,18.5,81.2,GOOD,6,222.2,,ONLINE,OFF
TEL-11086,2025-04-12 21:00:00,EQX1009,35.3733,-119.0187,0.0,526.9,526.9,157.6,7192.9,2.4,18.5,81.1,GOOD,2,49.7,,ONLINE,OFF
TEL-11087,2025-04-12 22:00:00,EQX1009,35.3733,-119.0187,0.0,526.9,526.9,157.6,7193.0,2.4,18.4,81.0,GOOD,12,182.2,,ONLINE,OFF
TEL-11088,2025-04-12 23:00:00,EQX1009,35.3733,-119.0187,0.0,526.9,526.9,157.6,7193.1,2.4,18.4,80.9,WARNING,6,177.6,P0420,ONLINE,OFF
TEL-11089,2025-04-13 00:00:00,EQX1009,35.3733,-119.0187,0.0,526.9,526.9,157.6,7193.2,2.4,18.4,80.8,GOOD,16,212.3,,OFFLINE,OFF
TEL-11090,2025-04-13 01:00:00,EQX1009,35.3733,-119.0187,0.0,526.9,526.9,157.6,7193.3,2.4,18.3,80.7,GOOD,22,80.6,,ONLINE,OFF
TEL-11091,2025-04-13 02:00:00,EQX1009,35.3733,-119.0187,0.0,526.9,526.9,157.6,7193.4,2.4,18.3,80.6,GOOD,9,11.7,,ONLINE,OFF
TEL-11092,2025-04-13 03:00:00,EQX1009,35.3733,-119.0187,0.0,526.9,526.9,157.6,7193.5,2.4,18.3,80.5,GOOD,8,262.0,,ONLINE,OFF
TEL-11093,2025-04-13 04:00:00,EQX1009,35.3733,-119.0187,0.0,526.9,526.9,157.6,7193.6,2.4,18.3,80.4,GOOD,6,160.4,,ONLINE,OFF
TEL-11094,2025-04-13 05:00:00,EQX1009,35.3733,-119.0187,0.0,526.9,526.9,157.6,7193.7,2.4,18.2,80.3,GOOD,11,97.4,,OFFLINE,OFF
TEL-11095,2025-04-13 06:00:00,EQX1009,35.3733,-119.0187,0.0,526.9,526.9,157.6,7193.8,2.4,18.2,80.2,GOOD,4,122.5,,ONLINE,OFF
TEL-11096,2025-04-13 07:00:00,EQX1009,35.3733,-119.0187,0.0,526.9,526.9,157.6,7193.9,2.4,18.2,80.1,GOOD,26,3.1,,ONLINE,OFF
TEL-11097,2025-04-13 08:00:00,EQX1009,35.37086,-119.023544,15.7,527.4,527.4,157.7,7200.8,166.1,16.2,80.0,GOOD,30,234.2,,ONLINE,ON
TEL-11098,2025-04-13 09:00:00,EQX1009,35.374838,-119.015,8.2,527.9,527.9,157.8,7207.8,167.5,14.2,79.9,GOOD,26,132.7,,ONLINE,ON
TEL-11099,2025-04-13 10:00:00,EQX1009,35.376882,-119.019745,14.7,528.4,528.4,157.9,7212.6,115.7,12.8,79.8,GOOD,13,110.6,,ONLINE,ON
TEL-11100,2025-04-13 11:00:00,EQX1009,35.37015,-119.015076,32.1,528.9,528.9,158.0,7217.0,104.9,11.6,79.7,GOOD,23,54.1,,ONLINE,ON
TEL-11101,2025-04-13 12:00:00,EQX1009,35.376475,-119.016826,13.5,529.4,529.4,158.1,7222.2,125.8,10.1,79.6,GOOD,13,73.6,,ONLINE,ON
TEL-11102,2025-04-13 13:00:00,EQX1009,35.373568,-119.016432,32.3,529.9,529.9,158.2,7230.1,189.1,95.0,79.5,GOOD,12,115.2,,ONLINE,ON
TEL-11103,2025-04-13 14:00:00,EQX1009,35.377647,-119.022378,8.3,530.4,530.4,158.3,7234.1,97.2,93.8,79.4,GOOD,30,188.2,,ONLINE,ON
TEL-11104,2025-04-13 15:00:00,EQX1009,35.369363,-119.016339,5.4,530.9,530.9,158.4,7242.0,188.9,91.6,79.3,GOOD,6,41.8,,ONLINE,ON
TEL-11105,2025-04-13 16:00:00,EQX1009,35.371374,-119.018911,27.8,531.4,531.4,158.5,7249.6,181.7,89.4,79.2,GOOD,8,188.2,,ONLINE,ON
TEL-11106,2025-04-13 17:00:00,EQX1009,35.371267,-119.018585,8.7,531.9,531.9,158.6,7256.9,175.2,87.3,79.1,GOOD,29,67.3,,ONLINE,ON
TEL-11107,2025-04-13 18:00:00,EQX1009,35.3733,-119.0187,0.0,531.9,531.9,158.6,7257.0,2.4,87.3,79.0,GOOD,9,67.8,,ONLINE,OFF
TEL-11108,2025-04-13 19:00:00,EQX1009,35.3733,-119.0187,0.0,531.9,531.9,158.6,7257.1,2.4,87.3,78.9,GOOD,26,270.5,,ONLINE,OFF
TEL-11109,2025-04-13 20:00:00,EQX1009,35.3733,-119.0187,0.0,531.9,531.9,158.6,7257.2,2.4,87.3,78.8,GOOD,30,286.8,,ONLINE,OFF
TEL-11110,2025-04-13 21:00:00,EQX1009,35.3733,-119.0187,0.0,531.9,531.9,158.6,7257.3,2.4,87.2,78.7,GOOD,29,277.4,,ONLINE,OFF
TEL-11111,2025-04-13 22:00:00,EQX1009,35.3733,-119.0187,0.0,531.9,531.9,158.6,7257.4,2.4,87.2,78.6,WARNING,5,128.6,P0087,ONLINE,OFF
TEL-11112,2025-04-13 23:00:00,EQX1009,35.3733,-119.0187,0.0,531.9,531.9,158.6,7257.5,2.4,87.2,78.5,GOOD,28,200.2,,ONLINE,OFF
TEL-11113,2025-04-14 00:00:00,EQX1009,35.3733,-119.0187,0.0,531.9,531.9,158.6,7257.6,2.4,87.1,78.4,GOOD,3,81.3,,ONLINE,OFF
TEL-11114,2025-04-14 01:00:00,EQX1009,35.3733,-119.0187,0.0,531.9,531.9,158.6,7257.7,2.4,87.1,78.3,GOOD,29,213.4,,ONLINE,OFF
TEL-11115,2025-04-14 02:00:00,EQX1009,35.3733,-119.0187,0.0,531.9,531.9,158.6,7257.8,2.4,87.1,78.2,WARNING,24,196.8,P0087,ONLINE,OFF
TEL-11116,2025-04-14 03:00:00,EQX1009,35.3733,-119.0187,0.0,531.9,531.9,158.6,7257.9,2.4,87.1,78.1,GOOD,25,292.9,,ONLINE,OFF
TEL-11117,2025-04-14 04:00:00,EQX1009,35.3733,-119.0187,0.0,531.9,531.9,158.6,7258.0,2.4,87.0,78.0,GOOD,23,83.5,,ONLINE,OFF
TEL-11118,2025-04-14 05:00:00,EQX1009,35.3733,-119.0187,0.0,531.9,531.9,158.6,7258.1,2.4,87.0,77.9,GOOD,12,105.8,,ONLINE,OFF
TEL-11119,2025-04-14 06:00:00,EQX1009,35.3733,-119.0187,0.0,531.9,531.9,158.6,7258.2,2.4,87.0,77.8,GOOD,19,238.1,,ONLINE,OFF
TEL-11120,2025-04-14 07:00:00,EQX1009,35.3733,-119.0187,0.0,531.9,531.9,158.6,7258.3,2.4,86.9,77.7,GOOD,7,115.0,,ONLINE,OFF
TEL-11121,2025-04-14 08:00:00,EQX1009,35.373662,-119.021399,21.5,532.4,532.4,158.7,7264.4,147.6,85.2,77.6,GOOD,16,173.4,,ONLINE,ON
TEL-11122,2025-04-14 09:00:00,EQX1009,35.370652,-119.023671,25.8,532.9,532.9,158.8,7271.4,167.8,83.2,77.5,CRITICAL,15,287.3,P0420,ONLINE,ON
TEL-11123,2025-04-14 10:00:00,EQX1009,35.376788,-119.015032,32.6,533.4,533.4,158.9,7275.7,101.8,82.0,77.4,GOOD,4,250.6,,ONLINE,ON
TEL-11124,2025-04-14 11:00:00,EQX1009,35.370407,-119.021454,21.5,533.9,533.9,159.0,7283.4,185.5,79.8,77.3,GOOD,22,211.2,,ONLINE,ON
TEL-11125,2025-04-14 12:00:00,EQX1009,35.372017,-119.016686,16.3,534.4,534.4,159.1,7287.5,98.6,78.6,77.2,GOOD,26,178.2,,ONLINE,ON
TEL-11126,2025-07-15 08:00:00,EQX1010,38.584254,-121.494702,5.4,806.7,806.7,196.9,9217.2,175.7,82.9,69.7,GOOD,30,89.9,,ONLINE,ON
TEL-11127,2025-07-15 09:00:00,EQX1010,38.583552,-121.496532,17.3,807.2,807.2,197.0,9222.6,128.4,81.4,69.6,GOOD,1,181.3,,ONLINE,ON
TEL-11128,2025-07-15 10:00:00,EQX1010,38.580836,-121.489918,10.2,807.7,807.7,197.1,9227.2,111.4,80.1,69.5,GOOD,8,275.7,,ONLINE,ON
TEL-11129,2025-07-15 11:00:00,EQX1010,38.578168,-121.489669,20.1,808.2,808.2,197.2,9234.0,164.2,78.1,69.4,GOOD,4,222.9,,ONLINE,ON
TEL-11130,2025-07-15 12:00:00,EQX1010,38.584825,-121.48964,17.0,808.7,808.7,197.3,9238.3,101.3,76.9,69.3,GOOD,22,140.5,,ONLINE,ON
TEL-11131,2025-07-15 13:00:00,EQX1010,38.578248,-121.491367,14.4,809.2,809.2,197.4,9244.8,157.7,75.0,69.2,GOOD,3,31.3,,ONLINE,ON
TEL-11132,2025-07-15 14:00:00,EQX1010,38.578995,-121.497772,15.9,809.7,809.7,197.5,9252.0,170.9,73.0,69.1,GOOD,0,227.0,,ONLINE,ON
TEL-11133,2025-07-15 15:00:00,EQX1010,38.576924,-121.496708,14.3,810.2,810.2,197.6,9258.2,149.0,71.2,69.0,GOOD,18,295.9,,ONLINE,ON
TEL-11134,2025-07-15 16:00:00,EQX1010,38.579686,-121.489595,19.5,810.7,810.7,197.7,9262.4,100.6,70.0,68.9,GOOD,16,58.5,,ONLINE,ON
TEL-11135,2025-07-15 17:00:00,EQX1010,38.583627,-121.498426,27.6,811.2,811.2,197.8,9269.3,165.6,68.0,68.8,GOOD,3,150.7,,ONLINE,ON
TEL-11136,2025-07-15 18:00:00,EQX1010,38.5816,-121.4944,0.0,811.2,811.2,197.8,9269.4,2.4,68.0,68.7,WARNING,15,175.9,P0300,ONLINE,OFF
TEL-11137,2025-07-15 19:00:00,EQX1010,38.5816,-121.4944,0.0,811.2,811.2,197.8,9269.5,2.4,68.0,68.6,GOOD,14,23.6,,ONLINE,OFF
TEL-11138,2025-07-15 20:00:00,EQX1010,38.5816,-121.4944,0.0,811.2,811.2,197.8,9269.6,2.4,68.0,68.5,GOOD,6,242.2,,ONLINE,OFF
TEL-11139,2025-07-15 21:00:00,EQX1010,38.5816,-121.4944,0.0,811.2,811.2,197.8,9269.7,2.4,67.9,68.4,GOOD,30,150.5,,ONLINE,OFF
TEL-11140,2025-07-15 22:00:00,EQX1010,38.5816,-121.4944,0.0,811.2,811.2,197.8,9269.8,2.4,67.9,68.3,GOOD,24,102.4,,ONLINE,OFF
TEL-11141,2025-07-15 23:00:00,EQX1010,38.5816,-121.4944,0.0,811.2,811.2,197.8,9269.9,2.4,67.9,68.2,GOOD,27,282.0,,ONLINE,OFF
TEL-11142,2025-07-16 00:00:00,EQX1010,38.5816,-121.4944,0.0,811.2,811.2,197.8,9270.0,2.4,67.8,68.1,GOOD,7,62.6,,ONLINE,OFF
TEL-11143,2025-07-16 01:00:00,EQX1010,38.5816,-121.4944,0.0,811.2,811.2,197.8,9270.1,2.4,67.8,68.0,GOOD,20,298.3,,ONLINE,OFF
TEL-11144,2025-07-16 02:00:00,EQX1010,38.5816,-121.4944,0.0,811.2,811.2,197.8,9270.2,2.4,67.8,67.9,WARNING,17,260.3,P0217,ONLINE,OFF
TEL-11145,2025-07-16 03:00:00,EQX1010,38.5816,-121.4944,0.0,811.2,811.2,197.8,9270.3,2.4,67.8,67.8,GOOD,14,94.1,,ONLINE,OFF
TEL-11146,2025-07-16 04:00:00,EQX1010,38.5816,-121.4944,0.0,811.2,811.2,197.8,9270.4,2.4,67.7,67.7,GOOD,11,106.0,,ONLINE,OFF
TEL-11147,2025-07-16 05:00:00,EQX1010,38.5816,-121.4944,0.0,811.2,811.2,197.8,9270.5,2.4,67.7,67.6,GOOD,15,293.5,,ONLINE,OFF
TEL-11148,2025-07-16 06:00:00,EQX1010,38.5816,-121.4944,0.0,811.2,811.2,197.8,9270.6,2.4,67.7,67.5,GOOD,30,37.2,,ONLINE,OFF
TEL-11149,2025-07-16 07:00:00,EQX1010,38.5816,-121.4944,0.0,811.2,811.2,197.8,9270.7,2.4,67.6,67.4,WARNING,12,122.7,P0217,ONLINE,OFF
TEL-11150,2025-07-16 08:00:00,EQX1010,38.581725,-121.493154,23.6,811.7,811.7,197.9,9277.4,161.3,65.7,67.3,GOOD,13,151.8,,ONLINE,ON
TEL-11151,2025-07-16 09:00:00,EQX1010,38.582806,-121.492961,12.9,812.2,812.2,198.0,9284.9,180.0,63.6,67.2,GOOD,26,168.2,,ONLINE,ON
TEL-11152,2025-07-16 10:00:00,EQX1010,38.582301,-121.490862,9.6,812.7,812.7,198.1,9289.3,106.1,62.3,67.1,GOOD,21,28.1,,ONLINE,ON
TEL-11153,2025-07-16 11:00:00,EQX1010,38.581249,-121.498542,19.0,813.2,813.2,198.2,9295.9,157.7,60.4,67.0,GOOD,29,119.1,,ONLINE,ON
TEL-11154,2025-07-16 12:00:00,EQX1010,38.580024,-121.493356,18.0,813.7,813.7,198.3,9301.5,134.6,58.8,66.9,GOOD,3,83.5,,ONLINE,ON
TEL-11155,2025-07-16 13:00:00,EQX1010,38.583002,-121.496198,6.1,814.2,814.2,198.4,9306.1,110.9,57.5,66.8,WARNING,24,114.1,P0420,ONLINE,ON
TEL-11156,2025-07-16 14:00:00,EQX1010,38.581334,-121.498859,33.1,814.7,814.7,198.5,9311.6,130.8,56.0,66.7,GOOD,21,126.9,,ONLINE,ON
TEL-11157,2025-07-16 15:00:00,EQX1010,38.579339,-121.498583,12.6,815.2,815.2,198.6,9316.3,112.8,54.6,66.6,GOOD,13,157.4,,ONLINE,ON
TEL-11158,2025-07-16 16:00:00,EQX1010,38.577524,-121.490384,25.1,815.7,815.7,198.7,9321.3,121.0,53.2,66.5,GOOD,5,59.6,,ONLINE,ON
TEL-11159,2025-07-16 17:00:00,EQX1010,38.584439,-121.489744,33.3,816.2,816.2,198.8,9327.2,142.3,51.5,66.4,GOOD,18,116.7,,ONLINE,ON
TEL-11160,2025-07-16 18:00:00,EQX1010,38.5816,-121.4944,0.0,816.2,816.2,198.8,9327.3,2.4,51.5,66.3,GOOD,2,216.8,,OFFLINE,OFF
TEL-11161,2025-07-16 19:00:00,EQX1010,38.5816,-121.4944,0.0,816.2,816.2,198.8,9327.4,2.4,51.4,66.2,GOOD,26,281.7,,ONLINE,OFF
TEL-11162,2025-07-16 20:00:00,EQX1010,38.5816,-121.4944,0.0,816.2,816.2,198.8,9327.5,2.4,51.4,66.1,GOOD,4,269.0,,ONLINE,OFF
TEL-11163,2025-07-16 21:00:00,EQX1010,38.5816,-121.4944,0.0,816.2,816.2,198.8,9327.6,2.4,51.4,66.0,GOOD,25,291.0,,ONLINE,OFF
TEL-11164,2025-07-16 22:00:00,EQX1010,38.5816,-121.4944,0.0,816.2,816.2,198.8,9327.7,2.4,51.3,65.9,CRITICAL,30,249.8,P0300,ONLINE,OFF
TEL-11165,2025-07-16 23:00:00,EQX1010,38.5816,-121.4944,0.0,816.2,816.2,198.8,9327.8,2.4,51.3,65.8,GOOD,3,10.9,,ONLINE,OFF
TEL-11166,2025-07-17 00:00:00,EQX1010,38.5816,-121.4944,0.0,816.2,816.2,198.8,9327.9,2.4,51.3,65.7,GOOD,24,49.8,,ONLINE,OFF
TEL-11167,2025-07-17 01:00:00,EQX1010,38.5816,-121.4944,0.0,816.2,816.2,198.8,9328.0,2.4,51.3,65.6,GOOD,21,173.1,,ONLINE,OFF
TEL-11168,2025-07-17 02:00:00,EQX1010,38.5816,-121.4944,0.0,816.2,816.2,198.8,9328.1,2.4,51.2,65.5,CRITICAL,16,245.7,P0217,OFFLINE,OFF
TEL-11169,2025-07-17 03:00:00,EQX1010,38.5816,-121.4944,0.0,816.2,816.2,198.8,9328.2,2.4,51.2,65.4,GOOD,13,123.1,,ONLINE,OFF
TEL-11170,2025-07-17 04:00:00,EQX1010,38.5816,-121.4944,0.0,816.2,816.2,198.8,9328.3,2.4,51.2,65.3,GOOD,24,100.7,,ONLINE,OFF
TEL-11171,2025-07-17 05:00:00,EQX1010,38.5816,-121.4944,0.0,816.2,816.2,198.8,9328.4,2.4,51.1,65.2,GOOD,17,178.5,,ONLINE,OFF
TEL-11172,2025-07-17 06:00:00,EQX1010,38.5816,-121.4944,0.0,816.2,816.2,198.8,9328.5,2.4,51.1,65.1,GOOD,22,204.1,,ONLINE,OFF
TEL-11173,2025-07-17 07:00:00,EQX1010,38.5816,-121.4944,0.0,816.2,816.2,198.8,9328.6,2.4,51.1,65.0,GOOD,28,257.1,,ONLINE,OFF
TEL-11174,2025-07-17 08:00:00,EQX1010,38.583096,-121.493237,34.9,816.7,816.7,198.9,9335.8,173.3,49.0,64.9,GOOD,24,187.1,,ONLINE,ON
TEL-11175,2025-07-17 09:00:00,EQX1010,38.584659,-121.492723,21.3,817.2,817.2,199.0,9342.4,156.7,47.2,64.8,GOOD,24,136.4,,ONLINE,ON
TEL-11176,2025-07-17 10:00:00,EQX1010,38.577844,-121.489724,16.4,817.7,817.7,199.1,9347.2,114.7,45.8,64.7,GOOD,26,193.5,,ONLINE,ON
TEL-11177,2025-07-17 11:00:00,EQX1010,38.584422,-121.494324,28.5,818.2,818.2,199.2,9352.7,133.9,44.2,64.6,GOOD,9,251.5,,ONLINE,ON
TEL-11178,2025-07-17 12:00:00,EQX1010,38.585602,-121.495254,28.9,818.7,818.7,199.3,9358.4,135.8,42.6,64.5,WARNING,25,112.3,P0087,ONLINE,ON
TEL-11179,2025-07-17 13:00:00,EQX1010,38.579951,-121.489808,29.5,819.2,819.2,199.4,9365.7,174.7,40.5,64.4,GOOD,12,57.8,,ONLINE,ON
TEL-11180,2025-07-17 14:00:00,EQX1010,38.582379,-121.498111,24.3,819.7,819.7,199.5,9373.0,175.4,38.4,64.3,GOOD,5,120.9,,ONLINE,ON
TEL-11181,2025-07-17 15:00:00,EQX1010,38.5837,-121.498137,14.5,820.2,820.2,199.6,9377.6,111.1,37.1,64.2,GOOD,12,252.9,,ONLINE,ON
TEL-11182,2025-07-17 16:00:00,EQX1010,38.586087,-121.497362,23.8,820.7,820.7,199.7,9382.7,121.0,35.6,64.1,GOOD,20,231.0,,ONLINE,ON
TEL-11183,2025-07-17 17:00:00,EQX1010,38.586324,-121.493682,9.6,821.2,821.2,199.8,9389.1,155.3,33.8,64.0,WARNING,4,295.0,P0562,ONLINE,ON
TEL-11184,2025-07-17 18:00:00,EQX1010,38.5816,-121.4944,0.0,821.2,821.2,199.8,9389.2,2.4,33.8,63.9,GOOD,20,269.4,,ONLINE,OFF
TEL-11185,2025-07-17 19:00:00,EQX1010,38.5816,-121.4944,0.0,821.2,821.2,199.8,9389.3,2.4,33.7,63.8,GOOD,24,242.1,,ONLINE,OFF
TEL-11186,2025-07-17 20:00:00,EQX1010,38.5816,-121.4944,0.0,821.2,821.2,199.8,9389.4,2.4,33.7,63.7,GOOD,2,280.5,,ONLINE,OFF
TEL-11187,2025-07-17 21:00:00,EQX1010,38.5816,-121.4944,0.0,821.2,821.2,199.8,9389.5,2.4,33.7,63.6,GOOD,3,33.3,,ONLINE,OFF
TEL-11188,2025-07-17 22:00:00,EQX1010,38.5816,-121.4944,0.0,821.2,821.2,199.8,9389.6,2.4,33.7,63.5,GOOD,8,268.4,,ONLINE,OFF
TEL-11189,2025-07-17 23:00:00,EQX1010,38.5816,-121.4944,0.0,821.2,821.2,199.8,9389.7,2.4,33.6,63.4,GOOD,26,62.4,,ONLINE,OFF
TEL-11190,2025-07-18 00:00:00,EQX1010,38.5816,-121.4944,0.0,821.2,821.2,199.8,9389.8,2.4,33.6,63.3,GOOD,15,287.8,,ONLINE,OFF
TEL-11191,2025-07-18 01:00:00,EQX1010,38.5816,-121.4944,0.0,821.2,821.2,199.8,9389.9,2.4,33.6,63.2,GOOD,10,190.1,,ONLINE,OFF
TEL-11192,2025-07-18 02:00:00,EQX1010,38.5816,-121.4944,0.0,821.2,821.2,199.8,9390.0,2.4,33.5,63.1,GOOD,28,53.6,,ONLINE,OFF
TEL-11193,2025-07-18 03:00:00,EQX1010,38.5816,-121.4944,0.0,821.2,821.2,199.8,9390.1,2.4,33.5,63.0,GOOD,10,298.1,,ONLINE,OFF
TEL-11194,2025-07-18 04:00:00,EQX1010,38.5816,-121.4944,0.0,821.2,821.2,199.8,9390.2,2.4,33.5,62.9,GOOD,5,156.5,,ONLINE,OFF
TEL-11195,2025-07-18 05:00:00,EQX1010,38.5816,-121.4944,0.0,821.2,821.2,199.8,9390.3,2.4,33.5,62.8,GOOD,17,6.9,,ONLINE,OFF
TEL-11196,2025-07-18 06:00:00,EQX1010,38.5816,-121.4944,0.0,821.2,821.2,199.8,9390.4,2.4,33.4,62.7,GOOD,3,269.6,,ONLINE,OFF
TEL-11197,2025-07-18 07:00:00,EQX1010,38.5816,-121.4944,0.0,821.2,821.2,199.8,9390.5,2.4,33.4,62.6,GOOD,22,282.0,,OFFLINE,OFF
TEL-11198,2025-07-18 08:00:00,EQX1010,38.580086,-121.493885,13.0,821.7,821.7,199.9,9396.5,142.3,31.7,62.5,GOOD,15,130.8,,ONLINE,ON
TEL-11199,2025-07-18 09:00:00,EQX1010,38.578579,-121.49094,33.4,822.2,822.2,200.0,9404.1,184.6,29.5,62.4,GOOD,3,175.1,,ONLINE,ON
TEL-11200,2025-07-18 10:00:00,EQX1010,38.586138,-121.494522,28.0,822.7,822.7,200.1,9409.4,126.0,28.0,62.3,GOOD,23,81.5,,ONLINE,ON
TEL-11201,2025-07-18 11:00:00,EQX1010,38.578597,-121.495871,14.6,823.2,823.2,200.2,9413.8,106.3,26.7,62.2,GOOD,14,50.2,,ONLINE,ON
TEL-11202,2025-07-18 12:00:00,EQX1010,38.579535,-121.491133,6.0,823.7,823.7,200.3,9419.9,145.2,25.0,62.1,GOOD,11,119.5,,ONLINE,ON
TEL-11203,2025-07-18 13:00:00,EQX1010,38.578459,-121.496947,8.4,824.2,824.2,200.4,9427.1,173.8,22.9,62.0,GOOD,4,233.9,,ONLINE,ON
TEL-11204,2025-07-18 14:00:00,EQX1010,38.579889,-121.494746,8.7,824.7,824.7,200.5,9432.4,126.5,21.4,61.9,GOOD,17,19.9,,OFFLINE,ON
TEL-11205,2025-07-18 15:00:00,EQX1010,38.58221,-121.492237,13.5,825.2,825.2,200.6,9437.2,116.4,20.0,61.8,GOOD,21,22.4,,ONLINE,ON
TEL-11206,2025-07-18 16:00:00,EQX1010,38.579778,-121.496199,31.8,825.7,825.7,200.7,9442.9,136.6,18.4,61.7,GOOD,15,14.0,,ONLINE,ON
TEL-11207,2025-07-18 17:00:00,EQX1010,38.582614,-121.493488,13.2,826.2,826.2,200.8,9447.4,107.5,17.1,61.6,GOOD,0,193.1,,ONLINE,ON
TEL-11208,2025-07-18 18:00:00,EQX1010,38.5816,-121.4944,0.0,826.2,826.2,200.8,9447.5,2.4,17.1,61.5,GOOD,9,39.3,,ONLINE,OFF
TEL-11209,2025-07-18 19:00:00,EQX1010,38.5816,-121.4944,0.0,826.2,826.2,200.8,9447.6,2.4,17.1,61.4,WARNING,29,158.3,P0420,ONLINE,OFF
TEL-11210,2025-07-18 20:00:00,EQX1010,38.5816,-121.4944,0.0,826.2,826.2,200.8,9447.7,2.4,17.1,61.3,WARNING,3,249.0,P0300,ONLINE,OFF
TEL-11211,2025-07-18 21:00:00,EQX1010,38.5816,-121.4944,0.0,826.2,826.2,200.8,9447.8,2.4,17.0,61.2,GOOD,11,120.1,,ONLINE,OFF
TEL-11212,2025-07-18 22:00:00,EQX1010,38.5816,-121.4944,0.0,826.2,826.2,200.8,9447.9,2.4,17.0,61.1,GOOD,12,89.5,,ONLINE,OFF
TEL-11213,2025-07-18 23:00:00,EQX1010,38.5816,-121.4944,0.0,826.2,826.2,200.8,9448.0,2.4,17.0,61.0,GOOD,29,36.4,,ONLINE,OFF
TEL-11214,2025-07-19 00:00:00,EQX1010,38.5816,-121.4944,0.0,826.2,826.2,200.8,9448.1,2.4,16.9,60.9,GOOD,1,247.6,,ONLINE,OFF
TEL-11215,2025-07-19 01:00:00,EQX1010,38.5816,-121.4944,0.0,826.2,826.2,200.8,9448.2,2.4,16.9,60.8,GOOD,23,130.7,,ONLINE,OFF
TEL-11216,2025-07-19 02:00:00,EQX1010,38.5816,-121.4944,0.0,826.2,826.2,200.8,9448.3,2.4,16.9,60.7,GOOD,11,244.8,,ONLINE,OFF
TEL-11217,2025-07-19 03:00:00,EQX1010,38.5816,-121.4944,0.0,826.2,826.2,200.8,9448.4,2.4,16.9,60.6,WARNING,27,15.7,P0562,ONLINE,OFF
TEL-11218,2025-07-19 04:00:00,EQX1010,38.5816,-121.4944,0.0,826.2,826.2,200.8,9448.5,2.4,16.8,60.5,WARNING,30,91.3,P0017,ONLINE,OFF
TEL-11219,2025-07-19 05:00:00,EQX1010,38.5816,-121.4944,0.0,826.2,826.2,200.8,9448.6,2.4,16.8,60.4,GOOD,12,81.0,,ONLINE,OFF
TEL-11220,2025-07-19 06:00:00,EQX1010,38.5816,-121.4944,0.0,826.2,826.2,200.8,9448.7,2.4,16.8,60.3,GOOD,4,95.8,,ONLINE,OFF
TEL-11221,2025-07-19 07:00:00,EQX1010,38.5816,-121.4944,0.0,826.2,826.2,200.8,9448.8,2.4,16.7,60.2,GOOD,28,124.0,,ONLINE,OFF
TEL-11222,2025-07-19 08:00:00,EQX1010,38.582379,-121.492787,18.4,826.7,826.7,200.9,9453.3,107.8,15.5,60.1,GOOD,23,144.8,,ONLINE,ON
TEL-11223,2025-07-19 09:00:00,EQX1010,38.58013,-121.491045,7.8,827.2,827.2,201.0,9460.4,169.4,13.4,60.0,GOOD,27,61.8,,ONLINE,ON
TEL-11224,2025-07-19 10:00:00,EQX1010,38.576731,-121.497239,7.3,827.7,827.7,201.1,9468.2,189.4,11.2,59.9,GOOD,3,102.1,,ONLINE,ON
TEL-11225,2025-07-19 11:00:00,EQX1010,38.579734,-121.489956,29.4,828.2,828.2,201.2,9475.3,169.2,95.0,59.8,GOOD,27,151.4,,ONLINE,ON
TEL-11226,2025-07-19 12:00:00,EQX1010,38.586351,-121.490721,32.4,828.7,828.7,201.3,9480.2,117.1,93.6,59.7,GOOD,6,20.6,,ONLINE,ON
TEL-11227,2025-07-19 13:00:00,EQX1010,38.582372,-121.498379,17.7,829.2,829.2,201.4,9486.9,162.0,91.7,59.6,GOOD,3,72.2,,ONLINE,ON
TEL-11228,2025-07-19 14:00:00,EQX1010,38.583219,-121.494874,31.8,829.7,829.7,201.5,9491.7,114.0,90.3,59.5,GOOD,2,106.3,,OFFLINE,ON
TEL-11229,2025-07-19 15:00:00,EQX1010,38.579937,-121.494987,11.4,830.2,830.2,201.6,9497.3,134.2,88.7,59.4,GOOD,12,219.6,,ONLINE,ON
TEL-11230,2025-07-19 16:00:00,EQX1010,38.58254,-121.494104,17.7,830.7,830.7,201.7,9502.4,124.3,87.2,59.3,GOOD,21,15.0,,ONLINE,ON
TEL-11231,2025-07-19 17:00:00,EQX1010,38.585551,-121.493648,12.5,831.2,831.2,201.8,9506.9,106.6,86.0,59.2,GOOD,8,67.9,,ONLINE,ON
TEL-11232,2025-07-19 18:00:00,EQX1010,38.5816,-121.4944,0.0,831.2,831.2,201.8,9507.0,2.4,85.9,59.1,GOOD,3,66.0,,ONLINE,OFF
TEL-11233,2025-07-19 19:00:00,EQX1010,38.5816,-121.4944,0.0,831.2,831.2,201.8,9507.1,2.4,85.9,59.0,GOOD,5,235.7,,ONLINE,OFF
TEL-11234,2025-07-19 20:00:00,EQX1010,38.5816,-121.4944,0.0,831.2,831.2,201.8,9507.2,2.4,85.9,58.9,GOOD,23,0.9,,ONLINE,OFF
TEL-11235,2025-07-19 21:00:00,EQX1010,38.5816,-121.4944,0.0,831.2,831.2,201.8,9507.3,2.4,85.9,58.8,GOOD,23,91.6,,ONLINE,OFF
TEL-11236,2025-07-19 22:00:00,EQX1010,38.5816,-121.4944,0.0,831.2,831.2,201.8,9507.4,2.4,85.8,58.7,GOOD,2,50.0,,ONLINE,OFF
TEL-11237,2025-07-19 23:00:00,EQX1010,38.5816,-121.4944,0.0,831.2,831.2,201.8,9507.5,2.4,85.8,58.6,GOOD,21,142.4,,ONLINE,OFF
TEL-11238,2025-07-20 00:00:00,EQX1010,38.5816,-121.4944,0.0,831.2,831.2,201.8,9507.6,2.4,85.8,58.5,GOOD,2,51.2,,ONLINE,OFF
TEL-11239,2025-07-20 01:00:00,EQX1010,38.5816,-121.4944,0.0,831.2,831.2,201.8,9507.7,2.4,85.7,58.4,WARNING,15,174.9,P0217,ONLINE,OFF
TEL-11240,2025-07-20 02:00:00,EQX1010,38.5816,-121.4944,0.0,831.2,831.2,201.8,9507.8,2.4,85.7,58.3,GOOD,26,5.2,,ONLINE,OFF
TEL-11241,2025-07-20 03:00:00,EQX1010,38.5816,-121.4944,0.0,831.2,831.2,201.8,9507.9,2.4,85.7,58.2,GOOD,16,50.2,,ONLINE,OFF
TEL-11242,2025-07-20 04:00:00,EQX1010,38.5816,-121.4944,0.0,831.2,831.2,201.8,9508.0,2.4,85.7,58.1,GOOD,23,100.7,,ONLINE,OFF
TEL-11243,2025-07-20 05:00:00,EQX1010,38.5816,-121.4944,0.0,831.2,831.2,201.8,9508.1,2.4,85.6,58.0,GOOD,21,145.9,,ONLINE,OFF
TEL-11244,2025-07-20 06:00:00,EQX1010,38.5816,-121.4944,0.0,831.2,831.2,201.8,9508.2,2.4,85.6,57.9,WARNING,9,213.0,P0217,ONLINE,OFF
TEL-11245,2025-07-20 07:00:00,EQX1010,38.5816,-121.4944,0.0,831.2,831.2,201.8,9508.3,2.4,85.6,57.8,GOOD,28,253.1,,ONLINE,OFF
TEL-11246,2025-07-20 08:00:00,EQX1010,38.582998,-121.497921,19.5,831.7,831.7,201.9,9513.4,121.9,84.1,57.7,GOOD,4,107.2,,ONLINE,ON
TEL-11247,2025-07-20 09:00:00,EQX1010,38.580907,-121.497337,5.9,832.2,832.2,202.0,9519.7,151.4,82.3,57.6,GOOD,12,191.6,,ONLINE,ON
TEL-11248,2025-07-20 10:00:00,EQX1010,38.585592,-121.494907,34.0,832.7,832.7,202.1,9527.2,180.2,80.2,57.5,GOOD,8,273.1,,ONLINE,ON
TEL-11249,2025-07-20 11:00:00,EQX1010,38.586053,-121.496638,15.5,833.2,833.2,202.2,9532.5,127.7,78.7,57.4,GOOD,22,103.0,,ONLINE,ON
TEL-11250,2025-07-20 12:00:00,EQX1010,38.586282,-121.491477,23.4,833.7,833.7,202.3,9538.2,137.5,77.0,57.3,GOOD,15,278.2,,ONLINE,ON
TEL-11251,2024-11-04 08:00:00,EQX1011,37.800046,-122.273253,21.7,771.3,771.3,311.7,9693.2,111.6,83.7,71.5,GOOD,26,177.9,,ONLINE,ON
TEL-11252,2024-11-04 09:00:00,EQX1011,37.806003,-122.276194,6.6,771.8,771.8,311.8,9698.5,125.3,82.2,71.4,GOOD,9,235.6,,ONLINE,ON
TEL-11253,2024-11-04 10:00:00,EQX1011,37.808937,-122.269068,20.1,772.3,772.3,311.9,9706.3,187.9,79.9,71.3,GOOD,13,175.6,,ONLINE,ON
TEL-11254,2024-11-04 11:00:00,EQX1011,37.802946,-122.268083,7.4,772.8,772.8,312.0,9711.2,117.1,78.5,71.2,GOOD,30,271.2,,ONLINE,ON
TEL-11255,2024-11-04 12:00:00,EQX1011,37.801133,-122.271842,31.8,773.3,773.3,312.1,9718.9,184.3,76.4,71.1,GOOD,4,205.0,,ONLINE,ON
TEL-11256,2024-11-04 13:00:00,EQX1011,37.802411,-122.275344,11.0,773.8,773.8,312.2,9723.4,109.0,75.1,71.0,GOOD,17,55.0,,ONLINE,ON
TEL-11257,2024-11-04 14:00:00,EQX1011,37.804666,-122.269259,28.5,774.3,774.3,312.3,9730.7,176.2,73.0,70.9,GOOD,11,140.5,,ONLINE,ON
TEL-11258,2024-11-04 15:00:00,EQX1011,37.799677,-122.270611,17.8,774.8,774.8,312.4,9736.4,136.3,71.3,70.8,GOOD,24,42.2,,ONLINE,ON
TEL-11259,2024-11-04 16:00:00,EQX1011,37.803131,-122.269991,32.2,775.3,775.3,312.5,9743.6,171.6,69.3,70.7,GOOD,1,226.6,,ONLINE,ON
TEL-11260,2024-11-04 17:00:00,EQX1011,37.807475,-122.267451,16.8,775.8,775.8,312.6,9749.2,134.6,67.7,70.6,GOOD,1,81.1,,OFFLINE,ON
TEL-11261,2024-11-04 18:00:00,EQX1011,37.8044,-122.2712,0.0,775.8,775.8,312.6,9749.3,2.4,67.7,70.5,GOOD,26,87.2,,ONLINE,OFF
TEL-11262,2024-11-04 19:00:00,EQX1011,37.8044,-122.2712,0.0,775.8,775.8,312.6,9749.4,2.4,67.6,70.4,GOOD,23,175.4,,ONLINE,OFF
TEL-11263,2024-11-04 20:00:00,EQX1011,37.8044,-122.2712,0.0,775.8,775.8,312.6,9749.5,2.4,67.6,70.3,GOOD,16,43.2,,ONLINE,OFF
TEL-11264,2024-11-04 21:00:00,EQX1011,37.8044,-122.2712,0.0,775.8,775.8,312.6,9749.6,2.4,67.6,70.2,GOOD,21,191.9,,ONLINE,OFF
TEL-11265,2024-11-04 22:00:00,EQX1011,37.8044,-122.2712,0.0,775.8,775.8,312.6,9749.7,2.4,67.5,70.1,GOOD,29,1.9,,ONLINE,OFF
TEL-11266,2024-11-04 23:00:00,EQX1011,37.8044,-122.2712,0.0,775.8,775.8,312.6,9749.8,2.4,67.5,70.0,GOOD,0,45.9,,ONLINE,OFF
TEL-11267,2024-11-05 00:00:00,EQX1011,37.8044,-122.2712,0.0,775.8,775.8,312.6,9749.9,2.4,67.5,69.9,GOOD,3,142.1,,ONLINE,OFF
TEL-11268,2024-11-05 01:00:00,EQX1011,37.8044,-122.2712,0.0,775.8,775.8,312.6,9750.0,2.4,67.5,69.8,GOOD,3,90.0,,ONLINE,OFF
TEL-11269,2024-11-05 02:00:00,EQX1011,37.8044,-122.2712,0.0,775.8,775.8,312.6,9750.1,2.4,67.4,69.7,GOOD,27,164.0,,ONLINE,OFF
TEL-11270,2024-11-05 03:00:00,EQX1011,37.8044,-122.2712,0.0,775.8,775.8,312.6,9750.2,2.4,67.4,69.6,GOOD,19,37.0,,ONLINE,OFF
TEL-11271,2024-11-05 04:00:00,EQX1011,37.8044,-122.2712,0.0,775.8,775.8,312.6,9750.3,2.4,67.4,69.5,WARNING,26,223.4,P0087,ONLINE,OFF
TEL-11272,2024-11-05 05:00:00,EQX1011,37.8044,-122.2712,0.0,775.8,775.8,312.6,9750.4,2.4,67.3,69.4,GOOD,6,142.8,,ONLINE,OFF
TEL-11273,2024-11-05 06:00:00,EQX1011,37.8044,-122.2712,0.0,775.8,775.8,312.6,9750.5,2.4,67.3,69.3,GOOD,15,110.2,,ONLINE,OFF
TEL-11274,2024-11-05 07:00:00,EQX1011,37.8044,-122.2712,0.0,775.8,775.8,312.6,9750.6,2.4,67.3,69.2,GOOD,14,125.1,,ONLINE,OFF
TEL-11275,2024-11-05 08:00:00,EQX1011,37.805042,-122.27609,17.7,776.3,776.3,312.7,9754.7,98.6,66.1,69.1,GOOD,28,197.2,,ONLINE,ON
TEL-11276,2024-11-05 09:00:00,EQX1011,37.800793,-122.267376,18.3,776.8,776.8,312.8,9762.3,183.1,63.9,69.0,CRITICAL,11,150.2,P0087,ONLINE,ON
TEL-11277,2024-11-05 10:00:00,EQX1011,37.804651,-122.27107,30.8,777.3,777.3,312.9,9767.2,116.2,62.6,68.9,GOOD,20,215.8,,ONLINE,ON
TEL-11278,2024-11-05 11:00:00,EQX1011,37.802183,-122.268574,15.2,777.8,777.8,313.0,9774.0,164.6,60.6,68.8,GOOD,29,251.8,,ONLINE,ON
TEL-11279,2024-11-05 12:00:00,EQX1011,37.801204,-122.269115,19.5,778.3,778.3,313.1,9781.9,188.4,58.4,68.7,GOOD,8,38.8,,ONLINE,ON
TEL-11280,2024-11-05 13:00:00,EQX1011,37.805575,-122.272162,14.7,778.8,778.8,313.2,9789.7,187.7,56.1,68.6,WARNING,5,69.5,P0562,ONLINE,ON
TEL-11281,2024-11-05 14:00:00,EQX1011,37.802637,-122.273885,25.0,779.3,779.3,313.3,9795.7,144.0,54.4,68.5,GOOD,25,71.0,,ONLINE,ON
TEL-11282,2024-11-05 15:00:00,EQX1011,37.806958,-122.271999,32.0,779.8,779.8,313.4,9800.4,112.8,53.1,68.4,GOOD,3,11.2,,ONLINE,ON
TEL-11283,2024-11-05 16:00:00,EQX1011,37.805713,-122.275905,27.5,780.3,780.3,313.5,9806.2,138.5,51.4,68.3,GOOD,14,113.3,,ONLINE,ON
TEL-11284,2024-11-05 17:00:00,EQX1011,37.801925,-122.271825,34.7,780.8,780.8,313.6,9812.5,151.2,49.6,68.2,GOOD,5,130.2,,ONLINE,ON
TEL-11285,2024-11-05 18:00:00,EQX1011,37.8044,-122.2712,0.0,780.8,780.8,313.6,9812.6,2.4,49.6,68.1,GOOD,0,188.7,,ONLINE,OFF
TEL-11286,2024-11-05 19:00:00,EQX1011,37.8044,-122.2712,0.0,780.8,780.8,313.6,9812.7,2.4,49.6,68.0,GOOD,28,1.6,,ONLINE,OFF
TEL-11287,2024-11-05 20:00:00,EQX1011,37.8044,-122.2712,0.0,780.8,780.8,313.6,9812.8,2.4,49.5,67.9,GOOD,10,55.6,,ONLINE,OFF
TEL-11288,2024-11-05 21:00:00,EQX1011,37.8044,-122.2712,0.0,780.8,780.8,313.6,9812.9,2.4,49.5,67.8,GOOD,15,57.0,,ONLINE,OFF
TEL-11289,2024-11-05 22:00:00,EQX1011,37.8044,-122.2712,0.0,780.8,780.8,313.6,9813.0,2.4,49.5,67.7,GOOD,11,185.5,,ONLINE,OFF
TEL-11290,2024-11-05 23:00:00,EQX1011,37.8044,-122.2712,0.0,780.8,780.8,313.6,9813.1,2.4,49.4,67.6,GOOD,13,187.6,,ONLINE,OFF
TEL-11291,2024-11-06 00:00:00,EQX1011,37.8044,-122.2712,0.0,780.8,780.8,313.6,9813.2,2.4,49.4,67.5,GOOD,16,89.5,,ONLINE,OFF
TEL-11292,2024-11-06 01:00:00,EQX1011,37.8044,-122.2712,0.0,780.8,780.8,313.6,9813.3,2.4,49.4,67.4,GOOD,10,6.8,,ONLINE,OFF
TEL-11293,2024-11-06 02:00:00,EQX1011,37.8044,-122.2712,0.0,780.8,780.8,313.6,9813.4,2.4,49.4,67.3,GOOD,12,211.0,,ONLINE,OFF
TEL-11294,2024-11-06 03:00:00,EQX1011,37.8044,-122.2712,0.0,780.8,780.8,313.6,9813.5,2.4,49.3,67.2,GOOD,2,160.3,,ONLINE,OFF
TEL-11295,2024-11-06 04:00:00,EQX1011,37.8044,-122.2712,0.0,780.8,780.8,313.6,9813.6,2.4,49.3,67.1,GOOD,9,119.8,,ONLINE,OFF
TEL-11296,2024-11-06 05:00:00,EQX1011,37.8044,-122.2712,0.0,780.8,780.8,313.6,9813.7,2.4,49.3,67.0,GOOD,15,281.1,,ONLINE,OFF
TEL-11297,2024-11-06 06:00:00,EQX1011,37.8044,-122.2712,0.0,780.8,780.8,313.6,9813.8,2.4,49.2,66.9,GOOD,13,78.3,,ONLINE,OFF
TEL-11298,2024-11-06 07:00:00,EQX1011,37.8044,-122.2712,0.0,780.8,780.8,313.6,9813.9,2.4,49.2,66.8,GOOD,17,245.0,,ONLINE,OFF
TEL-11299,2024-11-06 08:00:00,EQX1011,37.800023,-122.271264,14.9,781.3,781.3,313.7,9820.9,168.7,47.2,66.7,GOOD,19,210.9,,ONLINE,ON
TEL-11300,2024-11-06 09:00:00,EQX1011,37.808899,-122.270219,28.0,781.8,781.8,313.8,9825.0,99.4,46.0,66.6,GOOD,17,143.6,,ONLINE,ON
TEL-11301,2024-11-06 10:00:00,EQX1011,37.804366,-122.273948,8.9,782.3,782.3,313.9,9831.9,165.4,44.1,66.5,GOOD,25,255.0,,ONLINE,ON
TEL-11302,2024-11-06 11:00:00,EQX1011,37.807136,-122.268086,34.1,782.8,782.8,314.0,9836.0,98.2,42.9,66.4,GOOD,21,205.1,,ONLINE,ON
TEL-11303,2024-11-06 12:00:00,EQX1011,37.803172,-122.274948,5.5,783.3,783.3,314.1,9841.9,142.3,41.2,66.3,GOOD,3,131.4,,ONLINE,ON
TEL-11304,2024-11-06 13:00:00,EQX1011,37.801336,-122.271835,31.9,783.8,783.8,314.2,9849.9,190.3,38.9,66.2,GOOD,18,3.0,,ONLINE,ON
TEL-11305,2024-11-06 14:00:00,EQX1011,37.804762,-122.275742,17.4,784.3,784.3,314.3,9856.9,168.2,36.9,66.1,GOOD,7,243.8,,ONLINE,ON
TEL-11306,2024-11-06 15:00:00,EQX1011,37.799837,-122.272703,7.3,784.8,784.8,314.4,9861.4,108.2,35.6,66.0,GOOD,9,38.9,,ONLINE,ON
TEL-11307,2024-11-06 16:00:00,EQX1011,37.800164,-122.266816,16.9,785.3,785.3,314.5,9868.0,159.1,33.7,65.9,GOOD,26,107.1,,ONLINE,ON
TEL-11308,2024-11-06 17:00:00,EQX1011,37.808814,-122.268398,32.5,785.8,785.8,314.6,9872.9,117.1,32.3,65.8,GOOD,16,267.9,,ONLINE,ON
TEL-11309,2024-11-06 18:00:00,EQX1011,37.8044,-122.2712,0.0,785.8,785.8,314.6,9873.0,2.4,32.3,65.7,GOOD,11,270.1,,ONLINE,OFF
TEL-11310,2024-11-06 19:00:00,EQX1011,37.8044,-122.2712,0.0,785.8,785.8,314.6,9873.1,2.4,32.3,65.6,GOOD,6,273.6,,ONLINE,OFF
TEL-11311,2024-11-06 20:00:00,EQX1011,37.8044,-122.2712,0.0,785.8,785.8,314.6,9873.2,2.4,32.3,65.5,GOOD,17,63.2,,ONLINE,OFF
TEL-11312,2024-11-06 21:00:00,EQX1011,37.8044,-122.2712,0.0,785.8,785.8,314.6,9873.3,2.4,32.2,65.4,GOOD,7,209.5,,ONLINE,OFF
TEL-11313,2024-11-06 22:00:00,EQX1011,37.8044,-122.2712,0.0,785.8,785.8,314.6,9873.4,2.4,32.2,65.3,GOOD,15,250.9,,ONLINE,OFF
TEL-11314,2024-11-06 23:00:00,EQX1011,37.8044,-122.2712,0.0,785.8,785.8,314.6,9873.5,2.4,32.2,65.2,GOOD,30,25.3,,ONLINE,OFF
TEL-11315,2024-11-07 00:00:00,EQX1011,37.8044,-122.2712,0.0,785.8,785.8,314.6,9873.6,2.4,32.1,65.1,GOOD,27,114.8,,ONLINE,OFF
TEL-11316,2024-11-07 01:00:00,EQX1011,37.8044,-122.2712,0.0,785.8,785.8,314.6,9873.7,2.4,32.1,65.0,GOOD,21,129.3,,ONLINE,OFF
TEL-11317,2024-11-07 02:00:00,EQX1011,37.8044,-122.2712,0.0,785.8,785.8,314.6,9873.8,2.4,32.1,64.9,GOOD,11,281.2,,ONLINE,OFF
TEL-11318,2024-11-07 03:00:00,EQX1011,37.8044,-122.2712,0.0,785.8,785.8,314.6,9873.9,2.4,32.1,64.8,GOOD,26,272.2,,ONLINE,OFF
TEL-11319,2024-11-07 04:00:00,EQX1011,37.8044,-122.2712,0.0,785.8,785.8,314.6,9874.0,2.4,32.0,64.7,GOOD,10,217.7,,ONLINE,OFF
TEL-11320,2024-11-07 05:00:00,EQX1011,37.8044,-122.2712,0.0,785.8,785.8,314.6,9874.1,2.4,32.0,64.6,GOOD,29,220.6,,ONLINE,OFF
TEL-11321,2024-11-07 06:00:00,EQX1011,37.8044,-122.2712,0.0,785.8,785.8,314.6,9874.2,2.4,32.0,64.5,GOOD,23,279.7,,ONLINE,OFF
TEL-11322,2024-11-07 07:00:00,EQX1011,37.8044,-122.2712,0.0,785.8,785.8,314.6,9874.3,2.4,31.9,64.4,GOOD,13,171.8,,ONLINE,OFF
TEL-11323,2024-11-07 08:00:00,EQX1011,37.803213,-122.268744,22.0,786.3,786.3,314.7,9880.4,145.9,30.2,64.3,GOOD,0,84.2,,ONLINE,ON
TEL-11324,2024-11-07 09:00:00,EQX1011,37.807113,-122.273242,25.5,786.8,786.8,314.8,9885.5,122.4,28.7,64.2,GOOD,8,108.5,,ONLINE,ON
TEL-11325,2024-11-07 10:00:00,EQX1011,37.80548,-122.274957,24.8,787.3,787.3,314.9,9892.6,171.1,26.7,64.1,GOOD,8,254.3,,ONLINE,ON
TEL-11326,2024-11-07 11:00:00,EQX1011,37.79977,-122.272613,18.3,787.8,787.8,315.0,9896.7,97.7,25.5,64.0,GOOD,13,17.6,,OFFLINE,ON
TEL-11327,2024-11-07 12:00:00,EQX1011,37.80254,-122.27556,33.2,788.3,788.3,315.1,9901.8,122.6,24.1,63.9,GOOD,8,77.9,,ONLINE,ON
TEL-11328,2024-11-07 13:00:00,EQX1011,37.808112,-122.26964,19.8,788.8,788.8,315.2,9906.7,117.8,22.7,63.8,GOOD,5,205.3,,ONLINE,ON
TEL-11329,2024-11-07 14:00:00,EQX1011,37.806574,-122.275592,30.8,789.3,789.3,315.3,9913.0,151.7,20.9,63.7,GOOD,8,4.8,,ONLINE,ON
TEL-11330,2024-11-07 15:00:00,EQX1011,37.799847,-122.273853,30.3,789.8,789.8,315.4,9920.4,177.6,18.8,63.6,GOOD,3,153.3,,ONLINE,ON
TEL-11331,2024-11-07 16:00:00,EQX1011,37.807627,-122.27204,12.1,790.3,790.3,315.5,9925.7,127.2,17.3,63.5,GOOD,4,7.4,,ONLINE,ON
TEL-11332,2024-11-07 17:00:00,EQX1011,37.808374,-122.272453,23.2,790.8,790.8,315.6,9931.2,130.6,15.7,63.4,GOOD,0,48.1,,ONLINE,ON
TEL-11333,2024-11-07 18:00:00,EQX1011,37.8044,-122.2712,0.0,790.8,790.8,315.6,9931.3,2.4,15.7,63.3,GOOD,0,31.9,,ONLINE,OFF
TEL-11334,2024-11-07 19:00:00,EQX1011,37.8044,-122.2712,0.0,790.8,790.8,315.6,9931.4,2.4,15.6,63.2,GOOD,23,152.5,,ONLINE,OFF
TEL-11335,2024-11-07 20:00:00,EQX1011,37.8044,-122.2712,0.0,790.8,790.8,315.6,9931.5,2.4,15.6,63.1,GOOD,26,174.8,,ONLINE,OFF
TEL-11336,2024-11-07 21:00:00,EQX1011,37.8044,-122.2712,0.0,790.8,790.8,315.6,9931.6,2.4,15.6,63.0,GOOD,20,23.5,,ONLINE,OFF
TEL-11337,2024-11-07 22:00:00,EQX1011,37.8044,-122.2712,0.0,790.8,790.8,315.6,9931.7,2.4,15.6,62.9,GOOD,16,299.3,,ONLINE,OFF
TEL-11338,2024-11-07 23:00:00,EQX1011,37.8044,-122.2712,0.0,790.8,790.8,315.6,9931.8,2.4,15.5,62.8,GOOD,3,254.3,,ONLINE,OFF
TEL-11339,2024-11-08 00:00:00,EQX1011,37.8044,-122.2712,0.0,790.8,790.8,315.6,9931.9,2.4,15.5,62.7,GOOD,16,156.1,,ONLINE,OFF
TEL-11340,2024-11-08 01:00:00,EQX1011,37.8044,-122.2712,0.0,790.8,790.8,315.6,9932.0,2.4,15.5,62.6,GOOD,29,73.2,,ONLINE,OFF
TEL-11341,2024-11-08 02:00:00,EQX1011,37.8044,-122.2712,0.0,790.8,790.8,315.6,9932.1,2.4,15.4,62.5,GOOD,14,94.4,,ONLINE,OFF
TEL-11342,2024-11-08 03:00:00,EQX1011,37.8044,-122.2712,0.0,790.8,790.8,315.6,9932.2,2.4,15.4,62.4,GOOD,30,264.1,,ONLINE,OFF
TEL-11343,2024-11-08 04:00:00,EQX1011,37.8044,-122.2712,0.0,790.8,790.8,315.6,9932.3,2.4,15.4,62.3,GOOD,29,108.7,,ONLINE,OFF
TEL-11344,2024-11-08 05:00:00,EQX1011,37.8044,-122.2712,0.0,790.8,790.8,315.6,9932.4,2.4,15.4,62.2,GOOD,7,170.8,,ONLINE,OFF
TEL-11345,2024-11-08 06:00:00,EQX1011,37.8044,-122.2712,0.0,790.8,790.8,315.6,9932.5,2.4,15.3,62.1,GOOD,24,272.8,,ONLINE,OFF
TEL-11346,2024-11-08 07:00:00,EQX1011,37.8044,-122.2712,0.0,790.8,790.8,315.6,9932.6,2.4,15.3,62.0,GOOD,25,86.1,,ONLINE,OFF
TEL-11347,2024-11-08 08:00:00,EQX1011,37.809232,-122.27044,14.4,791.3,791.3,315.7,9936.9,103.9,14.1,61.9,GOOD,28,54.0,,ONLINE,ON
TEL-11348,2024-11-08 09:00:00,EQX1011,37.807055,-122.269086,18.6,791.8,791.8,315.8,9941.6,112.1,12.7,61.8,GOOD,27,10.2,,ONLINE,ON
TEL-11349,2024-11-08 10:00:00,EQX1011,37.800724,-122.267531,17.9,792.3,792.3,315.9,9948.3,162.2,10.8,61.7,GOOD,11,38.2,,ONLINE,ON
TEL-11350,2024-11-08 11:00:00,EQX1011,37.802768,-122.267953,25.9,792.8,792.8,316.0,9953.3,119.3,95.0,61.6,GOOD,3,298.2,,ONLINE,ON
TEL-11351,2024-11-08 12:00:00,EQX1011,37.803889,-122.272111,6.4,793.3,793.3,316.1,9960.2,166.8,93.0,61.5,GOOD,9,227.3,,ONLINE,ON
TEL-11352,2024-11-08 13:00:00,EQX1011,37.805296,-122.267999,26.0,793.8,793.8,316.2,9967.2,166.3,91.0,61.4,GOOD,0,178.1,,ONLINE,ON
TEL-11353,2024-11-08 14:00:00,EQX1011,37.803786,-122.271113,16.1,794.3,794.3,316.3,9973.8,158.4,89.1,61.3,GOOD,3,69.7,,ONLINE,ON
TEL-11354,2024-11-08 15:00:00,EQX1011,37.804652,-122.271118,19.8,794.8,794.8,316.4,9978.0,100.6,88.0,61.2,GOOD,12,95.6,,ONLINE,ON
TEL-11355,2024-11-08 16:00:00,EQX1011,37.806746,-122.266308,10.4,795.3,795.3,316.5,9982.5,109.7,86.6,61.1,GOOD,18,263.9,,ONLINE,ON
TEL-11356,2024-11-08 17:00:00,EQX1011,37.802278,-122.271334,14.4,795.8,795.8,316.6,9987.9,129.4,85.1,61.0,GOOD,30,275.3,,ONLINE,ON
TEL-11357,2024-11-08 18:00:00,EQX1011,37.8044,-122.2712,0.0,795.8,795.8,316.6,9988.0,2.4,85.1,60.9,GOOD,21,83.6,,ONLINE,OFF
TEL-11358,2024-11-08 19:00:00,EQX1011,37.8044,-122.2712,0.0,795.8,795.8,316.6,9988.1,2.4,85.0,60.8,GOOD,5,8.2,,ONLINE,OFF
TEL-11359,2024-11-08 20:00:00,EQX1011,37.8044,-122.2712,0.0,795.8,795.8,316.6,9988.2,2.4,85.0,60.7,GOOD,25,58.5,,ONLINE,OFF
TEL-11360,2024-11-08 21:00:00,EQX1011,37.8044,-122.2712,0.0,795.8,795.8,316.6,9988.3,2.4,85.0,60.6,GOOD,9,282.5,,ONLINE,OFF
TEL-11361,2024-11-08 22:00:00,EQX1011,37.8044,-122.2712,0.0,795.8,795.8,316.6,9988.4,2.4,85.0,60.5,GOOD,26,136.2,,ONLINE,OFF
TEL-11362,2024-11-08 23:00:00,EQX1011,37.8044,-122.2712,0.0,795.8,795.8,316.6,9988.5,2.4,84.9,60.4,GOOD,3,133.3,,ONLINE,OFF
TEL-11363,2024-11-09 00:00:00,EQX1011,37.8044,-122.2712,0.0,795.8,795.8,316.6,9988.6,2.4,84.9,60.3,GOOD,8,219.5,,ONLINE,OFF
TEL-11364,2024-11-09 01:00:00,EQX1011,37.8044,-122.2712,0.0,795.8,795.8,316.6,9988.7,2.4,84.9,60.2,GOOD,25,66.7,,ONLINE,OFF
TEL-11365,2024-11-09 02:00:00,EQX1011,37.8044,-122.2712,0.0,795.8,795.8,316.6,9988.8,2.4,84.8,60.1,GOOD,14,189.2,,ONLINE,OFF
TEL-11366,2024-11-09 03:00:00,EQX1011,37.8044,-122.2712,0.0,795.8,795.8,316.6,9988.9,2.4,84.8,60.0,GOOD,10,267.7,,ONLINE,OFF
TEL-11367,2024-11-09 04:00:00,EQX1011,37.8044,-122.2712,0.0,795.8,795.8,316.6,9989.0,2.4,84.8,59.9,GOOD,16,95.3,,ONLINE,OFF
TEL-11368,2024-11-09 05:00:00,EQX1011,37.8044,-122.2712,0.0,795.8,795.8,316.6,9989.1,2.4,84.8,59.8,GOOD,1,284.8,,ONLINE,OFF
TEL-11369,2024-11-09 06:00:00,EQX1011,37.8044,-122.2712,0.0,795.8,795.8,316.6,9989.2,2.4,84.7,59.7,GOOD,27,282.9,,ONLINE,OFF
TEL-11370,2024-11-09 07:00:00,EQX1011,37.8044,-122.2712,0.0,795.8,795.8,316.6,9989.3,2.4,84.7,59.6,GOOD,26,56.1,,ONLINE,OFF
TEL-11371,2024-11-09 08:00:00,EQX1011,37.800287,-122.271037,19.9,796.3,796.3,316.7,9993.9,108.7,83.4,59.5,GOOD,13,20.2,,ONLINE,ON
TEL-11372,2024-11-09 09:00:00,EQX1011,37.803582,-122.273569,21.7,796.8,796.8,316.8,9998.7,115.9,82.0,59.4,GOOD,20,104.6,,ONLINE,ON
TEL-11373,2024-11-09 10:00:00,EQX1011,37.807807,-122.26745,20.9,797.3,797.3,316.9,10006.5,187.7,79.8,59.3,GOOD,20,117.7,,ONLINE,ON
TEL-11374,2024-11-09 11:00:00,EQX1011,37.800524,-122.267391,15.7,797.8,797.8,317.0,10012.4,142.1,78.1,59.2,GOOD,14,97.6,,ONLINE,ON
TEL-11375,2024-11-09 12:00:00,EQX1011,37.802589,-122.275065,24.9,798.3,798.3,317.1,10016.9,107.0,76.8,59.1,GOOD,24,264.7,,ONLINE,ON
TEL-11376,2025-01-29 08:00:00,EQX1012,37.80791,-122.27211,5.9,2988.9,2988.9,1372.4,38266.1,121.7,83.6,87.4,GOOD,21,95.3,,ONLINE,ON
TEL-11377,2025-01-29 09:00:00,EQX1012,37.808524,-122.273517,16.7,2989.4,2989.4,1372.5,38271.8,138.5,81.9,87.3,GOOD,26,13.7,,ONLINE,ON
TEL-11378,2025-01-29 10:00:00,EQX1012,37.80476,-122.268404,18.4,2989.9,2989.9,1372.6,38276.7,117.4,80.5,87.2,GOOD,19,98.9,,ONLINE,ON
TEL-11379,2025-01-29 11:00:00,EQX1012,37.807424,-122.275297,23.1,2990.4,2990.4,1372.7,38280.8,97.9,79.3,87.1,GOOD,24,229.8,,ONLINE,ON
TEL-11380,2025-01-29 12:00:00,EQX1012,37.804755,-122.266348,6.9,2990.9,2990.9,1372.8,38285.0,100.8,78.1,87.0,GOOD,22,68.8,,ONLINE,ON
TEL-11381,2025-01-29 13:00:00,EQX1012,37.801556,-122.268867,29.0,2991.4,2991.4,1372.9,38292.6,183.4,76.0,86.9,GOOD,0,226.5,,ONLINE,ON
TEL-11382,2025-01-29 14:00:00,EQX1012,37.799823,-122.273369,20.8,2991.9,2991.9,1373.0,38298.7,144.2,74.2,86.8,WARNING,24,206.4,P0562,ONLINE,ON
TEL-11383,2025-01-29 15:00:00,EQX1012,37.803179,-122.272192,6.0,2992.4,2992.4,1373.1,38305.7,168.0,72.2,86.7,GOOD,27,25.5,,ONLINE,ON
TEL-11384,2025-01-29 16:00:00,EQX1012,37.803554,-122.276053,7.2,2992.9,2992.9,1373.2,38312.5,165.4,70.3,86.6,GOOD,4,28.7,,ONLINE,ON
TEL-11385,2025-01-29 17:00:00,EQX1012,37.807993,-122.268352,22.6,2993.4,2993.4,1373.3,38318.1,133.4,68.7,86.5,GOOD,9,82.2,,ONLINE,ON
TEL-11386,2025-01-29 18:00:00,EQX1012,37.8044,-122.2712,0.0,2993.4,2993.4,1373.3,38318.2,2.4,68.7,86.4,GOOD,15,113.0,,ONLINE,OFF
TEL-11387,2025-01-29 19:00:00,EQX1012,37.8044,-122.2712,0.0,2993.4,2993.4,1373.3,38318.3,2.4,68.6,86.3,GOOD,8,145.0,,ONLINE,OFF
TEL-11388,2025-01-29 20:00:00,EQX1012,37.8044,-122.2712,0.0,2993.4,2993.4,1373.3,38318.4,2.4,68.6,86.2,GOOD,0,297.9,,ONLINE,OFF
TEL-11389,2025-01-29 21:00:00,EQX1012,37.8044,-122.2712,0.0,2993.4,2993.4,1373.3,38318.5,2.4,68.6,86.1,GOOD,22,32.5,,ONLINE,OFF
TEL-11390,2025-01-29 22:00:00,EQX1012,37.8044,-122.2712,0.0,2993.4,2993.4,1373.3,38318.6,2.4,68.5,86.0,GOOD,7,134.1,,ONLINE,OFF
TEL-11391,2025-01-29 23:00:00,EQX1012,37.8044,-122.2712,0.0,2993.4,2993.4,1373.3,38318.7,2.4,68.5,85.9,GOOD,4,242.9,,ONLINE,OFF
TEL-11392,2025-01-30 00:00:00,EQX1012,37.8044,-122.2712,0.0,2993.4,2993.4,1373.3,38318.8,2.4,68.5,85.8,GOOD,27,282.6,,ONLINE,OFF
TEL-11393,2025-01-30 01:00:00,EQX1012,37.8044,-122.2712,0.0,2993.4,2993.4,1373.3,38318.9,2.4,68.5,85.7,GOOD,26,142.1,,ONLINE,OFF
TEL-11394,2025-01-30 02:00:00,EQX1012,37.8044,-122.2712,0.0,2993.4,2993.4,1373.3,38319.0,2.4,68.4,85.6,GOOD,24,148.0,,ONLINE,OFF
TEL-11395,2025-01-30 03:00:00,EQX1012,37.8044,-122.2712,0.0,2993.4,2993.4,1373.3,38319.1,2.4,68.4,85.5,GOOD,1,96.4,,ONLINE,OFF
TEL-11396,2025-01-30 04:00:00,EQX1012,37.8044,-122.2712,0.0,2993.4,2993.4,1373.3,38319.2,2.4,68.4,85.4,CRITICAL,6,226.5,P0562,ONLINE,OFF
TEL-11397,2025-01-30 05:00:00,EQX1012,37.8044,-122.2712,0.0,2993.4,2993.4,1373.3,38319.3,2.4,68.3,85.3,GOOD,20,70.7,,ONLINE,OFF
TEL-11398,2025-01-30 06:00:00,EQX1012,37.8044,-122.2712,0.0,2993.4,2993.4,1373.3,38319.4,2.4,68.3,85.2,GOOD,23,297.8,,ONLINE,OFF
TEL-11399,2025-01-30 07:00:00,EQX1012,37.8044,-122.2712,0.0,2993.4,2993.4,1373.3,38319.5,2.4,68.3,85.1,GOOD,12,38.2,,ONLINE,OFF
TEL-11400,2025-01-30 08:00:00,EQX1012,37.801374,-122.267503,5.4,2993.9,2993.9,1373.4,38325.6,145.9,66.5,85.0,GOOD,15,51.2,,ONLINE,ON
TEL-11401,2025-01-30 09:00:00,EQX1012,37.804871,-122.272206,29.1,2994.4,2994.4,1373.5,38331.5,142.8,64.8,84.9,GOOD,9,216.0,,ONLINE,ON
TEL-11402,2025-01-30 10:00:00,EQX1012,37.808295,-122.270562,31.4,2994.9,2994.9,1373.6,38336.6,121.9,63.4,84.8,GOOD,21,61.3,,ONLINE,ON
TEL-11403,2025-01-30 11:00:00,EQX1012,37.801912,-122.271571,23.4,2995.4,2995.4,1373.7,38343.5,164.6,61.4,84.7,GOOD,23,298.9,,ONLINE,ON
TEL-11404,2025-01-30 12:00:00,EQX1012,37.804139,-122.273023,32.8,2995.9,2995.9,1373.8,38348.1,111.8,60.1,84.6,GOOD,0,93.6,,ONLINE,ON
TEL-11405,2025-01-30 13:00:00,EQX1012,37.80271,-122.275589,10.6,2996.4,2996.4,1373.9,38354.9,162.7,58.2,84.5,GOOD,11,190.9,,ONLINE,ON
TEL-11406,2025-01-30 14:00:00,EQX1012,37.801326,-122.273358,31.5,2996.9,2996.9,1374.0,38360.3,129.1,56.6,84.4,GOOD,23,91.7,,OFFLINE,ON
TEL-11407,2025-01-30 15:00:00,EQX1012,37.80481,-122.269606,23.7,2997.4,2997.4,1374.1,38365.9,134.6,55.0,84.3,GOOD,23,64.9,,ONLINE,ON
TEL-11408,2025-01-30 16:00:00,EQX1012,37.804623,-122.269752,10.3,2997.9,2997.9,1374.2,38372.2,150.0,53.2,84.2,GOOD,27,177.7,,ONLINE,ON
TEL-11409,2025-01-30 17:00:00,EQX1012,37.806085,-122.271466,13.3,2998.4,2998.4,1374.3,38379.4,173.5,51.2,84.1,GOOD,6,27.4,,ONLINE,ON
TEL-11410,2025-01-30 18:00:00,EQX1012,37.8044,-122.2712,0.0,2998.4,2998.4,1374.3,38379.5,2.4,51.1,84.0,GOOD,27,0.1,,ONLINE,OFF
TEL-11411,2025-01-30 19:00:00,EQX1012,37.8044,-122.2712,0.0,2998.4,2998.4,1374.3,38379.6,2.4,51.1,83.9,GOOD,25,131.9,,ONLINE,OFF
TEL-11412,2025-01-30 20:00:00,EQX1012,37.8044,-122.2712,0.0,2998.4,2998.4,1374.3,38379.7,2.4,51.1,83.8,GOOD,3,72.2,,ONLINE,OFF
TEL-11413,2025-01-30 21:00:00,EQX1012,37.8044,-122.2712,0.0,2998.4,2998.4,1374.3,38379.8,2.4,51.1,83.7,GOOD,11,93.5,,ONLINE,OFF
TEL-11414,2025-01-30 22:00:00,EQX1012,37.8044,-122.2712,0.0,2998.4,2998.4,1374.3,38379.9,2.4,51.0,83.6,GOOD,26,64.2,,ONLINE,OFF
TEL-11415,2025-01-30 23:00:00,EQX1012,37.8044,-122.2712,0.0,2998.4,2998.4,1374.3,38380.0,2.4,51.0,83.5,GOOD,4,252.0,,ONLINE,OFF
TEL-11416,2025-01-31 00:00:00,EQX1012,37.8044,-122.2712,0.0,2998.4,2998.4,1374.3,38380.1,2.4,51.0,83.4,GOOD,21,36.1,,ONLINE,OFF
TEL-11417,2025-01-31 01:00:00,EQX1012,37.8044,-122.2712,0.0,2998.4,2998.4,1374.3,38380.2,2.4,50.9,83.3,GOOD,27,109.7,,ONLINE,OFF
TEL-11418,2025-01-31 02:00:00,EQX1012,37.8044,-122.2712,0.0,2998.4,2998.4,1374.3,38380.3,2.4,50.9,83.2,GOOD,6,185.1,,ONLINE,OFF
TEL-11419,2025-01-31 03:00:00,EQX1012,37.8044,-122.2712,0.0,2998.4,2998.4,1374.3,38380.4,2.4,50.9,83.1,GOOD,11,53.7,,ONLINE,OFF
TEL-11420,2025-01-31 04:00:00,EQX1012,37.8044,-122.2712,0.0,2998.4,2998.4,1374.3,38380.5,2.4,50.9,83.0,WARNING,11,157.8,P0300,ONLINE,OFF
TEL-11421,2025-01-31 05:00:00,EQX1012,37.8044,-122.2712,0.0,2998.4,2998.4,1374.3,38380.6,2.4,50.8,82.9,GOOD,11,274.7,,OFFLINE,OFF
TEL-11422,2025-01-31 06:00:00,EQX1012,37.8044,-122.2712,0.0,2998.4,2998.4,1374.3,38380.7,2.4,50.8,82.8,WARNING,1,194.2,P0217,ONLINE,OFF
TEL-11423,2025-01-31 07:00:00,EQX1012,37.8044,-122.2712,0.0,2998.4,2998.4,1374.3,38380.8,2.4,50.8,82.7,GOOD,22,75.9,,ONLINE,OFF
TEL-11424,2025-01-31 08:00:00,EQX1012,37.808032,-122.266924,23.8,2998.9,2998.9,1374.4,38388.7,189.1,48.5,82.6,GOOD,15,52.1,,ONLINE,ON
TEL-11425,2025-01-31 09:00:00,EQX1012,37.800439,-122.272505,27.5,2999.4,2999.4,1374.5,38395.3,158.2,46.6,82.5,GOOD,22,220.9,,ONLINE,ON
TEL-11426,2025-01-31 10:00:00,EQX1012,37.807858,-122.27564,31.1,2999.9,2999.9,1374.6,38399.8,108.7,45.3,82.4,GOOD,3,257.4,,ONLINE,ON
TEL-11427,2025-01-31 11:00:00,EQX1012,37.806775,-122.272873,13.3,3000.4,3000.4,1374.7,38407.2,177.8,43.2,82.3,GOOD,28,212.8,,ONLINE,ON
TEL-11428,2025-01-31 12:00:00,EQX1012,37.804563,-122.266795,32.2,3000.9,3000.9,1374.8,38413.5,152.4,41.4,82.2,GOOD,21,18.4,,ONLINE,ON
TEL-11429,2025-01-31 13:00:00,EQX1012,37.802066,-122.274474,10.8,3001.4,3001.4,1374.9,38420.6,169.2,39.4,82.1,WARNING,6,206.6,P0420,ONLINE,ON
TEL-11430,2025-01-31 14:00:00,EQX1012,37.808811,-122.273088,17.3,3001.9,3001.9,1375.0,38427.1,157.0,37.5,82.0,GOOD,14,170.5,,ONLINE,ON
TEL-11431,2025-01-31 15:00:00,EQX1012,37.800563,-122.275294,25.9,3002.4,3002.4,1375.1,38433.4,150.2,35.7,81.9,GOOD,18,188.0,,ONLINE,ON
TEL-11432,2025-01-31 16:00:00,EQX1012,37.805779,-122.271597,5.6,3002.9,3002.9,1375.2,38438.1,112.3,34.4,81.8,GOOD,9,251.2,,OFFLINE,ON
TEL-11433,2025-01-31 17:00:00,EQX1012,37.806958,-122.274873,24.3,3003.4,3003.4,1375.3,38445.7,182.6,32.2,81.7,GOOD,5,83.7,,ONLINE,ON
TEL-11434,2025-01-31 18:00:00,EQX1012,37.8044,-122.2712,0.0,3003.4,3003.4,1375.3,38445.8,2.4,32.2,81.6,GOOD,8,265.1,,ONLINE,OFF
TEL-11435,2025-01-31 19:00:00,EQX1012,37.8044,-122.2712,0.0,3003.4,3003.4,1375.3,38445.9,2.4,32.2,81.5,GOOD,8,27.7,,ONLINE,OFF
TEL-11436,2025-01-31 20:00:00,EQX1012,37.8044,-122.2712,0.0,3003.4,3003.4,1375.3,38446.0,2.4,32.1,81.4,GOOD,16,134.9,,ONLINE,OFF
TEL-11437,2025-01-31 21:00:00,EQX1012,37.8044,-122.2712,0.0,3003.4,3003.4,1375.3,38446.1,2.4,32.1,81.3,GOOD,26,175.6,,ONLINE,OFF
TEL-11438,2025-01-31 22:00:00,EQX1012,37.8044,-122.2712,0.0,3003.4,3003.4,1375.3,38446.2,2.4,32.1,81.2,GOOD,13,104.1,,ONLINE,OFF
TEL-11439,2025-01-31 23:00:00,EQX1012,37.8044,-122.2712,0.0,3003.4,3003.4,1375.3,38446.3,2.4,32.1,81.1,GOOD,22,290.5,,ONLINE,OFF
TEL-11440,2025-02-01 00:00:00,EQX1012,37.8044,-122.2712,0.0,3003.4,3003.4,1375.3,38446.4,2.4,32.0,81.0,GOOD,16,232.0,,ONLINE,OFF
TEL-11441,2025-02-01 01:00:00,EQX1012,37.8044,-122.2712,0.0,3003.4,3003.4,1375.3,38446.5,2.4,32.0,80.9,GOOD,3,155.1,,ONLINE,OFF
TEL-11442,2025-02-01 02:00:00,EQX1012,37.8044,-122.2712,0.0,3003.4,3003.4,1375.3,38446.6,2.4,32.0,80.8,GOOD,10,111.7,,ONLINE,OFF
TEL-11443,2025-02-01 03:00:00,EQX1012,37.8044,-122.2712,0.0,3003.4,3003.4,1375.3,38446.7,2.4,31.9,80.7,GOOD,22,31.4,,ONLINE,OFF
TEL-11444,2025-02-01 04:00:00,EQX1012,37.8044,-122.2712,0.0,3003.4,3003.4,1375.3,38446.8,2.4,31.9,80.6,GOOD,15,100.4,,ONLINE,OFF
TEL-11445,2025-02-01 05:00:00,EQX1012,37.8044,-122.2712,0.0,3003.4,3003.4,1375.3,38446.9,2.4,31.9,80.5,GOOD,9,48.8,,ONLINE,OFF
TEL-11446,2025-02-01 06:00:00,EQX1012,37.8044,-122.2712,0.0,3003.4,3003.4,1375.3,38447.0,2.4,31.9,80.4,GOOD,19,136.9,,ONLINE,OFF
TEL-11447,2025-02-01 07:00:00,EQX1012,37.8044,-122.2712,0.0,3003.4,3003.4,1375.3,38447.1,2.4,31.8,80.3,GOOD,26,73.1,,ONLINE,OFF
TEL-11448,2025-02-01 08:00:00,EQX1012,37.803412,-122.275799,26.7,3003.9,3003.9,1375.4,38453.5,153.6,30.0,80.2,GOOD,29,270.3,,ONLINE,ON
TEL-11449,2025-02-01 09:00:00,EQX1012,37.80894,-122.272192,20.2,3004.4,3004.4,1375.5,38459.2,136.3,28.4,80.1,WARNING,5,276.7,P0420,ONLINE,ON
TEL-11450,2025-02-01 10:00:00,EQX1012,37.801385,-122.266476,31.6,3004.9,3004.9,1375.6,38467.0,188.6,26.1,80.0,GOOD,10,236.6,,ONLINE,ON
TEL-11451,2025-02-01 11:00:00,EQX1012,37.800815,-122.272739,6.6,3005.4,3005.4,1375.7,38471.4,104.6,24.9,79.9,GOOD,21,44.2,,ONLINE,ON
TEL-11452,2025-02-01 12:00:00,EQX1012,37.801762,-122.274167,31.5,3005.9,3005.9,1375.8,38476.6,125.0,23.4,79.8,GOOD,21,166.6,,ONLINE,ON
TEL-11453,2025-02-01 13:00:00,EQX1012,37.800399,-122.270702,28.3,3006.4,3006.4,1375.9,38480.6,96.5,22.3,79.7,GOOD,15,200.5,,ONLINE,ON
TEL-11454,2025-02-01 14:00:00,EQX1012,37.800358,-122.274915,29.9,3006.9,3006.9,1376.0,38487.4,163.7,20.3,79.6,GOOD,24,98.1,,ONLINE,ON
TEL-11455,2025-02-01 15:00:00,EQX1012,37.805369,-122.270859,13.5,3007.4,3007.4,1376.1,38494.1,160.8,18.4,79.5,GOOD,18,8.1,,ONLINE,ON
TEL-11456,2025-02-01 16:00:00,EQX1012,37.803023,-122.271185,31.6,3007.9,3007.9,1376.2,38498.8,113.0,17.0,79.4,WARNING,24,119.5,P0420,ONLINE,ON
TEL-11457,2025-02-01 17:00:00,EQX1012,37.799842,-122.273181,7.3,3008.4,3008.4,1376.3,38503.8,118.1,15.6,79.3,GOOD,5,127.7,,ONLINE,ON
TEL-11458,2025-02-01 18:00:00,EQX1012,37.8044,-122.2712,0.0,3008.4,3008.4,1376.3,38503.9,2.4,15.6,79.2,GOOD,1,78.3,,ONLINE,OFF
TEL-11459,2025-02-01 19:00:00,EQX1012,37.8044,-122.2712,0.0,3008.4,3008.4,1376.3,38504.0,2.4,15.6,79.1,GOOD,16,250.3,,ONLINE,OFF
TEL-11460,2025-02-01 20:00:00,EQX1012,37.8044,-122.2712,0.0,3008.4,3008.4,1376.3,38504.1,2.4,15.6,79.0,GOOD,3,196.8,,ONLINE,OFF
TEL-11461,2025-02-01 21:00:00,EQX1012,37.8044,-122.2712,0.0,3008.4,3008.4,1376.3,38504.2,2.4,15.5,78.9,GOOD,4,172.4,,ONLINE,OFF
TEL-11462,2025-02-01 22:00:00,EQX1012,37.8044,-122.2712,0.0,3008.4,3008.4,1376.3,38504.3,2.4,15.5,78.8,GOOD,30,201.1,,ONLINE,OFF
TEL-11463,2025-02-01 23:00:00,EQX1012,37.8044,-122.2712,0.0,3008.4,3008.4,1376.3,38504.4,2.4,15.5,78.7,GOOD,23,190.2,,ONLINE,OFF
TEL-11464,2025-02-02 00:00:00,EQX1012,37.8044,-122.2712,0.0,3008.4,3008.4,1376.3,38504.5,2.4,15.4,78.6,GOOD,11,234.3,,ONLINE,OFF
TEL-11465,2025-02-02 01:00:00,EQX1012,37.8044,-122.2712,0.0,3008.4,3008.4,1376.3,38504.6,2.4,15.4,78.5,GOOD,3,235.6,,ONLINE,OFF
TEL-11466,2025-02-02 02:00:00,EQX1012,37.8044,-122.2712,0.0,3008.4,3008.4,1376.3,38504.7,2.4,15.4,78.4,GOOD,21,24.0,,ONLINE,OFF
TEL-11467,2025-02-02 03:00:00,EQX1012,37.8044,-122.2712,0.0,3008.4,3008.4,1376.3,38504.8,2.4,15.4,78.3,GOOD,8,59.3,,OFFLINE,OFF
TEL-11468,2025-02-02 04:00:00,EQX1012,37.8044,-122.2712,0.0,3008.4,3008.4,1376.3,38504.9,2.4,15.3,78.2,GOOD,1,139.4,,ONLINE,OFF
TEL-11469,2025-02-02 05:00:00,EQX1012,37.8044,-122.2712,0.0,3008.4,3008.4,1376.3,38505.0,2.4,15.3,78.1,GOOD,1,266.7,,ONLINE,OFF
TEL-11470,2025-02-02 06:00:00,EQX1012,37.8044,-122.2712,0.0,3008.4,3008.4,1376.3,38505.1,2.4,15.3,78.0,GOOD,9,230.1,,ONLINE,OFF
TEL-11471,2025-02-02 07:00:00,EQX1012,37.8044,-122.2712,0.0,3008.4,3008.4,1376.3,38505.2,2.4,15.2,77.9,GOOD,13,5.3,,OFFLINE,OFF
TEL-11472,2025-02-02 08:00:00,EQX1012,37.802972,-122.275834,14.7,3008.9,3008.9,1376.4,38511.7,157.0,13.4,77.8,GOOD,2,160.5,,ONLINE,ON
TEL-11473,2025-02-02 09:00:00,EQX1012,37.808327,-122.272746,8.8,3009.4,3009.4,1376.5,38516.3,109.9,12.1,77.7,GOOD,29,247.7,,ONLINE,ON
TEL-11474,2025-02-02 10:00:00,EQX1012,37.803984,-122.275435,30.0,3009.9,3009.9,1376.6,38523.2,166.3,10.1,77.6,GOOD,23,191.3,,ONLINE,ON
TEL-11475,2025-02-02 11:00:00,EQX1012,37.800188,-122.266926,31.5,3010.4,3010.4,1376.7,38528.7,132.7,95.0,77.5,GOOD,0,55.2,,ONLINE,ON
TEL-11476,2025-02-02 12:00:00,EQX1012,37.800193,-122.267077,27.4,3010.9,3010.9,1376.8,38535.6,165.4,93.0,77.4,GOOD,18,78.3,,ONLINE,ON
TEL-11477,2025-02-02 13:00:00,EQX1012,37.801838,-122.26821,14.1,3011.4,3011.4,1376.9,38541.7,145.4,91.3,77.3,GOOD,24,280.6,,ONLINE,ON
TEL-11478,2025-02-02 14:00:00,EQX1012,37.804416,-122.275743,13.2,3011.9,3011.9,1377.0,38548.5,162.2,89.4,77.2,GOOD,9,81.8,,ONLINE,ON
TEL-11479,2025-02-02 15:00:00,EQX1012,37.800698,-122.273529,17.2,3012.4,3012.4,1377.1,38552.5,97.7,88.2,77.1,GOOD,10,29.1,,ONLINE,ON
TEL-11480,2025-02-02 16:00:00,EQX1012,37.805514,-122.268918,11.7,3012.9,3012.9,1377.2,38559.4,164.2,86.3,77.0,GOOD,13,190.4,,ONLINE,ON
TEL-11481,2025-02-02 17:00:00,EQX1012,37.799526,-122.272794,14.9,3013.4,3013.4,1377.3,38564.9,133.4,84.7,76.9,GOOD,14,256.3,,ONLINE,ON
TEL-11482,2025-02-02 18:00:00,EQX1012,37.8044,-122.2712,0.0,3013.4,3013.4,1377.3,38565.0,2.4,84.6,76.8,GOOD,12,76.7,,ONLINE,OFF
TEL-11483,2025-02-02 19:00:00,EQX1012,37.8044,-122.2712,0.0,3013.4,3013.4,1377.3,38565.1,2.4,84.6,76.7,GOOD,20,146.0,,ONLINE,OFF
TEL-11484,2025-02-02 20:00:00,EQX1012,37.8044,-122.2712,0.0,3013.4,3013.4,1377.3,38565.2,2.4,84.6,76.6,GOOD,16,110.8,,ONLINE,OFF
TEL-11485,2025-02-02 21:00:00,EQX1012,37.8044,-122.2712,0.0,3013.4,3013.4,1377.3,38565.3,2.4,84.5,76.5,GOOD,0,46.8,,ONLINE,OFF
TEL-11486,2025-02-02 22:00:00,EQX1012,37.8044,-122.2712,0.0,3013.4,3013.4,1377.3,38565.4,2.4,84.5,76.4,GOOD,13,298.7,,ONLINE,OFF
TEL-11487,2025-02-02 23:00:00,EQX1012,37.8044,-122.2712,0.0,3013.4,3013.4,1377.3,38565.5,2.4,84.5,76.3,GOOD,15,296.9,,OFFLINE,OFF
TEL-11488,2025-02-03 00:00:00,EQX1012,37.8044,-122.2712,0.0,3013.4,3013.4,1377.3,38565.6,2.4,84.5,76.2,GOOD,30,254.9,,ONLINE,OFF
TEL-11489,2025-02-03 01:00:00,EQX1012,37.8044,-122.2712,0.0,3013.4,3013.4,1377.3,38565.7,2.4,84.4,76.1,GOOD,18,86.8,,ONLINE,OFF
TEL-11490,2025-02-03 02:00:00,EQX1012,37.8044,-122.2712,0.0,3013.4,3013.4,1377.3,38565.8,2.4,84.4,76.0,GOOD,12,165.0,,ONLINE,OFF
TEL-11491,2025-02-03 03:00:00,EQX1012,37.8044,-122.2712,0.0,3013.4,3013.4,1377.3,38565.9,2.4,84.4,75.9,GOOD,8,95.8,,ONLINE,OFF
TEL-11492,2025-02-03 04:00:00,EQX1012,37.8044,-122.2712,0.0,3013.4,3013.4,1377.3,38566.0,2.4,84.3,75.8,GOOD,30,189.9,,ONLINE,OFF
TEL-11493,2025-02-03 05:00:00,EQX1012,37.8044,-122.2712,0.0,3013.4,3013.4,1377.3,38566.1,2.4,84.3,75.7,GOOD,7,257.7,,ONLINE,OFF
TEL-11494,2025-02-03 06:00:00,EQX1012,37.8044,-122.2712,0.0,3013.4,3013.4,1377.3,38566.2,2.4,84.3,75.6,GOOD,14,47.1,,ONLINE,OFF
TEL-11495,2025-02-03 07:00:00,EQX1012,37.8044,-122.2712,0.0,3013.4,3013.4,1377.3,38566.3,2.4,84.3,75.5,CRITICAL,24,139.2,P0217,ONLINE,OFF
TEL-11496,2025-02-03 08:00:00,EQX1012,37.805931,-122.266458,10.2,3013.9,3013.9,1377.4,38574.0,183.1,82.1,75.4,GOOD,19,67.3,,ONLINE,ON
TEL-11497,2025-02-03 09:00:00,EQX1012,37.805106,-122.272112,23.3,3014.4,3014.4,1377.5,38580.0,144.2,80.4,75.3,WARNING,7,49.9,P0420,ONLINE,ON
TEL-11498,2025-02-03 10:00:00,EQX1012,37.799627,-122.270187,23.8,3014.9,3014.9,1377.6,38586.7,161.8,78.4,75.2,GOOD,16,259.0,,ONLINE,ON
TEL-11499,2025-02-03 11:00:00,EQX1012,37.808147,-122.274448,30.5,3015.4,3015.4,1377.7,38591.4,111.6,77.1,75.1,GOOD,10,39.8,,ONLINE,ON
TEL-11500,2025-02-03 12:00:00,EQX1012,37.803992,-122.269363,6.9,3015.9,3015.9,1377.8,38595.5,98.9,75.9,75.0,GOOD,5,291.8,,ONLINE,ON
TEL-11501,2024-10-13 08:00:00,EQX1013,35.377925,-119.023631,32.6,1901.2,1901.2,443.6,24356.4,111.4,83.7,73.2,WARNING,13,260.1,P0562,ONLINE,ON
TEL-11502,2024-10-13 09:00:00,EQX1013,35.372471,-119.0211,34.9,1901.7,1901.7,443.7,24363.9,178.8,81.5,73.1,GOOD,24,182.1,,ONLINE,ON
TEL-11503,2024-10-13 10:00:00,EQX1013,35.376578,-119.023102,34.7,1902.2,1902.2,443.8,24370.8,164.6,79.6,73.0,GOOD,23,230.6,,ONLINE,ON
TEL-11504,2024-10-13 11:00:00,EQX1013,35.374796,-119.019414,15.9,1902.7,1902.7,443.9,24377.6,164.9,77.6,72.9,GOOD,8,227.4,,ONLINE,ON
TEL-11505,2024-10-13 12:00:00,EQX1013,35.371965,-119.017135,22.4,1903.2,1903.2,444.0,24384.8,172.1,75.6,72.8,GOOD,15,63.0,,ONLINE,ON
TEL-11506,2024-10-13 13:00:00,EQX1013,35.377292,-119.018784,7.9,1903.7,1903.7,444.1,24391.4,157.7,73.7,72.7,GOOD,9,206.8,,ONLINE,ON
TEL-11507,2024-10-13 14:00:00,EQX1013,35.371053,-119.023343,14.9,1904.2,1904.2,444.2,24397.2,139.2,72.0,72.6,GOOD,0,66.3,,ONLINE,ON
TEL-11508,2024-10-13 15:00:00,EQX1013,35.377748,-119.022117,16.1,1904.7,1904.7,444.3,24402.6,130.8,70.5,72.5,GOOD,14,202.0,,ONLINE,ON
TEL-11509,2024-10-13 16:00:00,EQX1013,35.374374,-119.015109,9.6,1905.2,1905.2,444.4,24409.8,173.3,68.4,72.4,GOOD,27,63.5,,ONLINE,ON
TEL-11510,2024-10-13 17:00:00,EQX1013,35.375511,-119.016245,14.1,1905.7,1905.7,444.5,24416.2,152.2,66.6,72.3,GOOD,19,270.0,,ONLINE,ON
TEL-11511,2024-10-13 18:00:00,EQX1013,35.3733,-119.0187,0.0,1905.7,1905.7,444.5,24416.3,2.4,66.6,72.2,GOOD,16,94.3,,ONLINE,OFF
TEL-11512,2024-10-13 19:00:00,EQX1013,35.3733,-119.0187,0.0,1905.7,1905.7,444.5,24416.4,2.4,66.6,72.1,GOOD,5,261.2,,ONLINE,OFF
TEL-11513,2024-10-13 20:00:00,EQX1013,35.3733,-119.0187,0.0,1905.7,1905.7,444.5,24416.5,2.4,66.5,72.0,GOOD,21,284.1,,ONLINE,OFF
TEL-11514,2024-10-13 21:00:00,EQX1013,35.3733,-119.0187,0.0,1905.7,1905.7,444.5,24416.6,2.4,66.5,71.9,GOOD,8,182.6,,ONLINE,OFF
TEL-11515,2024-10-13 22:00:00,EQX1013,35.3733,-119.0187,0.0,1905.7,1905.7,444.5,24416.7,2.4,66.5,71.8,GOOD,15,137.8,,ONLINE,OFF
TEL-11516,2024-10-13 23:00:00,EQX1013,35.3733,-119.0187,0.0,1905.7,1905.7,444.5,24416.8,2.4,66.4,71.7,GOOD,27,245.7,,ONLINE,OFF
TEL-11517,2024-10-14 00:00:00,EQX1013,35.3733,-119.0187,0.0,1905.7,1905.7,444.5,24416.9,2.4,66.4,71.6,GOOD,11,199.3,,ONLINE,OFF
TEL-11518,2024-10-14 01:00:00,EQX1013,35.3733,-119.0187,0.0,1905.7,1905.7,444.5,24417.0,2.4,66.4,71.5,GOOD,2,81.4,,ONLINE,OFF
TEL-11519,2024-10-14 02:00:00,EQX1013,35.3733,-119.0187,0.0,1905.7,1905.7,444.5,24417.1,2.4,66.4,71.4,GOOD,2,291.1,,ONLINE,OFF
TEL-11520,2024-10-14 03:00:00,EQX1013,35.3733,-119.0187,0.0,1905.7,1905.7,444.5,24417.2,2.4,66.3,71.3,GOOD,8,239.2,,ONLINE,OFF
TEL-11521,2024-10-14 04:00:00,EQX1013,35.3733,-119.0187,0.0,1905.7,1905.7,444.5,24417.3,2.4,66.3,71.2,GOOD,7,206.9,,ONLINE,OFF
TEL-11522,2024-10-14 05:00:00,EQX1013,35.3733,-119.0187,0.0,1905.7,1905.7,444.5,24417.4,2.4,66.3,71.1,WARNING,8,165.6,P0420,ONLINE,OFF
TEL-11523,2024-10-14 06:00:00,EQX1013,35.3733,-119.0187,0.0,1905.7,1905.7,444.5,24417.5,2.4,66.2,71.0,GOOD,2,271.8,,ONLINE,OFF
TEL-11524,2024-10-14 07:00:00,EQX1013,35.3733,-119.0187,0.0,1905.7,1905.7,444.5,24417.6,2.4,66.2,70.9,GOOD,7,175.7,,ONLINE,OFF
TEL-11525,2024-10-14 08:00:00,EQX1013,35.376114,-119.020511,22.4,1906.2,1906.2,444.6,24423.4,140.6,64.5,70.8,GOOD,3,132.6,,ONLINE,ON
TEL-11526,2024-10-14 09:00:00,EQX1013,35.374283,-119.0207,19.3,1906.7,1906.7,444.7,24427.8,105.6,63.3,70.7,WARNING,27,271.5,P0300,ONLINE,ON
TEL-11527,2024-10-14 10:00:00,EQX1013,35.374189,-119.017351,26.6,1907.2,1907.2,444.8,24433.6,138.5,61.6,70.6,GOOD,8,226.4,,ONLINE,ON
TEL-11528,2024-10-14 11:00:00,EQX1013,35.373373,-119.018558,23.0,1907.7,1907.7,444.9,24439.6,143.3,59.9,70.5,GOOD,27,159.7,,ONLINE,ON
TEL-11529,2024-10-14 12:00:00,EQX1013,35.374559,-119.022585,15.2,1908.2,1908.2,445.0,24446.3,161.0,58.0,70.4,GOOD,0,95.8,,ONLINE,ON
TEL-11530,2024-10-14 13:00:00,EQX1013,35.368956,-119.01938,34.2,1908.7,1908.7,445.1,24452.2,141.1,56.3,70.3,GOOD,14,102.7,,ONLINE,ON
TEL-11531,2024-10-14 14:00:00,EQX1013,35.369387,-119.021382,25.6,1909.2,1909.2,445.2,24459.4,175.0,54.2,70.2,GOOD,24,159.1,,ONLINE,ON
TEL-11532,2024-10-14 15:00:00,EQX1013,35.37401,-119.022154,8.1,1909.7,1909.7,445.3,24464.6,124.8,52.8,70.1,GOOD,25,51.5,,ONLINE,ON
TEL-11533,2024-10-14 16:00:00,EQX1013,35.373465,-119.018962,9.7,1910.2,1910.2,445.4,24471.3,159.6,50.9,70.0,GOOD,23,80.8,,ONLINE,ON
TEL-11534,2024-10-14 17:00:00,EQX1013,35.371336,-119.02225,33.0,1910.7,1910.7,445.5,24477.2,141.4,49.2,69.9,GOOD,23,94.6,,ONLINE,ON
TEL-11535,2024-10-14 18:00:00,EQX1013,35.3733,-119.0187,0.0,1910.7,1910.7,445.5,24477.3,2.4,49.1,69.8,GOOD,0,228.7,,ONLINE,OFF
TEL-11536,2024-10-14 19:00:00,EQX1013,35.3733,-119.0187,0.0,1910.7,1910.7,445.5,24477.4,2.4,49.1,69.7,GOOD,25,42.0,,ONLINE,OFF
TEL-11537,2024-10-14 20:00:00,EQX1013,35.3733,-119.0187,0.0,1910.7,1910.7,445.5,24477.5,2.4,49.1,69.6,GOOD,6,62.6,,ONLINE,OFF
TEL-11538,2024-10-14 21:00:00,EQX1013,35.3733,-119.0187,0.0,1910.7,1910.7,445.5,24477.6,2.4,49.1,69.5,GOOD,10,128.2,,ONLINE,OFF
TEL-11539,2024-10-14 22:00:00,EQX1013,35.3733,-119.0187,0.0,1910.7,1910.7,445.5,24477.7,2.4,49.0,69.4,GOOD,25,64.5,,ONLINE,OFF
TEL-11540,2024-10-14 23:00:00,EQX1013,35.3733,-119.0187,0.0,1910.7,1910.7,445.5,24477.8,2.4,49.0,69.3,GOOD,7,48.1,,ONLINE,OFF
TEL-11541,2024-10-15 00:00:00,EQX1013,35.3733,-119.0187,0.0,1910.7,1910.7,445.5,24477.9,2.4,49.0,69.2,GOOD,30,291.3,,ONLINE,OFF
TEL-11542,2024-10-15 01:00:00,EQX1013,35.3733,-119.0187,0.0,1910.7,1910.7,445.5,24478.0,2.4,48.9,69.1,GOOD,29,211.9,,ONLINE,OFF
TEL-11543,2024-10-15 02:00:00,EQX1013,35.3733,-119.0187,0.0,1910.7,1910.7,445.5,24478.1,2.4,48.9,69.0,GOOD,1,30.4,,ONLINE,OFF
TEL-11544,2024-10-15 03:00:00,EQX1013,35.3733,-119.0187,0.0,1910.7,1910.7,445.5,24478.2,2.4,48.9,68.9,GOOD,29,85.3,,ONLINE,OFF
TEL-11545,2024-10-15 04:00:00,EQX1013,35.3733,-119.0187,0.0,1910.7,1910.7,445.5,24478.3,2.4,48.9,68.8,GOOD,24,219.7,,ONLINE,OFF
TEL-11546,2024-10-15 05:00:00,EQX1013,35.3733,-119.0187,0.0,1910.7,1910.7,445.5,24478.4,2.4,48.8,68.7,GOOD,18,60.0,,ONLINE,OFF
TEL-11547,2024-10-15 06:00:00,EQX1013,35.3733,-119.0187,0.0,1910.7,1910.7,445.5,24478.5,2.4,48.8,68.6,GOOD,24,198.2,,ONLINE,OFF
TEL-11548,2024-10-15 07:00:00,EQX1013,35.3733,-119.0187,0.0,1910.7,1910.7,445.5,24478.6,2.4,48.8,68.5,GOOD,4,231.6,,ONLINE,OFF
TEL-11549,2024-10-15 08:00:00,EQX1013,35.37144,-119.015166,7.0,1911.2,1911.2,445.6,24485.7,171.4,46.7,68.4,GOOD,28,64.4,,ONLINE,ON
TEL-11550,2024-10-15 09:00:00,EQX1013,35.37029,-119.013986,14.6,1911.7,1911.7,445.7,24490.6,117.8,45.3,68.3,GOOD,29,6.9,,ONLINE,ON
TEL-11551,2024-10-15 10:00:00,EQX1013,35.373164,-119.02322,8.6,1912.2,1912.2,445.8,24496.3,135.4,43.7,68.2,GOOD,16,112.0,,ONLINE,ON
TEL-11552,2024-10-15 11:00:00,EQX1013,35.377031,-119.020429,22.0,1912.7,1912.7,445.9,24504.3,191.5,41.4,68.1,GOOD,10,190.3,,ONLINE,ON
TEL-11553,2024-10-15 12:00:00,EQX1013,35.376106,-119.018382,27.0,1913.2,1913.2,446.0,24510.5,150.2,39.7,68.0,GOOD,2,172.2,,ONLINE,ON
TEL-11554,2024-10-15 13:00:00,EQX1013,35.369031,-119.01686,19.1,1913.7,1913.7,446.1,24517.1,158.4,37.8,67.9,GOOD,28,264.2,,ONLINE,ON
TEL-11555,2024-10-15 14:00:00,EQX1013,35.374778,-119.020302,27.2,1914.2,1914.2,446.2,24523.7,158.4,35.9,67.8,GOOD,26,284.6,,ONLINE,ON
TEL-11556,2024-10-15 15:00:00,EQX1013,35.374537,-119.019801,31.7,1914.7,1914.7,446.3,24529.3,134.6,34.3,67.7,WARNING,13,45.1,P0217,ONLINE,ON
TEL-11557,2024-10-15 16:00:00,EQX1013,35.373624,-119.017164,30.7,1915.2,1915.2,446.4,24535.7,152.2,32.5,67.6,GOOD,29,106.4,,ONLINE,ON
TEL-11558,2024-10-15 17:00:00,EQX1013,35.37603,-119.021639,31.4,1915.7,1915.7,446.5,24543.1,179.3,30.3,67.5,GOOD,19,283.3,,ONLINE,ON
TEL-11559,2024-10-15 18:00:00,EQX1013,35.3733,-119.0187,0.0,1915.7,1915.7,446.5,24543.2,2.4,30.3,67.4,GOOD,2,98.2,,ONLINE,OFF
TEL-11560,2024-10-15 19:00:00,EQX1013,35.3733,-119.0187,0.0,1915.7,1915.7,446.5,24543.3,2.4,30.3,67.3,GOOD,9,49.0,,ONLINE,OFF
TEL-11561,2024-10-15 20:00:00,EQX1013,35.3733,-119.0187,0.0,1915.7,1915.7,446.5,24543.4,2.4,30.2,67.2,GOOD,24,106.6,,ONLINE,OFF
TEL-11562,2024-10-15 21:00:00,EQX1013,35.3733,-119.0187,0.0,1915.7,1915.7,446.5,24543.5,2.4,30.2,67.1,GOOD,26,284.4,,ONLINE,OFF
TEL-11563,2024-10-15 22:00:00,EQX1013,35.3733,-119.0187,0.0,1915.7,1915.7,446.5,24543.6,2.4,30.2,67.0,GOOD,6,114.1,,OFFLINE,OFF
TEL-11564,2024-10-15 23:00:00,EQX1013,35.3733,-119.0187,0.0,1915.7,1915.7,446.5,24543.7,2.4,30.2,66.9,GOOD,12,177.1,,ONLINE,OFF
TEL-11565,2024-10-16 00:00:00,EQX1013,35.3733,-119.0187,0.0,1915.7,1915.7,446.5,24543.8,2.4,30.1,66.8,GOOD,18,217.4,,ONLINE,OFF
TEL-11566,2024-10-16 01:00:00,EQX1013,35.3733,-119.0187,0.0,1915.7,1915.7,446.5,24543.9,2.4,30.1,66.7,GOOD,15,222.2,,ONLINE,OFF
TEL-11567,2024-10-16 02:00:00,EQX1013,35.3733,-119.0187,0.0,1915.7,1915.7,446.5,24544.0,2.4,30.1,66.6,GOOD,6,295.5,,ONLINE,OFF
TEL-11568,2024-10-16 03:00:00,EQX1013,35.3733,-119.0187,0.0,1915.7,1915.7,446.5,24544.1,2.4,30.0,66.5,GOOD,3,283.5,,ONLINE,OFF
TEL-11569,2024-10-16 04:00:00,EQX1013,35.3733,-119.0187,0.0,1915.7,1915.7,446.5,24544.2,2.4,30.0,66.4,GOOD,30,257.2,,OFFLINE,OFF
TEL-11570,2024-10-16 05:00:00,EQX1013,35.3733,-119.0187,0.0,1915.7,1915.7,446.5,24544.3,2.4,30.0,66.3,GOOD,13,283.8,,ONLINE,OFF
TEL-11571,2024-10-16 06:00:00,EQX1013,35.3733,-119.0187,0.0,1915.7,1915.7,446.5,24544.4,2.4,30.0,66.2,GOOD,20,193.1,,ONLINE,OFF
TEL-11572,2024-10-16 07:00:00,EQX1013,35.3733,-119.0187,0.0,1915.7,1915.7,446.5,24544.5,2.4,29.9,66.1,GOOD,8,218.9,,ONLINE,OFF
TEL-11573,2024-10-16 08:00:00,EQX1013,35.370074,-119.023607,31.9,1916.2,1916.2,446.6,24548.7,100.3,28.7,66.0,GOOD,15,228.7,,ONLINE,ON
TEL-11574,2024-10-16 09:00:00,EQX1013,35.37491,-119.019983,6.8,1916.7,1916.7,446.7,24555.9,173.0,26.7,65.9,GOOD,5,52.4,,ONLINE,ON
TEL-11575,2024-10-16 10:00:00,EQX1013,35.374987,-119.020049,20.6,1917.2,1917.2,446.8,24560.5,110.6,25.4,65.8,GOOD,0,149.3,,ONLINE,ON
TEL-11576,2024-10-16 11:00:00,EQX1013,35.370952,-119.020489,14.2,1917.7,1917.7,446.9,24567.0,156.0,23.5,65.7,GOOD,28,141.2,,ONLINE,ON
TEL-11577,2024-10-16 12:00:00,EQX1013,35.373695,-119.016075,27.0,1918.2,1918.2,447.0,24571.6,109.9,22.2,65.6,GOOD,3,4.5,,ONLINE,ON
TEL-11578,2024-10-16 13:00:00,EQX1013,35.369424,-119.018943,31.9,1918.7,1918.7,447.1,24576.0,104.9,20.9,65.5,GOOD,17,132.1,,ONLINE,ON
TEL-11579,2024-10-16 14:00:00,EQX1013,35.373062,-119.014705,30.7,1919.2,1919.2,447.2,24583.2,173.8,18.9,65.4,GOOD,17,109.7,,OFFLINE,ON
TEL-11580,2024-10-16 15:00:00,EQX1013,35.375787,-119.01518,23.4,1919.7,1919.7,447.3,24590.1,164.9,16.9,65.3,GOOD,4,241.6,,ONLINE,ON
TEL-11581,2024-10-16 16:00:00,EQX1013,35.375473,-119.020877,9.3,1920.2,1920.2,447.4,24596.7,159.4,15.0,65.2,GOOD,8,55.4,,ONLINE,ON
TEL-11582,2024-10-16 17:00:00,EQX1013,35.374984,-119.018501,24.8,1920.7,1920.7,447.5,24602.0,127.4,13.5,65.1,GOOD,24,269.9,,ONLINE,ON
TEL-11583,2024-10-16 18:00:00,EQX1013,35.3733,-119.0187,0.0,1920.7,1920.7,447.5,24602.1,2.4,13.5,65.0,GOOD,23,280.4,,ONLINE,OFF
TEL-11584,2024-10-16 19:00:00,EQX1013,35.3733,-119.0187,0.0,1920.7,1920.7,447.5,24602.2,2.4,13.4,64.9,GOOD,1,238.3,,ONLINE,OFF
TEL-11585,2024-10-16 20:00:00,EQX1013,35.3733,-119.0187,0.0,1920.7,1920.7,447.5,24602.3,2.4,13.4,64.8,WARNING,1,250.6,P0562,ONLINE,OFF
TEL-11586,2024-10-16 21:00:00,EQX1013,35.3733,-119.0187,0.0,1920.7,1920.7,447.5,24602.4,2.4,13.4,64.7,CRITICAL,15,257.3,P0300,ONLINE,OFF
TEL-11587,2024-10-16 22:00:00,EQX1013,35.3733,-119.0187,0.0,1920.7,1920.7,447.5,24602.5,2.4,13.4,64.6,GOOD,12,135.6,,ONLINE,OFF
TEL-11588,2024-10-16 23:00:00,EQX1013,35.3733,-119.0187,0.0,1920.7,1920.7,447.5,24602.6,2.4,13.3,64.5,GOOD,3,223.5,,ONLINE,OFF
TEL-11589,2024-10-17 00:00:00,EQX1013,35.3733,-119.0187,0.0,1920.7,1920.7,447.5,24602.7,2.4,13.3,64.4,GOOD,28,55.9,,ONLINE,OFF
TEL-11590,2024-10-17 01:00:00,EQX1013,35.3733,-119.0187,0.0,1920.7,1920.7,447.5,24602.8,2.4,13.3,64.3,GOOD,14,199.0,,ONLINE,OFF
TEL-11591,2024-10-17 02:00:00,EQX1013,35.3733,-119.0187,0.0,1920.7,1920.7,447.5,24602.9,2.4,13.2,64.2,GOOD,2,234.6,,ONLINE,OFF
TEL-11592,2024-10-17 03:00:00,EQX1013,35.3733,-119.0187,0.0,1920.7,1920.7,447.5,24603.0,2.4,13.2,64.1,WARNING,4,28.4,P0420,ONLINE,OFF
TEL-11593,2024-10-17 04:00:00,EQX1013,35.3733,-119.0187,0.0,1920.7,1920.7,447.5,24603.1,2.4,13.2,64.0,GOOD,22,88.7,,ONLINE,OFF
TEL-11594,2024-10-17 05:00:00,EQX1013,35.3733,-119.0187,0.0,1920.7,1920.7,447.5,24603.2,2.4,13.2,63.9,GOOD,30,24.9,,ONLINE,OFF
TEL-11595,2024-10-17 06:00:00,EQX1013,35.3733,-119.0187,0.0,1920.7,1920.7,447.5,24603.3,2.4,13.1,63.8,GOOD,30,265.7,,ONLINE,OFF
TEL-11596,2024-10-17 07:00:00,EQX1013,35.3733,-119.0187,0.0,1920.7,1920.7,447.5,24603.4,2.4,13.1,63.7,GOOD,24,5.0,,ONLINE,OFF
TEL-11597,2024-10-17 08:00:00,EQX1013,35.369818,-119.015101,27.0,1921.2,1921.2,447.6,24608.9,130.1,11.6,63.6,GOOD,11,161.8,,ONLINE,ON
TEL-11598,2024-10-17 09:00:00,EQX1013,35.369887,-119.016896,25.8,1921.7,1921.7,447.7,24616.9,191.8,95.0,63.5,GOOD,7,253.0,,ONLINE,ON
TEL-11599,2024-10-17 10:00:00,EQX1013,35.374397,-119.015117,27.5,1922.2,1922.2,447.8,24621.5,110.6,93.7,63.4,GOOD,30,120.3,,ONLINE,ON
TEL-11600,2024-10-17 11:00:00,EQX1013,35.373065,-119.020481,16.7,1922.7,1922.7,447.9,24627.6,146.2,91.9,63.3,GOOD,2,75.4,,ONLINE,ON
TEL-11601,2024-10-17 12:00:00,EQX1013,35.374431,-119.014107,21.7,1923.2,1923.2,448.0,24632.8,126.0,90.4,63.2,GOOD,4,144.3,,ONLINE,ON
TEL-11602,2024-10-17 13:00:00,EQX1013,35.378083,-119.019788,9.8,1923.7,1923.7,448.1,24640.7,189.4,88.2,63.1,GOOD,18,58.0,,ONLINE,ON
TEL-11603,2024-10-17 14:00:00,EQX1013,35.371062,-119.014774,30.0,1924.2,1924.2,448.2,24645.0,102.7,87.0,63.0,GOOD,30,201.7,,ONLINE,ON
TEL-11604,2024-10-17 15:00:00,EQX1013,35.371575,-119.017332,11.2,1924.7,1924.7,448.3,24649.5,109.7,85.7,62.9,GOOD,24,188.6,,ONLINE,ON
TEL-11605,2024-10-17 16:00:00,EQX1013,35.369549,-119.016271,19.1,1925.2,1925.2,448.4,24656.2,159.4,83.8,62.8,GOOD,24,273.2,,ONLINE,ON
TEL-11606,2024-10-17 17:00:00,EQX1013,35.372115,-119.014789,15.2,1925.7,1925.7,448.5,24661.3,122.2,82.3,62.7,GOOD,18,50.5,,ONLINE,ON
TEL-11607,2024-10-17 18:00:00,EQX1013,35.3733,-119.0187,0.0,1925.7,1925.7,448.5,24661.4,2.4,82.3,62.6,GOOD,9,67.4,,ONLINE,OFF
TEL-11608,2024-10-17 19:00:00,EQX1013,35.3733,-119.0187,0.0,1925.7,1925.7,448.5,24661.5,2.4,82.3,62.5,GOOD,19,259.5,,ONLINE,OFF
TEL-11609,2024-10-17 20:00:00,EQX1013,35.3733,-119.0187,0.0,1925.7,1925.7,448.5,24661.6,2.4,82.2,62.4,GOOD,22,289.0,,ONLINE,OFF
TEL-11610,2024-10-17 21:00:00,EQX1013,35.3733,-119.0187,0.0,1925.7,1925.7,448.5,24661.7,2.4,82.2,62.3,GOOD,8,252.7,,ONLINE,OFF
TEL-11611,2024-10-17 22:00:00,EQX1013,35.3733,-119.0187,0.0,1925.7,1925.7,448.5,24661.8,2.4,82.2,62.2,GOOD,10,125.9,,ONLINE,OFF
TEL-11612,2024-10-17 23:00:00,EQX1013,35.3733,-119.0187,0.0,1925.7,1925.7,448.5,24661.9,2.4,82.1,62.1,GOOD,3,213.9,,ONLINE,OFF
TEL-11613,2024-10-18 00:00:00,EQX1013,35.3733,-119.0187,0.0,1925.7,1925.7,448.5,24662.0,2.4,82.1,62.0,GOOD,13,199.7,,ONLINE,OFF
TEL-11614,2024-10-18 01:00:00,EQX1013,35.3733,-119.0187,0.0,1925.7,1925.7,448.5,24662.1,2.4,82.1,61.9,GOOD,17,182.0,,ONLINE,OFF
TEL-11615,2024-10-18 02:00:00,EQX1013,35.3733,-119.0187,0.0,1925.7,1925.7,448.5,24662.2,2.4,82.1,61.8,GOOD,21,114.8,,ONLINE,OFF
TEL-11616,2024-10-18 03:00:00,EQX1013,35.3733,-119.0187,0.0,1925.7,1925.7,448.5,24662.3,2.4,82.0,61.7,GOOD,30,29.6,,ONLINE,OFF
TEL-11617,2024-10-18 04:00:00,EQX1013,35.3733,-119.0187,0.0,1925.7,1925.7,448.5,24662.4,2.4,82.0,61.6,GOOD,18,201.8,,ONLINE,OFF
TEL-11618,2024-10-18 05:00:00,EQX1013,35.3733,-119.0187,0.0,1925.7,1925.7,448.5,24662.5,2.4,82.0,61.5,GOOD,23,12.0,,ONLINE,OFF
TEL-11619,2024-10-18 06:00:00,EQX1013,35.3733,-119.0187,0.0,1925.7,1925.7,448.5,24662.6,2.4,81.9,61.4,GOOD,27,156.8,,ONLINE,OFF
TEL-11620,2024-10-18 07:00:00,EQX1013,35.3733,-119.0187,0.0,1925.7,1925.7,448.5,24662.7,2.4,81.9,61.3,GOOD,24,129.5,,ONLINE,OFF
TEL-11621,2024-10-18 08:00:00,EQX1013,35.374605,-119.02041,32.2,1926.2,1926.2,448.6,24667.5,116.6,80.5,61.2,GOOD,0,218.7,,ONLINE,ON
TEL-11622,2024-10-18 09:00:00,EQX1013,35.37174,-119.013964,30.5,1926.7,1926.7,448.7,24672.5,120.2,79.1,61.1,GOOD,1,97.4,,ONLINE,ON
TEL-11623,2024-10-18 10:00:00,EQX1013,35.369906,-119.018115,26.0,1927.2,1927.2,448.8,24679.1,157.0,77.2,61.0,GOOD,23,120.4,,ONLINE,ON
TEL-11624,2024-10-18 11:00:00,EQX1013,35.376866,-119.020362,15.5,1927.7,1927.7,448.9,24686.3,174.2,75.1,60.9,GOOD,26,289.8,,ONLINE,ON
TEL-11625,2024-10-18 12:00:00,EQX1013,35.369204,-119.019639,14.5,1928.2,1928.2,449.0,24691.6,125.3,73.7,60.8,GOOD,24,114.8,,ONLINE,ON
TEL-11626,2025-02-10 08:00:00,EQX1014,38.579828,-121.498285,31.9,1147.5,1147.5,472.9,13830.4,168.5,83.0,92.1,GOOD,22,192.7,,ONLINE,ON
TEL-11627,2025-02-10 09:00:00,EQX1014,38.582785,-121.498641,13.9,1148.0,1148.0,473.0,13836.7,149.8,81.2,92.0,GOOD,29,263.1,,ONLINE,ON
TEL-11628,2025-02-10 10:00:00,EQX1014,38.581928,-121.495432,17.1,1148.5,1148.5,473.1,13841.7,121.2,79.8,91.9,GOOD,30,220.9,,ONLINE,ON
TEL-11629,2025-02-10 11:00:00,EQX1014,38.586307,-121.496162,31.3,1149.0,1149.0,473.2,13848.9,172.6,77.7,91.8,GOOD,7,164.4,,ONLINE,ON
TEL-11630,2025-02-10 12:00:00,EQX1014,38.584932,-121.489567,25.0,1149.5,1149.5,473.3,13854.0,122.4,76.3,91.7,GOOD,20,243.5,,ONLINE,ON
TEL-11631,2025-02-10 13:00:00,EQX1014,38.585175,-121.494567,9.4,1150.0,1150.0,473.4,13859.2,124.6,74.8,91.6,GOOD,18,57.7,,ONLINE,ON
TEL-11632,2025-02-10 14:00:00,EQX1014,38.582355,-121.490377,10.6,1150.5,1150.5,473.5,13865.3,145.7,73.0,91.5,GOOD,25,294.6,,ONLINE,ON
TEL-11633,2025-02-10 15:00:00,EQX1014,38.585601,-121.490031,29.1,1151.0,1151.0,473.6,13870.3,121.2,71.6,91.4,GOOD,30,208.0,,ONLINE,ON
TEL-11634,2025-02-10 16:00:00,EQX1014,38.584556,-121.49361,14.6,1151.5,1151.5,473.7,13877.6,175.4,69.5,91.3,GOOD,16,212.5,,ONLINE,ON
TEL-11635,2025-02-10 17:00:00,EQX1014,38.578878,-121.495917,21.1,1152.0,1152.0,473.8,13882.0,106.1,68.2,91.2,GOOD,26,295.5,,ONLINE,ON
TEL-11636,2025-02-10 18:00:00,EQX1014,38.5816,-121.4944,0.0,1152.0,1152.0,473.8,13882.1,2.4,68.2,91.1,GOOD,19,131.4,,ONLINE,OFF
TEL-11637,2025-02-10 19:00:00,EQX1014,38.5816,-121.4944,0.0,1152.0,1152.0,473.8,13882.2,2.4,68.2,91.0,GOOD,0,168.0,,ONLINE,OFF
TEL-11638,2025-02-10 20:00:00,EQX1014,38.5816,-121.4944,0.0,1152.0,1152.0,473.8,13882.3,2.4,68.2,90.9,GOOD,27,211.9,,ONLINE,OFF
TEL-11639,2025-02-10 21:00:00,EQX1014,38.5816,-121.4944,0.0,1152.0,1152.0,473.8,13882.4,2.4,68.1,90.8,GOOD,8,170.9,,ONLINE,OFF
TEL-11640,2025-02-10 22:00:00,EQX1014,38.5816,-121.4944,0.0,1152.0,1152.0,473.8,13882.5,2.4,68.1,90.7,GOOD,15,129.2,,ONLINE,OFF
TEL-11641,2025-02-10 23:00:00,EQX1014,38.5816,-121.4944,0.0,1152.0,1152.0,473.8,13882.6,2.4,68.1,90.6,GOOD,21,135.6,,ONLINE,OFF
TEL-11642,2025-02-11 00:00:00,EQX1014,38.5816,-121.4944,0.0,1152.0,1152.0,473.8,13882.7,2.4,68.0,90.5,GOOD,18,239.5,,ONLINE,OFF
TEL-11643,2025-02-11 01:00:00,EQX1014,38.5816,-121.4944,0.0,1152.0,1152.0,473.8,13882.8,2.4,68.0,90.4,GOOD,21,176.1,,ONLINE,OFF
TEL-11644,2025-02-11 02:00:00,EQX1014,38.5816,-121.4944,0.0,1152.0,1152.0,473.8,13882.9,2.4,68.0,90.3,GOOD,24,107.5,,ONLINE,OFF
TEL-11645,2025-02-11 03:00:00,EQX1014,38.5816,-121.4944,0.0,1152.0,1152.0,473.8,13883.0,2.4,68.0,90.2,GOOD,16,124.1,,ONLINE,OFF
TEL-11646,2025-02-11 04:00:00,EQX1014,38.5816,-121.4944,0.0,1152.0,1152.0,473.8,13883.1,2.4,67.9,90.1,GOOD,24,227.6,,ONLINE,OFF
TEL-11647,2025-02-11 05:00:00,EQX1014,38.5816,-121.4944,0.0,1152.0,1152.0,473.8,13883.2,2.4,67.9,90.0,GOOD,15,218.6,,ONLINE,OFF
TEL-11648,2025-02-11 06:00:00,EQX1014,38.5816,-121.4944,0.0,1152.0,1152.0,473.8,13883.3,2.4,67.9,89.9,GOOD,22,284.7,,ONLINE,OFF
TEL-11649,2025-02-11 07:00:00,EQX1014,38.5816,-121.4944,0.0,1152.0,1152.0,473.8,13883.4,2.4,67.8,89.8,GOOD,4,254.2,,ONLINE,OFF
TEL-11650,2025-02-11 08:00:00,EQX1014,38.580904,-121.49688,10.5,1152.5,1152.5,473.9,13888.7,125.8,66.3,89.7,GOOD,6,68.0,,ONLINE,ON
TEL-11651,2025-02-11 09:00:00,EQX1014,38.584118,-121.494161,34.6,1153.0,1153.0,474.0,13895.2,156.7,64.5,89.6,WARNING,1,294.6,P0420,ONLINE,ON
TEL-11652,2025-02-11 10:00:00,EQX1014,38.586236,-121.494109,6.8,1153.5,1153.5,474.1,13900.7,131.8,62.9,89.5,WARNING,9,8.3,P0300,ONLINE,ON
TEL-11653,2025-02-11 11:00:00,EQX1014,38.586157,-121.497515,32.2,1154.0,1154.0,474.2,13907.0,150.0,61.1,89.4,GOOD,6,292.7,,ONLINE,ON
TEL-11654,2025-02-11 12:00:00,EQX1014,38.580342,-121.497631,7.9,1154.5,1154.5,474.3,13913.7,161.5,59.2,89.3,GOOD,24,53.2,,ONLINE,ON
TEL-11655,2025-02-11 13:00:00,EQX1014,38.576988,-121.494024,9.5,1155.0,1155.0,474.4,13921.0,174.7,57.1,89.2,GOOD,25,280.3,,ONLINE,ON
TEL-11656,2025-02-11 14:00:00,EQX1014,38.582501,-121.497726,33.1,1155.5,1155.5,474.5,13925.4,106.3,55.9,89.1,GOOD,4,299.2,,ONLINE,ON
TEL-11657,2025-02-11 15:00:00,EQX1014,38.58208,-121.495512,32.6,1156.0,1156.0,474.6,13933.1,186.0,53.6,89.0,GOOD,17,19.6,,ONLINE,ON
TEL-11658,2025-02-11 16:00:00,EQX1014,38.581508,-121.491459,12.4,1156.5,1156.5,474.7,13937.7,109.7,52.3,88.9,WARNING,29,294.7,P0017,ONLINE,ON
TEL-11659,2025-02-11 17:00:00,EQX1014,38.584146,-121.493489,19.4,1157.0,1157.0,474.8,13945.1,176.9,50.2,88.8,GOOD,20,96.2,,ONLINE,ON
TEL-11660,2025-02-11 18:00:00,EQX1014,38.5816,-121.4944,0.0,1157.0,1157.0,474.8,13945.2,2.4,50.2,88.7,GOOD,12,227.1,,ONLINE,OFF
TEL-11661,2025-02-11 19:00:00,EQX1014,38.5816,-121.4944,0.0,1157.0,1157.0,474.8,13945.3,2.4,50.2,88.6,GOOD,24,59.4,,ONLINE,OFF
TEL-11662,2025-02-11 20:00:00,EQX1014,38.5816,-121.4944,0.0,1157.0,1157.0,474.8,13945.4,2.4,50.1,88.5,GOOD,2,147.1,,ONLINE,OFF
TEL-11663,2025-02-11 21:00:00,EQX1014,38.5816,-121.4944,0.0,1157.0,1157.0,474.8,13945.5,2.4,50.1,88.4,GOOD,12,91.8,,ONLINE,OFF
TEL-11664,2025-02-11 22:00:00,EQX1014,38.5816,-121.4944,0.0,1157.0,1157.0,474.8,13945.6,2.4,50.1,88.3,GOOD,22,16.5,,ONLINE,OFF
TEL-11665,2025-02-11 23:00:00,EQX1014,38.5816,-121.4944,0.0,1157.0,1157.0,474.8,13945.7,2.4,50.1,88.2,GOOD,28,176.2,,ONLINE,OFF
TEL-11666,2025-02-12 00:00:00,EQX1014,38.5816,-121.4944,0.0,1157.0,1157.0,474.8,13945.8,2.4,50.0,88.1,GOOD,23,14.4,,ONLINE,OFF
TEL-11667,2025-02-12 01:00:00,EQX1014,38.5816,-121.4944,0.0,1157.0,1157.0,474.8,13945.9,2.4,50.0,88.0,GOOD,11,289.3,,OFFLINE,OFF
TEL-11668,2025-02-12 02:00:00,EQX1014,38.5816,-121.4944,0.0,1157.0,1157.0,474.8,13946.0,2.4,50.0,87.9,GOOD,23,152.5,,ONLINE,OFF
TEL-11669,2025-02-12 03:00:00,EQX1014,38.5816,-121.4944,0.0,1157.0,1157.0,474.8,13946.1,2.4,49.9,87.8,GOOD,1,273.2,,ONLINE,OFF
TEL-11670,2025-02-12 04:00:00,EQX1014,38.5816,-121.4944,0.0,1157.0,1157.0,474.8,13946.2,2.4,49.9,87.7,GOOD,22,96.1,,ONLINE,OFF
TEL-11671,2025-02-12 05:00:00,EQX1014,38.5816,-121.4944,0.0,1157.0,1157.0,474.8,13946.3,2.4,49.9,87.6,GOOD,19,4.7,,ONLINE,OFF
TEL-11672,2025-02-12 06:00:00,EQX1014,38.5816,-121.4944,0.0,1157.0,1157.0,474.8,13946.4,2.4,49.9,87.5,GOOD,29,87.1,,ONLINE,OFF
TEL-11673,2025-02-12 07:00:00,EQX1014,38.5816,-121.4944,0.0,1157.0,1157.0,474.8,13946.5,2.4,49.8,87.4,GOOD,10,295.3,,ONLINE,OFF
TEL-11674,2025-02-12 08:00:00,EQX1014,38.584978,-121.498952,34.6,1157.5,1157.5,474.9,13953.8,175.4,47.7,87.3,GOOD,21,77.5,,ONLINE,ON
TEL-11675,2025-02-12 09:00:00,EQX1014,38.585621,-121.496303,32.7,1158.0,1158.0,475.0,13960.5,161.3,45.8,87.2,GOOD,29,81.8,,ONLINE,ON
TEL-11676,2025-02-12 10:00:00,EQX1014,38.579381,-121.490389,25.7,1158.5,1158.5,475.1,13966.2,135.8,44.2,87.1,GOOD,19,3.1,,ONLINE,ON
TEL-11677,2025-02-12 11:00:00,EQX1014,38.577889,-121.492505,25.8,1159.0,1159.0,475.2,13970.3,100.1,43.0,87.0,GOOD,5,270.7,,ONLINE,ON
TEL-11678,2025-02-12 12:00:00,EQX1014,38.586035,-121.496835,19.7,1159.5,1159.5,475.3,13975.1,113.5,41.7,86.9,GOOD,12,85.4,,ONLINE,ON
TEL-11679,2025-02-12 13:00:00,EQX1014,38.58421,-121.495451,13.6,1160.0,1160.0,475.4,13982.5,178.1,39.5,86.8,GOOD,2,166.4,,ONLINE,ON
TEL-11680,2025-02-12 14:00:00,EQX1014,38.58129,-121.498307,19.9,1160.5,1160.5,475.5,13987.0,108.2,38.3,86.7,GOOD,5,25.1,,ONLINE,ON
TEL-11681,2025-02-12 15:00:00,EQX1014,38.580309,-121.492017,25.8,1161.0,1161.0,475.6,13991.3,102.5,37.0,86.6,GOOD,21,280.1,,ONLINE,ON
TEL-11682,2025-02-12 16:00:00,EQX1014,38.579779,-121.493712,28.0,1161.5,1161.5,475.7,13996.0,114.2,35.7,86.5,GOOD,30,75.2,,ONLINE,ON
TEL-11683,2025-02-12 17:00:00,EQX1014,38.577164,-121.4956,10.3,1162.0,1162.0,475.8,14001.9,140.4,34.0,86.4,GOOD,7,55.2,,ONLINE,ON
TEL-11684,2025-02-12 18:00:00,EQX1014,38.5816,-121.4944,0.0,1162.0,1162.0,475.8,14002.0,2.4,34.0,86.3,GOOD,27,132.2,,ONLINE,OFF
TEL-11685,2025-02-12 19:00:00,EQX1014,38.5816,-121.4944,0.0,1162.0,1162.0,475.8,14002.1,2.4,33.9,86.2,GOOD,5,43.0,,ONLINE,OFF
TEL-11686,2025-02-12 20:00:00,EQX1014,38.5816,-121.4944,0.0,1162.0,1162.0,475.8,14002.2,2.4,33.9,86.1,GOOD,13,155.4,,ONLINE,OFF
TEL-11687,2025-02-12 21:00:00,EQX1014,38.5816,-121.4944,0.0,1162.0,1162.0,475.8,14002.3,2.4,33.9,86.0,GOOD,10,111.1,,OFFLINE,OFF
TEL-11688,2025-02-12 22:00:00,EQX1014,38.5816,-121.4944,0.0,1162.0,1162.0,475.8,14002.4,2.4,33.9,85.9,GOOD,12,1.0,,ONLINE,OFF
TEL-11689,2025-02-12 23:00:00,EQX1014,38.5816,-121.4944,0.0,1162.0,1162.0,475.8,14002.5,2.4,33.8,85.8,GOOD,27,67.4,,ONLINE,OFF
TEL-11690,2025-02-13 00:00:00,EQX1014,38.5816,-121.4944,0.0,1162.0,1162.0,475.8,14002.6,2.4,33.8,85.7,GOOD,20,247.2,,ONLINE,OFF
TEL-11691,2025-02-13 01:00:00,EQX1014,38.5816,-121.4944,0.0,1162.0,1162.0,475.8,14002.7,2.4,33.8,85.6,GOOD,21,184.8,,ONLINE,OFF
TEL-11692,2025-02-13 02:00:00,EQX1014,38.5816,-121.4944,0.0,1162.0,1162.0,475.8,14002.8,2.4,33.7,85.5,GOOD,19,75.0,,ONLINE,OFF
TEL-11693,2025-02-13 03:00:00,EQX1014,38.5816,-121.4944,0.0,1162.0,1162.0,475.8,14002.9,2.4,33.7,85.4,GOOD,28,45.9,,ONLINE,OFF
TEL-11694,2025-02-13 04:00:00,EQX1014,38.5816,-121.4944,0.0,1162.0,1162.0,475.8,14003.0,2.4,33.7,85.3,GOOD,20,219.3,,ONLINE,OFF
TEL-11695,2025-02-13 05:00:00,EQX1014,38.5816,-121.4944,0.0,1162.0,1162.0,475.8,14003.1,2.4,33.7,85.2,GOOD,5,110.4,,ONLINE,OFF
TEL-11696,2025-02-13 06:00:00,EQX1014,38.5816,-121.4944,0.0,1162.0,1162.0,475.8,14003.2,2.4,33.6,85.1,GOOD,14,123.1,,OFFLINE,OFF
TEL-11697,2025-02-13 07:00:00,EQX1014,38.5816,-121.4944,0.0,1162.0,1162.0,475.8,14003.3,2.4,33.6,85.0,GOOD,4,252.0,,ONLINE,OFF
TEL-11698,2025-02-13 08:00:00,EQX1014,38.580777,-121.492066,15.6,1162.5,1162.5,475.9,14011.1,186.5,31.4,84.9,GOOD,11,101.3,,ONLINE,ON
TEL-11699,2025-02-13 09:00:00,EQX1014,38.57906,-121.492274,25.0,1163.0,1163.0,476.0,14015.6,108.7,30.1,84.8,GOOD,23,197.8,,ONLINE,ON
TEL-11700,2025-02-13 10:00:00,EQX1014,38.58424,-121.495318,23.6,1163.5,1163.5,476.1,14023.2,182.4,27.9,84.7,GOOD,4,141.1,,ONLINE,ON
TEL-11701,2025-02-13 11:00:00,EQX1014,38.586157,-121.490699,21.3,1164.0,1164.0,476.2,14029.0,139.4,26.3,84.6,GOOD,10,165.5,,ONLINE,ON
TEL-11702,2025-02-13 12:00:00,EQX1014,38.578403,-121.49497,9.7,1164.5,1164.5,476.3,14034.5,133.0,24.7,84.5,GOOD,21,51.7,,ONLINE,ON
TEL-11703,2025-02-13 13:00:00,EQX1014,38.583012,-121.493649,34.5,1165.0,1165.0,476.4,14041.3,161.3,22.8,84.4,GOOD,10,140.6,,ONLINE,ON
TEL-11704,2025-02-13 14:00:00,EQX1014,38.579762,-121.49007,31.0,1165.5,1165.5,476.5,14045.8,108.5,21.5,84.3,GOOD,28,10.6,,ONLINE,ON
TEL-11705,2025-02-13 15:00:00,EQX1014,38.585802,-121.490705,7.9,1166.0,1166.0,476.6,14050.0,102.2,20.2,84.2,GOOD,29,270.5,,OFFLINE,ON
TEL-11706,2025-02-13 16:00:00,EQX1014,38.585007,-121.495771,11.1,1166.5,1166.5,476.7,14054.6,110.4,18.9,84.1,GOOD,26,134.0,,ONLINE,ON
TEL-11707,2025-02-13 17:00:00,EQX1014,38.584623,-121.497802,15.2,1167.0,1167.0,476.8,14059.3,112.8,17.6,84.0,GOOD,3,159.7,,ONLINE,ON
TEL-11708,2025-02-13 18:00:00,EQX1014,38.5816,-121.4944,0.0,1167.0,1167.0,476.8,14059.4,2.4,17.6,83.9,GOOD,15,210.0,,ONLINE,OFF
TEL-11709,2025-02-13 19:00:00,EQX1014,38.5816,-121.4944,0.0,1167.0,1167.0,476.8,14059.5,2.4,17.5,83.8,GOOD,3,199.2,,ONLINE,OFF
TEL-11710,2025-02-13 20:00:00,EQX1014,38.5816,-121.4944,0.0,1167.0,1167.0,476.8,14059.6,2.4,17.5,83.7,GOOD,4,264.1,,ONLINE,OFF
TEL-11711,2025-02-13 21:00:00,EQX1014,38.5816,-121.4944,0.0,1167.0,1167.0,476.8,14059.7,2.4,17.5,83.6,GOOD,18,206.4,,ONLINE,OFF
TEL-11712,2025-02-13 22:00:00,EQX1014,38.5816,-121.4944,0.0,1167.0,1167.0,476.8,14059.8,2.4,17.4,83.5,GOOD,5,134.2,,ONLINE,OFF
TEL-11713,2025-02-13 23:00:00,EQX1014,38.5816,-121.4944,0.0,1167.0,1167.0,476.8,14059.9,2.4,17.4,83.4,GOOD,11,265.7,,OFFLINE,OFF
TEL-11714,2025-02-14 00:00:00,EQX1014,38.5816,-121.4944,0.0,1167.0,1167.0,476.8,14060.0,2.4,17.4,83.3,GOOD,4,187.2,,ONLINE,OFF
TEL-11715,2025-02-14 01:00:00,EQX1014,38.5816,-121.4944,0.0,1167.0,1167.0,476.8,14060.1,2.4,17.4,83.2,GOOD,29,237.3,,ONLINE,OFF
TEL-11716,2025-02-14 02:00:00,EQX1014,38.5816,-121.4944,0.0,1167.0,1167.0,476.8,14060.2,2.4,17.3,83.1,GOOD,22,237.8,,ONLINE,OFF
TEL-11717,2025-02-14 03:00:00,EQX1014,38.5816,-121.4944,0.0,1167.0,1167.0,476.8,14060.3,2.4,17.3,83.0,GOOD,15,4.8,,ONLINE,OFF
TEL-11718,2025-02-14 04:00:00,EQX1014,38.5816,-121.4944,0.0,1167.0,1167.0,476.8,14060.4,2.4,17.3,82.9,GOOD,27,75.8,,ONLINE,OFF
TEL-11719,2025-02-14 05:00:00,EQX1014,38.5816,-121.4944,0.0,1167.0,1167.0,476.8,14060.5,2.4,17.2,82.8,GOOD,0,146.9,,ONLINE,OFF
TEL-11720,2025-02-14 06:00:00,EQX1014,38.5816,-121.4944,0.0,1167.0,1167.0,476.8,14060.6,2.4,17.2,82.7,GOOD,9,78.9,,ONLINE,OFF
TEL-11721,2025-02-14 07:00:00,EQX1014,38.5816,-121.4944,0.0,1167.0,1167.0,476.8,14060.7,2.4,17.2,82.6,GOOD,24,197.0,,ONLINE,OFF
TEL-11722,2025-02-14 08:00:00,EQX1014,38.58532,-121.490135,24.8,1167.5,1167.5,476.9,14066.1,127.9,15.7,82.5,WARNING,0,90.8,P0420,ONLINE,ON
TEL-11723,2025-02-14 09:00:00,EQX1014,38.583553,-121.496697,11.0,1168.0,1168.0,477.0,14071.9,141.1,14.0,82.4,GOOD,16,256.1,,ONLINE,ON
TEL-11724,2025-02-14 10:00:00,EQX1014,38.586029,-121.492209,28.5,1168.5,1168.5,477.1,14077.6,135.1,12.4,82.3,GOOD,8,25.0,,ONLINE,ON
TEL-11725,2025-02-14 11:00:00,EQX1014,38.585733,-121.490785,18.5,1169.0,1169.0,477.2,14084.3,160.6,10.5,82.2,GOOD,4,241.9,,ONLINE,ON
TEL-11726,2025-02-14 12:00:00,EQX1014,38.57814,-121.491385,8.2,1169.5,1169.5,477.3,14088.6,103.2,95.0,82.1,GOOD,0,216.9,,ONLINE,ON
TEL-11727,2025-02-14 13:00:00,EQX1014,38.577304,-121.493572,27.1,1170.0,1170.0,477.4,14093.9,128.6,93.5,82.0,GOOD,20,262.0,,ONLINE,ON
TEL-11728,2025-02-14 14:00:00,EQX1014,38.583641,-121.497405,28.6,1170.5,1170.5,477.5,14098.3,106.1,92.2,81.9,GOOD,2,215.5,,ONLINE,ON
TEL-11729,2025-02-14 15:00:00,EQX1014,38.578702,-121.49223,7.7,1171.0,1171.0,477.6,14104.1,137.5,90.6,81.8,GOOD,6,142.8,,ONLINE,ON
TEL-11730,2025-02-14 16:00:00,EQX1014,38.578461,-121.496519,10.9,1171.5,1171.5,477.7,14112.0,190.8,88.3,81.7,GOOD,1,132.8,,ONLINE,ON
TEL-11731,2025-02-14 17:00:00,EQX1014,38.579233,-121.490618,20.2,1172.0,1172.0,477.8,14116.3,103.7,87.1,81.6,GOOD,3,210.9,,ONLINE,ON
TEL-11732,2025-02-14 18:00:00,EQX1014,38.5816,-121.4944,0.0,1172.0,1172.0,477.8,14116.4,2.4,87.0,81.5,GOOD,7,48.7,,ONLINE,OFF
TEL-11733,2025-02-14 19:00:00,EQX1014,38.5816,-121.4944,0.0,1172.0,1172.0,477.8,14116.5,2.4,87.0,81.4,GOOD,16,192.2,,ONLINE,OFF
TEL-11734,2025-02-14 20:00:00,EQX1014,38.5816,-121.4944,0.0,1172.0,1172.0,477.8,14116.6,2.4,87.0,81.3,GOOD,7,159.2,,ONLINE,OFF
TEL-11735,2025-02-14 21:00:00,EQX1014,38.5816,-121.4944,0.0,1172.0,1172.0,477.8,14116.7,2.4,86.9,81.2,GOOD,24,48.4,,ONLINE,OFF
TEL-11736,2025-02-14 22:00:00,EQX1014,38.5816,-121.4944,0.0,1172.0,1172.0,477.8,14116.8,2.4,86.9,81.1,GOOD,1,186.0,,ONLINE,OFF
TEL-11737,2025-02-14 23:00:00,EQX1014,38.5816,-121.4944,0.0,1172.0,1172.0,477.8,14116.9,2.4,86.9,81.0,GOOD,22,133.8,,ONLINE,OFF
TEL-11738,2025-02-15 00:00:00,EQX1014,38.5816,-121.4944,0.0,1172.0,1172.0,477.8,14117.0,2.4,86.9,80.9,GOOD,24,274.9,,ONLINE,OFF
TEL-11739,2025-02-15 01:00:00,EQX1014,38.5816,-121.4944,0.0,1172.0,1172.0,477.8,14117.1,2.4,86.8,80.8,GOOD,2,170.8,,ONLINE,OFF
TEL-11740,2025-02-15 02:00:00,EQX1014,38.5816,-121.4944,0.0,1172.0,1172.0,477.8,14117.2,2.4,86.8,80.7,GOOD,25,144.1,,ONLINE,OFF
TEL-11741,2025-02-15 03:00:00,EQX1014,38.5816,-121.4944,0.0,1172.0,1172.0,477.8,14117.3,2.4,86.8,80.6,GOOD,23,57.1,,ONLINE,OFF
TEL-11742,2025-02-15 04:00:00,EQX1014,38.5816,-121.4944,0.0,1172.0,1172.0,477.8,14117.4,2.4,86.7,80.5,WARNING,13,139.5,P0217,ONLINE,OFF
TEL-11743,2025-02-15 05:00:00,EQX1014,38.5816,-121.4944,0.0,1172.0,1172.0,477.8,14117.5,2.4,86.7,80.4,GOOD,12,139.1,,ONLINE,OFF
TEL-11744,2025-02-15 06:00:00,EQX1014,38.5816,-121.4944,0.0,1172.0,1172.0,477.8,14117.6,2.4,86.7,80.3,GOOD,24,115.7,,ONLINE,OFF
TEL-11745,2025-02-15 07:00:00,EQX1014,38.5816,-121.4944,0.0,1172.0,1172.0,477.8,14117.7,2.4,86.7,80.2,GOOD,12,296.9,,ONLINE,OFF
TEL-11746,2025-02-15 08:00:00,EQX1014,38.584514,-121.492782,24.0,1172.5,1172.5,477.9,14123.3,134.4,85.1,80.1,GOOD,5,65.1,,OFFLINE,ON
TEL-11747,2025-02-15 09:00:00,EQX1014,38.578578,-121.494427,5.5,1173.0,1173.0,478.0,14129.2,141.4,83.4,80.0,GOOD,27,164.8,,ONLINE,ON
TEL-11748,2025-02-15 10:00:00,EQX1014,38.580929,-121.489927,11.8,1173.5,1173.5,478.1,14135.2,142.8,81.7,79.9,GOOD,1,106.0,,ONLINE,ON
TEL-11749,2025-02-15 11:00:00,EQX1014,38.582678,-121.497985,8.2,1174.0,1174.0,478.2,14143.0,187.4,79.4,79.8,GOOD,6,124.9,,ONLINE,ON
TEL-11750,2025-02-15 12:00:00,EQX1014,38.582905,-121.492559,5.4,1174.5,1174.5,478.3,14148.2,125.5,78.0,79.7,GOOD,4,158.9,,ONLINE,ON
TEL-11751,2025-06-01 08:00:00,EQX1015,37.7736,-122.421939,22.0,1392.0,1392.0,434.3,18186.6,141.4,83.3,65.0,GOOD,29,261.6,,OFFLINE,ON
TEL-11752,2025-06-01 09:00:00,EQX1015,37.777768,-122.41885,14.4,1392.5,1392.5,434.4,18194.2,183.8,81.1,64.9,GOOD,6,270.6,,ONLINE,ON
TEL-11753,2025-06-01 10:00:00,EQX1015,37.779014,-122.417319,34.0,1393.0,1393.0,434.5,18201.4,171.1,79.1,64.8,GOOD,7,146.6,,ONLINE,ON
TEL-11754,2025-06-01 11:00:00,EQX1015,37.770856,-122.416898,19.1,1393.5,1393.5,434.6,18205.5,97.9,77.9,64.7,GOOD,15,138.8,,ONLINE,ON
TEL-11755,2025-06-01 12:00:00,EQX1015,37.770569,-122.420504,32.0,1394.0,1394.0,434.7,18213.3,187.0,75.7,64.6,GOOD,22,42.9,,ONLINE,ON
TEL-11756,2025-06-01 13:00:00,EQX1015,37.776231,-122.421128,30.4,1394.5,1394.5,434.8,18217.5,101.8,74.5,64.5,GOOD,4,235.1,,ONLINE,ON
TEL-11757,2025-06-01 14:00:00,EQX1015,37.778732,-122.422399,33.7,1395.0,1395.0,434.9,18223.4,142.6,72.8,64.4,GOOD,29,179.3,,ONLINE,ON
TEL-11758,2025-06-01 15:00:00,EQX1015,37.771849,-122.416412,8.6,1395.5,1395.5,435.0,18230.4,166.3,70.8,64.3,GOOD,13,210.2,,ONLINE,ON
TEL-11759,2025-06-01 16:00:00,EQX1015,37.772861,-122.424112,30.6,1396.0,1396.0,435.1,18235.6,124.6,69.3,64.2,GOOD,11,139.5,,ONLINE,ON
TEL-11760,2025-06-01 17:00:00,EQX1015,37.775453,-122.418462,32.3,1396.5,1396.5,435.2,18240.1,110.2,68.0,64.1,GOOD,8,136.8,,ONLINE,ON
TEL-11761,2025-06-01 18:00:00,EQX1015,37.7749,-122.4194,0.0,1396.5,1396.5,435.2,18240.2,2.4,68.0,64.0,GOOD,18,38.6,,ONLINE,OFF
TEL-11762,2025-06-01 19:00:00,EQX1015,37.7749,-122.4194,0.0,1396.5,1396.5,435.2,18240.3,2.4,68.0,63.9,GOOD,17,143.1,,ONLINE,OFF
TEL-11763,2025-06-01 20:00:00,EQX1015,37.7749,-122.4194,0.0,1396.5,1396.5,435.2,18240.4,2.4,67.9,63.8,GOOD,0,188.7,,ONLINE,OFF
TEL-11764,2025-06-01 21:00:00,EQX1015,37.7749,-122.4194,0.0,1396.5,1396.5,435.2,18240.5,2.4,67.9,63.7,GOOD,26,228.2,,ONLINE,OFF
TEL-11765,2025-06-01 22:00:00,EQX1015,37.7749,-122.4194,0.0,1396.5,1396.5,435.2,18240.6,2.4,67.9,63.6,GOOD,1,265.0,,ONLINE,OFF
TEL-11766,2025-06-01 23:00:00,EQX1015,37.7749,-122.4194,0.0,1396.5,1396.5,435.2,18240.7,2.4,67.8,63.5,GOOD,2,278.1,,ONLINE,OFF
TEL-11767,2025-06-02 00:00:00,EQX1015,37.7749,-122.4194,0.0,1396.5,1396.5,435.2,18240.8,2.4,67.8,63.4,GOOD,22,70.5,,ONLINE,OFF
TEL-11768,2025-06-02 01:00:00,EQX1015,37.7749,-122.4194,0.0,1396.5,1396.5,435.2,18240.9,2.4,67.8,63.3,GOOD,13,103.1,,ONLINE,OFF
TEL-11769,2025-06-02 02:00:00,EQX1015,37.7749,-122.4194,0.0,1396.5,1396.5,435.2,18241.0,2.4,67.8,63.2,GOOD,13,192.5,,ONLINE,OFF
TEL-11770,2025-06-02 03:00:00,EQX1015,37.7749,-122.4194,0.0,1396.5,1396.5,435.2,18241.1,2.4,67.7,63.1,GOOD,26,62.2,,ONLINE,OFF
TEL-11771,2025-06-02 04:00:00,EQX1015,37.7749,-122.4194,0.0,1396.5,1396.5,435.2,18241.2,2.4,67.7,63.0,GOOD,7,71.8,,ONLINE,OFF
TEL-11772,2025-06-02 05:00:00,EQX1015,37.7749,-122.4194,0.0,1396.5,1396.5,435.2,18241.3,2.4,67.7,62.9,GOOD,26,209.2,,ONLINE,OFF
TEL-11773,2025-06-02 06:00:00,EQX1015,37.7749,-122.4194,0.0,1396.5,1396.5,435.2,18241.4,2.4,67.6,62.8,WARNING,30,45.8,P0087,ONLINE,OFF
TEL-11774,2025-06-02 07:00:00,EQX1015,37.7749,-122.4194,0.0,1396.5,1396.5,435.2,18241.5,2.4,67.6,62.7,GOOD,24,190.3,,ONLINE,OFF
TEL-11775,2025-06-02 08:00:00,EQX1015,37.770135,-122.417253,16.9,1397.0,1397.0,435.3,18247.6,145.0,65.9,62.6,GOOD,6,176.9,,ONLINE,ON
TEL-11776,2025-06-02 09:00:00,EQX1015,37.776918,-122.418584,11.3,1397.5,1397.5,435.4,18253.9,151.9,64.1,62.5,GOOD,5,119.2,,OFFLINE,ON
TEL-11777,2025-06-02 10:00:00,EQX1015,37.776128,-122.421744,9.6,1398.0,1398.0,435.5,18257.9,96.7,62.9,62.4,GOOD,26,60.5,,ONLINE,ON
TEL-11778,2025-06-02 11:00:00,EQX1015,37.772503,-122.423208,23.2,1398.5,1398.5,435.6,18263.3,128.2,61.4,62.3,GOOD,19,290.3,,ONLINE,ON
TEL-11779,2025-06-02 12:00:00,EQX1015,37.771027,-122.420525,25.2,1399.0,1399.0,435.7,18270.4,169.9,59.4,62.2,GOOD,6,60.0,,ONLINE,ON
TEL-11780,2025-06-02 13:00:00,EQX1015,37.776642,-122.415533,22.1,1399.5,1399.5,435.8,18277.3,167.8,57.4,62.1,GOOD,1,194.3,,ONLINE,ON
TEL-11781,2025-06-02 14:00:00,EQX1015,37.772068,-122.424162,11.9,1400.0,1400.0,435.9,18284.9,181.4,55.2,62.0,WARNING,27,100.2,P0087,ONLINE,ON
TEL-11782,2025-06-02 15:00:00,EQX1015,37.774479,-122.420492,20.0,1400.5,1400.5,436.0,18291.8,165.1,53.3,61.9,GOOD,15,168.2,,ONLINE,ON
TEL-11783,2025-06-02 16:00:00,EQX1015,37.772385,-122.418236,13.6,1401.0,1401.0,436.1,18299.7,190.8,51.0,61.8,GOOD,19,15.0,,ONLINE,ON
TEL-11784,2025-06-02 17:00:00,EQX1015,37.774351,-122.417113,5.3,1401.5,1401.5,436.2,18304.8,122.4,49.5,61.7,GOOD,11,64.6,,OFFLINE,ON
TEL-11785,2025-06-02 18:00:00,EQX1015,37.7749,-122.4194,0.0,1401.5,1401.5,436.2,18304.9,2.4,49.5,61.6,GOOD,2,84.0,,ONLINE,OFF
TEL-11786,2025-06-02 19:00:00,EQX1015,37.7749,-122.4194,0.0,1401.5,1401.5,436.2,18305.0,2.4,49.5,61.5,GOOD,3,90.6,,ONLINE,OFF
TEL-11787,2025-06-02 20:00:00,EQX1015,37.7749,-122.4194,0.0,1401.5,1401.5,436.2,18305.1,2.4,49.4,61.4,GOOD,25,274.4,,ONLINE,OFF
TEL-11788,2025-06-02 21:00:00,EQX1015,37.7749,-122.4194,0.0,1401.5,1401.5,436.2,18305.2,2.4,49.4,61.3,GOOD,25,9.1,,ONLINE,OFF
TEL-11789,2025-06-02 22:00:00,EQX1015,37.7749,-122.4194,0.0,1401.5,1401.5,436.2,18305.3,2.4,49.4,61.2,CRITICAL,23,70.4,P0017,ONLINE,OFF
TEL-11790,2025-06-02 23:00:00,EQX1015,37.7749,-122.4194,0.0,1401.5,1401.5,436.2,18305.4,2.4,49.4,61.1,GOOD,8,6.8,,ONLINE,OFF
TEL-11791,2025-06-03 00:00:00,EQX1015,37.7749,-122.4194,0.0,1401.5,1401.5,436.2,18305.5,2.4,49.3,61.0,GOOD,6,19.5,,ONLINE,OFF
TEL-11792,2025-06-03 01:00:00,EQX1015,37.7749,-122.4194,0.0,1401.5,1401.5,436.2,18305.6,2.4,49.3,60.9,WARNING,13,249.1,P0300,ONLINE,OFF
TEL-11793,2025-06-03 02:00:00,EQX1015,37.7749,-122.4194,0.0,1401.5,1401.5,436.2,18305.7,2.4,49.3,60.8,GOOD,1,197.0,,ONLINE,OFF
TEL-11794,2025-06-03 03:00:00,EQX1015,37.7749,-122.4194,0.0,1401.5,1401.5,436.2,18305.8,2.4,49.2,60.7,GOOD,23,143.8,,ONLINE,OFF
TEL-11795,2025-06-03 04:00:00,EQX1015,37.7749,-122.4194,0.0,1401.5,1401.5,436.2,18305.9,2.4,49.2,60.6,WARNING,30,261.6,P0217,ONLINE,OFF
TEL-11796,2025-06-03 05:00:00,EQX1015,37.7749,-122.4194,0.0,1401.5,1401.5,436.2,18306.0,2.4,49.2,60.5,CRITICAL,1,262.1,P0562,ONLINE,OFF
TEL-11797,2025-06-03 06:00:00,EQX1015,37.7749,-122.4194,0.0,1401.5,1401.5,436.2,18306.1,2.4,49.2,60.4,GOOD,15,237.6,,ONLINE,OFF
TEL-11798,2025-06-03 07:00:00,EQX1015,37.7749,-122.4194,0.0,1401.5,1401.5,436.2,18306.2,2.4,49.1,60.3,GOOD,2,179.4,,ONLINE,OFF
TEL-11799,2025-06-03 08:00:00,EQX1015,37.776486,-122.420687,18.7,1402.0,1402.0,436.3,18312.1,141.4,47.4,60.2,GOOD,23,191.8,,ONLINE,ON
TEL-11800,2025-06-03 09:00:00,EQX1015,37.779735,-122.416727,17.2,1402.5,1402.5,436.4,18318.4,151.7,45.6,60.1,GOOD,28,148.4,,ONLINE,ON
TEL-11801,2025-06-03 10:00:00,EQX1015,37.775922,-122.415552,21.3,1403.0,1403.0,436.5,18323.9,130.6,44.1,60.0,GOOD,14,135.2,,ONLINE,ON
TEL-11802,2025-06-03 11:00:00,EQX1015,37.773335,-122.415217,21.2,1403.5,1403.5,436.6,18330.6,161.3,42.2,59.9,GOOD,10,162.1,,ONLINE,ON
TEL-11803,2025-06-03 12:00:00,EQX1015,37.771295,-122.416237,30.0,1404.0,1404.0,436.7,18335.2,111.4,40.8,59.8,GOOD,2,247.0,,ONLINE,ON
TEL-11804,2025-06-03 13:00:00,EQX1015,37.775096,-122.418645,31.4,1404.5,1404.5,436.8,18343.2,191.0,38.6,59.7,GOOD,30,49.4,,ONLINE,ON
TEL-11805,2025-06-03 14:00:00,EQX1015,37.771069,-122.417081,11.8,1405.0,1405.0,436.9,18350.0,164.2,36.6,59.6,GOOD,12,156.9,,ONLINE,ON
TEL-11806,2025-06-03 15:00:00,EQX1015,37.77398,-122.416884,29.6,1405.5,1405.5,437.0,18354.9,117.1,35.2,59.5,GOOD,14,46.7,,ONLINE,ON
TEL-11807,2025-06-03 16:00:00,EQX1015,37.778832,-122.414707,25.8,1406.0,1406.0,437.1,18361.9,168.2,33.2,59.4,GOOD,29,21.7,,ONLINE,ON
TEL-11808,2025-06-03 17:00:00,EQX1015,37.778152,-122.41898,33.5,1406.5,1406.5,437.2,18366.9,119.3,31.8,59.3,GOOD,0,4.9,,ONLINE,ON
TEL-11809,2025-06-03 18:00:00,EQX1015,37.7749,-122.4194,0.0,1406.5,1406.5,437.2,18367.0,2.4,31.8,59.2,GOOD,21,21.4,,ONLINE,OFF
TEL-11810,2025-06-03 19:00:00,EQX1015,37.7749,-122.4194,0.0,1406.5,1406.5,437.2,18367.1,2.4,31.7,59.1,GOOD,11,198.5,,ONLINE,OFF
TEL-11811,2025-06-03 20:00:00,EQX1015,37.7749,-122.4194,0.0,1406.5,1406.5,437.2,18367.2,2.4,31.7,59.0,GOOD,11,62.5,,OFFLINE,OFF
TEL-11812,2025-06-03 21:00:00,EQX1015,37.7749,-122.4194,0.0,1406.5,1406.5,437.2,18367.3,2.4,31.7,58.9,GOOD,19,178.0,,ONLINE,OFF
TEL-11813,2025-06-03 22:00:00,EQX1015,37.7749,-122.4194,0.0,1406.5,1406.5,437.2,18367.4,2.4,31.7,58.8,GOOD,11,9.3,,ONLINE,OFF
TEL-11814,2025-06-03 23:00:00,EQX1015,37.7749,-122.4194,0.0,1406.5,1406.5,437.2,18367.5,2.4,31.6,58.7,GOOD,17,230.9,,ONLINE,OFF
TEL-11815,2025-06-04 00:00:00,EQX1015,37.7749,-122.4194,0.0,1406.5,1406.5,437.2,18367.6,2.4,31.6,58.6,GOOD,30,291.4,,ONLINE,OFF
TEL-11816,2025-06-04 01:00:00,EQX1015,37.7749,-122.4194,0.0,1406.5,1406.5,437.2,18367.7,2.4,31.6,58.5,WARNING,30,146.2,P0017,ONLINE,OFF
TEL-11817,2025-06-04 02:00:00,EQX1015,37.7749,-122.4194,0.0,1406.5,1406.5,437.2,18367.8,2.4,31.5,58.4,GOOD,2,73.6,,ONLINE,OFF
TEL-11818,2025-06-04 03:00:00,EQX1015,37.7749,-122.4194,0.0,1406.5,1406.5,437.2,18367.9,2.4,31.5,58.3,GOOD,12,224.7,,ONLINE,OFF
TEL-11819,2025-06-04 04:00:00,EQX1015,37.7749,-122.4194,0.0,1406.5,1406.5,437.2,18368.0,2.4,31.5,58.2,GOOD,9,165.8,,ONLINE,OFF
TEL-11820,2025-06-04 05:00:00,EQX1015,37.7749,-122.4194,0.0,1406.5,1406.5,437.2,18368.1,2.4,31.5,58.1,GOOD,3,3.1,,ONLINE,OFF
TEL-11821,2025-06-04 06:00:00,EQX1015,37.7749,-122.4194,0.0,1406.5,1406.5,437.2,18368.2,2.4,31.4,58.0,GOOD,29,151.9,,ONLINE,OFF
TEL-11822,2025-06-04 07:00:00,EQX1015,37.7749,-122.4194,0.0,1406.5,1406.5,437.2,18368.3,2.4,31.4,57.9,GOOD,18,116.5,,ONLINE,OFF
TEL-11823,2025-06-04 08:00:00,EQX1015,37.775757,-122.417418,32.7,1407.0,1407.0,437.3,18374.9,158.6,29.5,57.8,GOOD,9,256.1,,ONLINE,ON
TEL-11824,2025-06-04 09:00:00,EQX1015,37.776768,-122.414714,6.2,1407.5,1407.5,437.4,18381.3,153.6,27.7,57.7,GOOD,7,1.7,,ONLINE,ON
TEL-11825,2025-06-04 10:00:00,EQX1015,37.777625,-122.423961,28.3,1408.0,1408.0,437.5,18388.5,173.5,25.6,57.6,GOOD,21,175.1,,ONLINE,ON
TEL-11826,2025-06-04 11:00:00,EQX1015,37.77938,-122.423239,19.8,1408.5,1408.5,437.6,18395.4,164.6,23.7,57.5,GOOD,30,181.6,,ONLINE,ON
TEL-11827,2025-06-04 12:00:00,EQX1015,37.7742,-122.417316,5.7,1409.0,1409.0,437.7,18401.4,143.5,21.9,57.4,GOOD,17,31.9,,ONLINE,ON
TEL-11828,2025-06-04 13:00:00,EQX1015,37.774123,-122.423748,19.2,1409.5,1409.5,437.8,18406.5,122.9,20.5,57.3,GOOD,11,142.4,,ONLINE,ON
TEL-11829,2025-06-04 14:00:00,EQX1015,37.771275,-122.424159,20.2,1410.0,1410.0,437.9,18411.5,119.3,19.1,57.2,GOOD,6,133.8,,ONLINE,ON
TEL-11830,2025-06-04 15:00:00,EQX1015,37.770568,-122.4165,34.9,1410.5,1410.5,438.0,18417.0,131.8,17.5,57.1,GOOD,17,11.9,,ONLINE,ON
TEL-11831,2025-06-04 16:00:00,EQX1015,37.773807,-122.420681,11.1,1411.0,1411.0,438.1,18422.2,124.8,16.0,57.0,CRITICAL,21,79.8,P0420,ONLINE,ON
TEL-11832,2025-06-04 17:00:00,EQX1015,37.773095,-122.421963,20.9,1411.5,1411.5,438.2,18427.4,125.0,14.5,56.9,GOOD,21,142.4,,ONLINE,ON
TEL-11833,2025-06-04 18:00:00,EQX1015,37.7749,-122.4194,0.0,1411.5,1411.5,438.2,18427.5,2.4,14.5,56.8,GOOD,20,188.1,,ONLINE,OFF
TEL-11834,2025-06-04 19:00:00,EQX1015,37.7749,-122.4194,0.0,1411.5,1411.5,438.2,18427.6,2.4,14.5,56.7,GOOD,27,153.0,,ONLINE,OFF
TEL-11835,2025-06-04 20:00:00,EQX1015,37.7749,-122.4194,0.0,1411.5,1411.5,438.2,18427.7,2.4,14.4,56.6,GOOD,2,169.8,,ONLINE,OFF
TEL-11836,2025-06-04 21:00:00,EQX1015,37.7749,-122.4194,0.0,1411.5,1411.5,438.2,18427.8,2.4,14.4,56.5,GOOD,11,281.3,,ONLINE,OFF
TEL-11837,2025-06-04 22:00:00,EQX1015,37.7749,-122.4194,0.0,1411.5,1411.5,438.2,18427.9,2.4,14.4,56.4,GOOD,1,261.2,,ONLINE,OFF
TEL-11838,2025-06-04 23:00:00,EQX1015,37.7749,-122.4194,0.0,1411.5,1411.5,438.2,18428.0,2.4,14.3,56.3,WARNING,23,279.2,P0562,ONLINE,OFF
TEL-11839,2025-06-05 00:00:00,EQX1015,37.7749,-122.4194,0.0,1411.5,1411.5,438.2,18428.1,2.4,14.3,56.2,GOOD,23,272.3,,ONLINE,OFF
TEL-11840,2025-06-05 01:00:00,EQX1015,37.7749,-122.4194,0.0,1411.5,1411.5,438.2,18428.2,2.4,14.3,56.1,GOOD,13,193.8,,ONLINE,OFF
TEL-11841,2025-06-05 02:00:00,EQX1015,37.7749,-122.4194,0.0,1411.5,1411.5,438.2,18428.3,2.4,14.3,56.0,GOOD,9,149.1,,ONLINE,OFF
TEL-11842,2025-06-05 03:00:00,EQX1015,37.7749,-122.4194,0.0,1411.5,1411.5,438.2,18428.4,2.4,14.2,55.9,GOOD,17,25.5,,ONLINE,OFF
TEL-11843,2025-06-05 04:00:00,EQX1015,37.7749,-122.4194,0.0,1411.5,1411.5,438.2,18428.5,2.4,14.2,55.8,GOOD,11,83.2,,ONLINE,OFF
TEL-11844,2025-06-05 05:00:00,EQX1015,37.7749,-122.4194,0.0,1411.5,1411.5,438.2,18428.6,2.4,14.2,55.7,GOOD,10,91.0,,ONLINE,OFF
TEL-11845,2025-06-05 06:00:00,EQX1015,37.7749,-122.4194,0.0,1411.5,1411.5,438.2,18428.7,2.4,14.1,55.6,GOOD,30,141.0,,ONLINE,OFF
TEL-11846,2025-06-05 07:00:00,EQX1015,37.7749,-122.4194,0.0,1411.5,1411.5,438.2,18428.8,2.4,14.1,55.5,GOOD,18,208.6,,ONLINE,OFF
TEL-11847,2025-06-05 08:00:00,EQX1015,37.77564,-122.419707,32.7,1412.0,1412.0,438.3,18435.2,154.1,12.3,55.4,GOOD,10,159.8,,ONLINE,ON
TEL-11848,2025-06-05 09:00:00,EQX1015,37.779242,-122.415652,23.5,1412.5,1412.5,438.4,18439.4,102.0,11.1,55.3,GOOD,29,271.7,,ONLINE,ON
TEL-11849,2025-06-05 10:00:00,EQX1015,37.772963,-122.416143,32.2,1413.0,1413.0,438.5,18445.7,150.2,95.0,55.2,GOOD,8,179.3,,ONLINE,ON
TEL-11850,2025-06-05 11:00:00,EQX1015,37.777769,-122.416378,25.1,1413.5,1413.5,438.6,18450.5,114.0,93.6,55.1,GOOD,21,108.4,,ONLINE,ON
TEL-11851,2025-06-05 12:00:00,EQX1015,37.775717,-122.422666,21.3,1414.0,1414.0,438.7,18455.7,126.7,92.1,55.0,GOOD,20,74.1,,ONLINE,ON
TEL-11852,2025-06-05 13:00:00,EQX1015,37.778773,-122.416304,22.9,1414.5,1414.5,438.8,18462.3,156.7,90.3,54.9,GOOD,22,81.2,,ONLINE,ON
TEL-11853,2025-06-05 14:00:00,EQX1015,37.77596,-122.421875,22.0,1415.0,1415.0,438.9,18468.4,147.6,88.5,54.8,GOOD,12,1.0,,ONLINE,ON
TEL-11854,2025-06-05 15:00:00,EQX1015,37.774448,-122.414491,10.7,1415.5,1415.5,439.0,18476.2,185.8,86.3,54.7,GOOD,18,126.1,,ONLINE,ON
TEL-11855,2025-06-05 16:00:00,EQX1015,37.774796,-122.423319,13.0,1416.0,1416.0,439.1,18484.1,190.3,84.0,54.6,GOOD,4,54.3,,ONLINE,ON
TEL-11856,2025-06-05 17:00:00,EQX1015,37.778372,-122.421626,15.8,1416.5,1416.5,439.2,18491.3,173.0,82.0,54.5,GOOD,25,28.8,,ONLINE,ON
TEL-11857,2025-06-05 18:00:00,EQX1015,37.7749,-122.4194,0.0,1416.5,1416.5,439.2,18491.4,2.4,81.9,54.4,GOOD,21,170.0,,ONLINE,OFF
TEL-11858,2025-06-05 19:00:00,EQX1015,37.7749,-122.4194,0.0,1416.5,1416.5,439.2,18491.5,2.4,81.9,54.3,GOOD,8,85.3,,OFFLINE,OFF
TEL-11859,2025-06-05 20:00:00,EQX1015,37.7749,-122.4194,0.0,1416.5,1416.5,439.2,18491.6,2.4,81.9,54.2,GOOD,24,80.0,,ONLINE,OFF
TEL-11860,2025-06-05 21:00:00,EQX1015,37.7749,-122.4194,0.0,1416.5,1416.5,439.2,18491.7,2.4,81.9,54.1,GOOD,17,175.2,,ONLINE,OFF
TEL-11861,2025-06-05 22:00:00,EQX1015,37.7749,-122.4194,0.0,1416.5,1416.5,439.2,18491.8,2.4,81.8,54.0,GOOD,12,60.9,,ONLINE,OFF
TEL-11862,2025-06-05 23:00:00,EQX1015,37.7749,-122.4194,0.0,1416.5,1416.5,439.2,18491.9,2.4,81.8,53.9,GOOD,23,184.2,,ONLINE,OFF
TEL-11863,2025-06-06 00:00:00,EQX1015,37.7749,-122.4194,0.0,1416.5,1416.5,439.2,18492.0,2.4,81.8,53.8,GOOD,7,253.6,,ONLINE,OFF
TEL-11864,2025-06-06 01:00:00,EQX1015,37.7749,-122.4194,0.0,1416.5,1416.5,439.2,18492.1,2.4,81.7,53.7,GOOD,5,275.3,,ONLINE,OFF
TEL-11865,2025-06-06 02:00:00,EQX1015,37.7749,-122.4194,0.0,1416.5,1416.5,439.2,18492.2,2.4,81.7,53.6,WARNING,9,130.6,P0562,ONLINE,OFF
TEL-11866,2025-06-06 03:00:00,EQX1015,37.7749,-122.4194,0.0,1416.5,1416.5,439.2,18492.3,2.4,81.7,53.5,GOOD,7,30.1,,ONLINE,OFF
TEL-11867,2025-06-06 04:00:00,EQX1015,37.7749,-122.4194,0.0,1416.5,1416.5,439.2,18492.4,2.4,81.7,53.4,GOOD,23,266.4,,ONLINE,OFF
TEL-11868,2025-06-06 05:00:00,EQX1015,37.7749,-122.4194,0.0,1416.5,1416.5,439.2,18492.5,2.4,81.6,53.3,GOOD,24,81.5,,ONLINE,OFF
TEL-11869,2025-06-06 06:00:00,EQX1015,37.7749,-122.4194,0.0,1416.5,1416.5,439.2,18492.6,2.4,81.6,53.2,GOOD,16,102.7,,ONLINE,OFF
TEL-11870,2025-06-06 07:00:00,EQX1015,37.7749,-122.4194,0.0,1416.5,1416.5,439.2,18492.7,2.4,81.6,53.1,GOOD,14,182.0,,OFFLINE,OFF
TEL-11871,2025-06-06 08:00:00,EQX1015,37.776889,-122.420623,16.2,1417.0,1417.0,439.3,18499.5,163.4,79.6,53.0,GOOD,10,106.0,,ONLINE,ON
TEL-11872,2025-06-06 09:00:00,EQX1015,37.773694,-122.415623,13.2,1417.5,1417.5,439.4,18506.4,164.6,77.7,52.9,GOOD,18,73.2,,ONLINE,ON
TEL-11873,2025-06-06 10:00:00,EQX1015,37.773789,-122.420948,25.9,1418.0,1418.0,439.5,18512.2,139.4,76.0,52.8,GOOD,23,133.6,,ONLINE,ON
TEL-11874,2025-06-06 11:00:00,EQX1015,37.772591,-122.415284,17.7,1418.5,1418.5,439.6,18517.9,138.0,74.4,52.7,GOOD,7,256.1,,ONLINE,ON
TEL-11875,2025-06-06 12:00:00,EQX1015,37.778359,-122.414608,24.4,1419.0,1419.0,439.7,18524.3,153.6,72.5,52.6,GOOD,2,212.1,,ONLINE,ON
TEL-11876,2025-01-30 08:00:00,EQX1016,37.800816,-122.271841,20.8,808.5,808.5,310.9,10233.0,120.5,83.6,69.9,GOOD,13,93.5,,ONLINE,ON
TEL-11877,2025-01-30 09:00:00,EQX1016,37.799921,-122.269654,20.6,809.0,809.0,311.0,10238.0,118.3,82.2,69.8,GOOD,30,222.3,,ONLINE,ON
TEL-11878,2025-01-30 10:00:00,EQX1016,37.801079,-122.276028,13.6,809.5,809.5,311.1,10243.8,141.1,80.5,69.7,GOOD,2,20.2,,ONLINE,ON
TEL-11879,2025-01-30 11:00:00,EQX1016,37.800641,-122.271575,8.0,810.0,810.0,311.2,10251.1,174.5,78.4,69.6,GOOD,4,160.1,,ONLINE,ON
TEL-11880,2025-01-30 12:00:00,EQX1016,37.801118,-122.273477,10.6,810.5,810.5,311.3,10258.2,171.6,76.4,69.5,GOOD,28,17.1,,ONLINE,ON
TEL-11881,2025-01-30 13:00:00,EQX1016,37.800723,-122.267583,9.0,811.0,811.0,311.4,10262.4,100.6,75.2,69.4,GOOD,8,138.7,,ONLINE,ON
TEL-11882,2025-01-30 14:00:00,EQX1016,37.801021,-122.27014,18.6,811.5,811.5,311.5,10269.3,164.2,73.2,69.3,WARNING,4,0.2,P0300,ONLINE,ON
TEL-11883,2025-01-30 15:00:00,EQX1016,37.80335,-122.270785,18.8,812.0,812.0,311.6,10276.5,172.8,71.1,69.2,GOOD,30,194.2,,ONLINE,ON
TEL-11884,2025-01-30 16:00:00,EQX1016,37.807776,-122.272148,20.6,812.5,812.5,311.7,10283.6,171.6,69.1,69.1,GOOD,5,150.9,,ONLINE,ON
TEL-11885,2025-01-30 17:00:00,EQX1016,37.805398,-122.272525,20.0,813.0,813.0,311.8,10290.9,173.3,67.0,69.0,GOOD,13,114.8,,ONLINE,ON
TEL-11886,2025-01-30 18:00:00,EQX1016,37.8044,-122.2712,0.0,813.0,813.0,311.8,10291.0,2.4,67.0,68.9,WARNING,6,225.1,P0300,ONLINE,OFF
TEL-11887,2025-01-30 19:00:00,EQX1016,37.8044,-122.2712,0.0,813.0,813.0,311.8,10291.1,2.4,67.0,68.8,GOOD,14,259.6,,ONLINE,OFF
TEL-11888,2025-01-30 20:00:00,EQX1016,37.8044,-122.2712,0.0,813.0,813.0,311.8,10291.2,2.4,67.0,68.7,GOOD,9,118.9,,ONLINE,OFF
TEL-11889,2025-01-30 21:00:00,EQX1016,37.8044,-122.2712,0.0,813.0,813.0,311.8,10291.3,2.4,66.9,68.6,GOOD,8,146.0,,ONLINE,OFF
TEL-11890,2025-01-30 22:00:00,EQX1016,37.8044,-122.2712,0.0,813.0,813.0,311.8,10291.4,2.4,66.9,68.5,GOOD,14,39.1,,ONLINE,OFF
TEL-11891,2025-01-30 23:00:00,EQX1016,37.8044,-122.2712,0.0,813.0,813.0,311.8,10291.5,2.4,66.9,68.4,GOOD,20,276.8,,ONLINE,OFF
TEL-11892,2025-01-31 00:00:00,EQX1016,37.8044,-122.2712,0.0,813.0,813.0,311.8,10291.6,2.4,66.8,68.3,GOOD,12,266.1,,ONLINE,OFF
TEL-11893,2025-01-31 01:00:00,EQX1016,37.8044,-122.2712,0.0,813.0,813.0,311.8,10291.7,2.4,66.8,68.2,GOOD,26,153.8,,ONLINE,OFF
TEL-11894,2025-01-31 02:00:00,EQX1016,37.8044,-122.2712,0.0,813.0,813.0,311.8,10291.8,2.4,66.8,68.1,GOOD,15,20.3,,ONLINE,OFF
TEL-11895,2025-01-31 03:00:00,EQX1016,37.8044,-122.2712,0.0,813.0,813.0,311.8,10291.9,2.4,66.8,68.0,GOOD,0,297.6,,ONLINE,OFF
TEL-11896,2025-01-31 04:00:00,EQX1016,37.8044,-122.2712,0.0,813.0,813.0,311.8,10292.0,2.4,66.7,67.9,GOOD,0,152.9,,ONLINE,OFF
TEL-11897,2025-01-31 05:00:00,EQX1016,37.8044,-122.2712,0.0,813.0,813.0,311.8,10292.1,2.4,66.7,67.8,GOOD,10,239.6,,ONLINE,OFF
TEL-11898,2025-01-31 06:00:00,EQX1016,37.8044,-122.2712,0.0,813.0,813.0,311.8,10292.2,2.4,66.7,67.7,GOOD,1,240.4,,ONLINE,OFF
TEL-11899,2025-01-31 07:00:00,EQX1016,37.8044,-122.2712,0.0,813.0,813.0,311.8,10292.3,2.4,66.6,67.6,GOOD,13,229.1,,ONLINE,OFF
TEL-11900,2025-01-31 08:00:00,EQX1016,37.805064,-122.275527,6.1,813.5,813.5,311.9,10299.4,170.9,64.6,67.5,GOOD,12,99.0,,ONLINE,ON
TEL-11901,2025-01-31 09:00:00,EQX1016,37.80084,-122.268579,26.4,814.0,814.0,312.0,10306.3,166.3,62.6,67.4,GOOD,8,118.3,,ONLINE,ON
TEL-11902,2025-01-31 10:00:00,EQX1016,37.801345,-122.270507,6.3,814.5,814.5,312.1,10311.5,125.0,61.1,67.3,GOOD,4,128.1,,ONLINE,ON
TEL-11903,2025-01-31 11:00:00,EQX1016,37.80931,-122.274566,22.0,815.0,815.0,312.2,10319.5,191.0,58.9,67.2,WARNING,15,236.1,P0562,ONLINE,ON
TEL-11904,2025-01-31 12:00:00,EQX1016,37.806126,-122.275058,11.6,815.5,815.5,312.3,10327.1,183.8,56.7,67.1,GOOD,10,185.0,,ONLINE,ON
TEL-11905,2025-01-31 13:00:00,EQX1016,37.801981,-122.270614,34.4,816.0,816.0,312.4,10334.5,177.6,54.6,67.0,GOOD,10,189.5,,ONLINE,ON
TEL-11906,2025-01-31 14:00:00,EQX1016,37.806566,-122.271,14.8,816.5,816.5,312.5,10339.2,110.9,53.2,66.9,GOOD,28,73.6,,ONLINE,ON
TEL-11907,2025-01-31 15:00:00,EQX1016,37.808799,-122.273194,29.4,817.0,817.0,312.6,10344.9,137.8,51.6,66.8,GOOD,1,285.6,,ONLINE,ON
TEL-11908,2025-01-31 16:00:00,EQX1016,37.80088,-122.273964,14.0,817.5,817.5,312.7,10352.3,178.8,49.5,66.7,GOOD,7,139.3,,ONLINE,ON
TEL-11909,2025-01-31 17:00:00,EQX1016,37.80303,-122.268775,9.6,818.0,818.0,312.8,10356.7,105.4,48.2,66.6,GOOD,2,72.7,,ONLINE,ON
TEL-11910,2025-01-31 18:00:00,EQX1016,37.8044,-122.2712,0.0,818.0,818.0,312.8,10356.8,2.4,48.2,66.5,GOOD,24,94.2,,ONLINE,OFF
TEL-11911,2025-01-31 19:00:00,EQX1016,37.8044,-122.2712,0.0,818.0,818.0,312.8,10356.9,2.4,48.2,66.4,GOOD,4,124.3,,ONLINE,OFF
TEL-11912,2025-01-31 20:00:00,EQX1016,37.8044,-122.2712,0.0,818.0,818.0,312.8,10357.0,2.4,48.1,66.3,GOOD,9,70.7,,ONLINE,OFF
TEL-11913,2025-01-31 21:00:00,EQX1016,37.8044,-122.2712,0.0,818.0,818.0,312.8,10357.1,2.4,48.1,66.2,GOOD,18,64.2,,ONLINE,OFF
TEL-11914,2025-01-31 22:00:00,EQX1016,37.8044,-122.2712,0.0,818.0,818.0,312.8,10357.2,2.4,48.1,66.1,GOOD,25,49.5,,ONLINE,OFF
TEL-11915,2025-01-31 23:00:00,EQX1016,37.8044,-122.2712,0.0,818.0,818.0,312.8,10357.3,2.4,48.0,66.0,GOOD,2,30.2,,ONLINE,OFF
TEL-11916,2025-02-01 00:00:00,EQX1016,37.8044,-122.2712,0.0,818.0,818.0,312.8,10357.4,2.4,48.0,65.9,GOOD,13,147.8,,ONLINE,OFF
TEL-11917,2025-02-01 01:00:00,EQX1016,37.8044,-122.2712,0.0,818.0,818.0,312.8,10357.5,2.4,48.0,65.8,GOOD,20,45.6,,ONLINE,OFF
TEL-11918,2025-02-01 02:00:00,EQX1016,37.8044,-122.2712,0.0,818.0,818.0,312.8,10357.6,2.4,48.0,65.7,GOOD,9,295.1,,ONLINE,OFF
TEL-11919,2025-02-01 03:00:00,EQX1016,37.8044,-122.2712,0.0,818.0,818.0,312.8,10357.7,2.4,47.9,65.6,GOOD,11,199.8,,ONLINE,OFF
TEL-11920,2025-02-01 04:00:00,EQX1016,37.8044,-122.2712,0.0,818.0,818.0,312.8,10357.8,2.4,47.9,65.5,GOOD,3,11.7,,ONLINE,OFF
TEL-11921,2025-02-01 05:00:00,EQX1016,37.8044,-122.2712,0.0,818.0,818.0,312.8,10357.9,2.4,47.9,65.4,GOOD,26,276.8,,ONLINE,OFF
TEL-11922,2025-02-01 06:00:00,EQX1016,37.8044,-122.2712,0.0,818.0,818.0,312.8,10358.0,2.4,47.8,65.3,GOOD,15,32.3,,ONLINE,OFF
TEL-11923,2025-02-01 07:00:00,EQX1016,37.8044,-122.2712,0.0,818.0,818.0,312.8,10358.1,2.4,47.8,65.2,GOOD,26,183.8,,ONLINE,OFF
TEL-11924,2025-02-01 08:00:00,EQX1016,37.800974,-122.268439,9.2,818.5,818.5,312.9,10364.0,140.4,46.1,65.1,GOOD,7,206.7,,ONLINE,ON
TEL-11925,2025-02-01 09:00:00,EQX1016,37.806349,-122.268097,6.0,819.0,819.0,313.0,10371.4,177.8,44.0,65.0,GOOD,9,196.0,,ONLINE,ON
TEL-11926,2025-02-01 10:00:00,EQX1016,37.807343,-122.267729,29.4,819.5,819.5,313.1,10377.1,136.1,42.4,64.9,GOOD,14,44.6,,ONLINE,ON
TEL-11927,2025-02-01 11:00:00,EQX1016,37.800577,-122.275123,9.7,820.0,820.0,313.2,10381.4,103.7,41.2,64.8,GOOD,2,84.7,,ONLINE,ON
TEL-11928,2025-02-01 12:00:00,EQX1016,37.804216,-122.272101,15.0,820.5,820.5,313.3,10386.7,126.7,39.7,64.7,GOOD,21,165.6,,ONLINE,ON
TEL-11929,2025-02-01 13:00:00,EQX1016,37.804132,-122.275862,22.6,821.0,821.0,313.4,10394.4,186.0,37.5,64.6,GOOD,2,14.7,,ONLINE,ON
TEL-11930,2025-02-01 14:00:00,EQX1016,37.807525,-122.271565,30.2,821.5,821.5,313.5,10401.6,173.0,35.4,64.5,GOOD,27,97.1,,ONLINE,ON
TEL-11931,2025-02-01 15:00:00,EQX1016,37.803623,-122.273052,9.0,822.0,822.0,313.6,10406.9,127.4,33.9,64.4,GOOD,22,55.2,,ONLINE,ON
TEL-11932,2025-02-01 16:00:00,EQX1016,37.800332,-122.267445,31.1,822.5,822.5,313.7,10411.6,111.8,32.5,64.3,GOOD,4,72.0,,ONLINE,ON
TEL-11933,2025-02-01 17:00:00,EQX1016,37.806608,-122.272021,23.1,823.0,823.0,313.8,10419.4,187.9,30.3,64.2,GOOD,22,102.9,,ONLINE,ON
TEL-11934,2025-02-01 18:00:00,EQX1016,37.8044,-122.2712,0.0,823.0,823.0,313.8,10419.5,2.4,30.3,64.1,GOOD,24,247.3,,ONLINE,OFF
TEL-11935,2025-02-01 19:00:00,EQX1016,37.8044,-122.2712,0.0,823.0,823.0,313.8,10419.6,2.4,30.3,64.0,GOOD,21,257.3,,ONLINE,OFF
TEL-11936,2025-02-01 20:00:00,EQX1016,37.8044,-122.2712,0.0,823.0,823.0,313.8,10419.7,2.4,30.2,63.9,GOOD,16,298.1,,ONLINE,OFF
TEL-11937,2025-02-01 21:00:00,EQX1016,37.8044,-122.2712,0.0,823.0,823.0,313.8,10419.8,2.4,30.2,63.8,GOOD,30,219.4,,ONLINE,OFF
TEL-11938,2025-02-01 22:00:00,EQX1016,37.8044,-122.2712,0.0,823.0,823.0,313.8,10419.9,2.4,30.2,63.7,GOOD,9,161.6,,ONLINE,OFF
TEL-11939,2025-02-01 23:00:00,EQX1016,37.8044,-122.2712,0.0,823.0,823.0,313.8,10420.0,2.4,30.1,63.6,WARNING,0,122.2,P0217,ONLINE,OFF
TEL-11940,2025-02-02 00:00:00,EQX1016,37.8044,-122.2712,0.0,823.0,823.0,313.8,10420.1,2.4,30.1,63.5,GOOD,28,125.2,,ONLINE,OFF
TEL-11941,2025-02-02 01:00:00,EQX1016,37.8044,-122.2712,0.0,823.0,823.0,313.8,10420.2,2.4,30.1,63.4,GOOD,29,94.6,,ONLINE,OFF
TEL-11942,2025-02-02 02:00:00,EQX1016,37.8044,-122.2712,0.0,823.0,823.0,313.8,10420.3,2.4,30.1,63.3,GOOD,20,255.6,,ONLINE,OFF
TEL-11943,2025-02-02 03:00:00,EQX1016,37.8044,-122.2712,0.0,823.0,823.0,313.8,10420.4,2.4,30.0,63.2,GOOD,12,79.6,,ONLINE,OFF
TEL-11944,2025-02-02 04:00:00,EQX1016,37.8044,-122.2712,0.0,823.0,823.0,313.8,10420.5,2.4,30.0,63.1,WARNING,7,119.1,P0300,ONLINE,OFF
TEL-11945,2025-02-02 05:00:00,EQX1016,37.8044,-122.2712,0.0,823.0,823.0,313.8,10420.6,2.4,30.0,63.0,GOOD,8,160.6,,ONLINE,OFF
TEL-11946,2025-02-02 06:00:00,EQX1016,37.8044,-122.2712,0.0,823.0,823.0,313.8,10420.7,2.4,29.9,62.9,CRITICAL,25,230.0,P0562,ONLINE,OFF
TEL-11947,2025-02-02 07:00:00,EQX1016,37.8044,-122.2712,0.0,823.0,823.0,313.8,10420.8,2.4,29.9,62.8,GOOD,15,296.7,,ONLINE,OFF
TEL-11948,2025-02-02 08:00:00,EQX1016,37.800559,-122.273852,11.4,823.5,823.5,313.9,10427.5,159.6,28.0,62.7,GOOD,10,53.2,,ONLINE,ON
TEL-11949,2025-02-02 09:00:00,EQX1016,37.802688,-122.273744,24.7,824.0,824.0,314.0,10431.5,97.4,26.8,62.6,GOOD,29,224.8,,ONLINE,ON
TEL-11950,2025-02-02 10:00:00,EQX1016,37.803556,-122.26714,12.7,824.5,824.5,314.1,10438.2,159.1,25.0,62.5,GOOD,3,229.5,,ONLINE,ON
TEL-11951,2025-02-02 11:00:00,EQX1016,37.80579,-122.275438,13.7,825.0,825.0,314.2,10446.2,191.8,22.7,62.4,GOOD,29,1.0,,ONLINE,ON
TEL-11952,2025-02-02 12:00:00,EQX1016,37.808844,-122.266549,12.2,825.5,825.5,314.3,10453.3,170.6,20.6,62.3,GOOD,3,150.1,,ONLINE,ON
TEL-11953,2025-02-02 13:00:00,EQX1016,37.804212,-122.270056,30.1,826.0,826.0,314.4,10459.4,147.4,18.9,62.2,GOOD,2,106.0,,ONLINE,ON
TEL-11954,2025-02-02 14:00:00,EQX1016,37.806653,-122.267091,16.6,826.5,826.5,314.5,10464.2,114.2,17.5,62.1,GOOD,24,25.9,,ONLINE,ON
TEL-11955,2025-02-02 15:00:00,EQX1016,37.807552,-122.270852,6.9,827.0,827.0,314.6,10468.7,109.9,16.2,62.0,GOOD,20,105.4,,ONLINE,ON
TEL-11956,2025-02-02 16:00:00,EQX1016,37.800436,-122.271076,15.2,827.5,827.5,314.7,10474.3,133.4,14.6,61.9,GOOD,6,186.3,,ONLINE,ON
TEL-11957,2025-02-02 17:00:00,EQX1016,37.809161,-122.268753,19.5,828.0,828.0,314.8,10480.7,152.4,12.8,61.8,GOOD,24,148.3,,ONLINE,ON
TEL-11958,2025-02-02 18:00:00,EQX1016,37.8044,-122.2712,0.0,828.0,828.0,314.8,10480.8,2.4,12.8,61.7,GOOD,6,270.0,,ONLINE,OFF
TEL-11959,2025-02-02 19:00:00,EQX1016,37.8044,-122.2712,0.0,828.0,828.0,314.8,10480.9,2.4,12.8,61.6,GOOD,0,296.3,,ONLINE,OFF
TEL-11960,2025-02-02 20:00:00,EQX1016,37.8044,-122.2712,0.0,828.0,828.0,314.8,10481.0,2.4,12.7,61.5,GOOD,26,2.2,,ONLINE,OFF
TEL-11961,2025-02-02 21:00:00,EQX1016,37.8044,-122.2712,0.0,828.0,828.0,314.8,10481.1,2.4,12.7,61.4,GOOD,3,178.4,,ONLINE,OFF
TEL-11962,2025-02-02 22:00:00,EQX1016,37.8044,-122.2712,0.0,828.0,828.0,314.8,10481.2,2.4,12.7,61.3,GOOD,15,166.1,,ONLINE,OFF
TEL-11963,2025-02-02 23:00:00,EQX1016,37.8044,-122.2712,0.0,828.0,828.0,314.8,10481.3,2.4,12.6,61.2,GOOD,25,9.7,,ONLINE,OFF
TEL-11964,2025-02-03 00:00:00,EQX1016,37.8044,-122.2712,0.0,828.0,828.0,314.8,10481.4,2.4,12.6,61.1,GOOD,26,127.7,,ONLINE,OFF
TEL-11965,2025-02-03 01:00:00,EQX1016,37.8044,-122.2712,0.0,828.0,828.0,314.8,10481.5,2.4,12.6,61.0,GOOD,21,289.2,,ONLINE,OFF
TEL-11966,2025-02-03 02:00:00,EQX1016,37.8044,-122.2712,0.0,828.0,828.0,314.8,10481.6,2.4,12.6,60.9,GOOD,4,84.2,,ONLINE,OFF
TEL-11967,2025-02-03 03:00:00,EQX1016,37.8044,-122.2712,0.0,828.0,828.0,314.8,10481.7,2.4,12.5,60.8,GOOD,11,22.5,,ONLINE,OFF
TEL-11968,2025-02-03 04:00:00,EQX1016,37.8044,-122.2712,0.0,828.0,828.0,314.8,10481.8,2.4,12.5,60.7,GOOD,9,98.3,,ONLINE,OFF
TEL-11969,2025-02-03 05:00:00,EQX1016,37.8044,-122.2712,0.0,828.0,828.0,314.8,10481.9,2.4,12.5,60.6,GOOD,19,179.9,,ONLINE,OFF
TEL-11970,2025-02-03 06:00:00,EQX1016,37.8044,-122.2712,0.0,828.0,828.0,314.8,10482.0,2.4,12.4,60.5,GOOD,24,100.1,,ONLINE,OFF
TEL-11971,2025-02-03 07:00:00,EQX1016,37.8044,-122.2712,0.0,828.0,828.0,314.8,10482.1,2.4,12.4,60.4,GOOD,25,23.7,,ONLINE,OFF
TEL-11972,2025-02-03 08:00:00,EQX1016,37.806948,-122.26707,6.5,828.5,828.5,314.9,10487.3,126.0,10.9,60.3,GOOD,29,173.2,,ONLINE,ON
TEL-11973,2025-02-03 09:00:00,EQX1016,37.802375,-122.267247,25.7,829.0,829.0,315.0,10492.5,124.6,95.0,60.2,GOOD,29,263.4,,ONLINE,ON
TEL-11974,2025-02-03 10:00:00,EQX1016,37.800769,-122.275257,7.8,829.5,829.5,315.1,10497.8,127.9,93.5,60.1,CRITICAL,1,140.8,P0300,ONLINE,ON
TEL-11975,2025-02-03 11:00:00,EQX1016,37.805309,-122.270588,15.8,830.0,830.0,315.2,10504.0,148.1,91.7,60.0,GOOD,5,55.5,,ONLINE,ON
TEL-11976,2025-02-03 12:00:00,EQX1016,37.807522,-122.271497,32.5,830.5,830.5,315.3,10510.8,163.2,89.8,59.9,GOOD,23,287.2,,ONLINE,ON
TEL-11977,2025-02-03 13:00:00,EQX1016,37.799453,-122.27097,30.9,831.0,831.0,315.4,10516.8,145.0,88.0,59.8,GOOD,24,252.6,,ONLINE,ON
TEL-11978,2025-02-03 14:00:00,EQX1016,37.805533,-122.272316,19.8,831.5,831.5,315.5,10521.8,118.8,86.6,59.7,GOOD,4,121.4,,ONLINE,ON
TEL-11979,2025-02-03 15:00:00,EQX1016,37.80189,-122.267639,22.7,832.0,832.0,315.6,10529.4,183.4,84.4,59.6,GOOD,20,181.6,,ONLINE,ON
TEL-11980,2025-02-03 16:00:00,EQX1016,37.806868,-122.269287,5.0,832.5,832.5,315.7,10533.9,107.0,83.2,59.5,GOOD,18,36.0,,ONLINE,ON
TEL-11981,2025-02-03 17:00:00,EQX1016,37.809381,-122.268751,25.1,833.0,833.0,315.8,10538.4,108.7,81.9,59.4,GOOD,4,289.6,,ONLINE,ON
TEL-11982,2025-02-03 18:00:00,EQX1016,37.8044,-122.2712,0.0,833.0,833.0,315.8,10538.5,2.4,81.9,59.3,CRITICAL,22,33.2,P0087,ONLINE,OFF
TEL-11983,2025-02-03 19:00:00,EQX1016,37.8044,-122.2712,0.0,833.0,833.0,315.8,10538.6,2.4,81.8,59.2,GOOD,14,43.3,,ONLINE,OFF
TEL-11984,2025-02-03 20:00:00,EQX1016,37.8044,-122.2712,0.0,833.0,833.0,315.8,10538.7,2.4,81.8,59.1,GOOD,10,293.2,,ONLINE,OFF
TEL-11985,2025-02-03 21:00:00,EQX1016,37.8044,-122.2712,0.0,833.0,833.0,315.8,10538.8,2.4,81.8,59.0,GOOD,21,60.5,,ONLINE,OFF
TEL-11986,2025-02-03 22:00:00,EQX1016,37.8044,-122.2712,0.0,833.0,833.0,315.8,10538.9,2.4,81.7,58.9,GOOD,27,199.8,,ONLINE,OFF
TEL-11987,2025-02-03 23:00:00,EQX1016,37.8044,-122.2712,0.0,833.0,833.0,315.8,10539.0,2.4,81.7,58.8,GOOD,8,131.2,,ONLINE,OFF
TEL-11988,2025-02-04 00:00:00,EQX1016,37.8044,-122.2712,0.0,833.0,833.0,315.8,10539.1,2.4,81.7,58.7,GOOD,25,266.7,,ONLINE,OFF
TEL-11989,2025-02-04 01:00:00,EQX1016,37.8044,-122.2712,0.0,833.0,833.0,315.8,10539.2,2.4,81.7,58.6,GOOD,13,33.1,,ONLINE,OFF
TEL-11990,2025-02-04 02:00:00,EQX1016,37.8044,-122.2712,0.0,833.0,833.0,315.8,10539.3,2.4,81.6,58.5,GOOD,24,4.1,,ONLINE,OFF
TEL-11991,2025-02-04 03:00:00,EQX1016,37.8044,-122.2712,0.0,833.0,833.0,315.8,10539.4,2.4,81.6,58.4,GOOD,11,91.0,,ONLINE,OFF
TEL-11992,2025-02-04 04:00:00,EQX1016,37.8044,-122.2712,0.0,833.0,833.0,315.8,10539.5,2.4,81.6,58.3,GOOD,26,143.1,,ONLINE,OFF
TEL-11993,2025-02-04 05:00:00,EQX1016,37.8044,-122.2712,0.0,833.0,833.0,315.8,10539.6,2.4,81.5,58.2,GOOD,28,40.0,,ONLINE,OFF
TEL-11994,2025-02-04 06:00:00,EQX1016,37.8044,-122.2712,0.0,833.0,833.0,315.8,10539.7,2.4,81.5,58.1,GOOD,30,165.5,,ONLINE,OFF
TEL-11995,2025-02-04 07:00:00,EQX1016,37.8044,-122.2712,0.0,833.0,833.0,315.8,10539.8,2.4,81.5,58.0,GOOD,11,156.6,,ONLINE,OFF
TEL-11996,2025-02-04 08:00:00,EQX1016,37.807395,-122.268736,25.7,833.5,833.5,315.9,10544.9,122.2,80.0,57.9,WARNING,30,265.4,P0420,ONLINE,ON
TEL-11997,2025-02-04 09:00:00,EQX1016,37.806977,-122.269516,12.2,834.0,834.0,316.0,10550.0,123.1,78.6,57.8,GOOD,25,277.3,,ONLINE,ON
TEL-11998,2025-02-04 10:00:00,EQX1016,37.799434,-122.266614,32.7,834.5,834.5,316.1,10556.5,156.2,76.7,57.7,GOOD,17,125.9,,ONLINE,ON
TEL-11999,2025-02-04 11:00:00,EQX1016,37.806726,-122.268991,15.2,835.0,835.0,316.2,10562.5,142.1,75.0,57.6,GOOD,8,175.9,,ONLINE,ON
TEL-12000,2025-02-04 12:00:00,EQX1016,37.805052,-122.272631,23.9,835.5,835.5,316.3,10569.1,160.3,73.1,57.5,GOOD,28,73.5,,ONLINE,ON
TEL-12001,2025-03-24 08:00:00,EQX1017,35.368464,-119.022937,15.0,447.1,447.1,134.5,5549.1,117.8,83.6,69.5,GOOD,13,260.0,,ONLINE,ON
TEL-12002,2025-03-24 09:00:00,EQX1017,35.369026,-119.01689,11.1,447.6,447.6,134.6,5554.8,135.6,82.0,69.4,GOOD,4,66.2,,ONLINE,ON
TEL-12003,2025-03-24 10:00:00,EQX1017,35.368417,-119.017825,11.4,448.1,448.1,134.7,5560.2,131.5,80.4,69.3,GOOD,18,266.9,,ONLINE,ON
TEL-12004,2025-03-24 11:00:00,EQX1017,35.374418,-119.022765,31.8,448.6,448.6,134.8,5564.6,104.9,79.2,69.2,GOOD,23,188.7,,ONLINE,ON
TEL-12005,2025-03-24 12:00:00,EQX1017,35.373711,-119.017127,27.8,449.1,449.1,134.9,5568.8,100.3,78.0,69.1,CRITICAL,26,297.7,P0300,ONLINE,ON
TEL-12006,2025-03-24 13:00:00,EQX1017,35.373337,-119.021407,28.9,449.6,449.6,135.0,5576.3,181.2,75.8,69.0,CRITICAL,11,280.4,P0562,ONLINE,ON
TEL-12007,2025-03-24 14:00:00,EQX1017,35.375689,-119.013893,27.6,450.1,450.1,135.1,5582.6,149.5,74.0,68.9,GOOD,6,51.6,,ONLINE,ON
TEL-12008,2025-03-24 15:00:00,EQX1017,35.370259,-119.021609,9.7,450.6,450.6,135.2,5589.5,166.8,72.1,68.8,GOOD,21,134.8,,ONLINE,ON
TEL-12009,2025-03-24 16:00:00,EQX1017,35.375541,-119.020034,23.6,451.1,451.1,135.3,5593.6,99.1,70.9,68.7,GOOD,26,206.0,,ONLINE,ON
TEL-12010,2025-03-24 17:00:00,EQX1017,35.373037,-119.023624,9.6,451.6,451.6,135.4,5597.9,102.0,69.7,68.6,GOOD,21,252.9,,ONLINE,ON
TEL-12011,2025-03-24 18:00:00,EQX1017,35.3733,-119.0187,0.0,451.6,451.6,135.4,5598.0,2.4,69.6,68.5,GOOD,2,46.1,,ONLINE,OFF
TEL-12012,2025-03-24 19:00:00,EQX1017,35.3733,-119.0187,0.0,451.6,451.6,135.4,5598.1,2.4,69.6,68.4,GOOD,8,214.1,,ONLINE,OFF
TEL-12013,2025-03-24 20:00:00,EQX1017,35.3733,-119.0187,0.0,451.6,451.6,135.4,5598.2,2.4,69.6,68.3,GOOD,28,279.6,,ONLINE,OFF
TEL-12014,2025-03-24 21:00:00,EQX1017,35.3733,-119.0187,0.0,451.6,451.6,135.4,5598.3,2.4,69.5,68.2,GOOD,28,135.9,,ONLINE,OFF
TEL-12015,2025-03-24 22:00:00,EQX1017,35.3733,-119.0187,0.0,451.6,451.6,135.4,5598.4,2.4,69.5,68.1,GOOD,6,286.1,,ONLINE,OFF
TEL-12016,2025-03-24 23:00:00,EQX1017,35.3733,-119.0187,0.0,451.6,451.6,135.4,5598.5,2.4,69.5,68.0,GOOD,8,94.7,,ONLINE,OFF
TEL-12017,2025-03-25 00:00:00,EQX1017,35.3733,-119.0187,0.0,451.6,451.6,135.4,5598.6,2.4,69.5,67.9,GOOD,26,6.0,,ONLINE,OFF
TEL-12018,2025-03-25 01:00:00,EQX1017,35.3733,-119.0187,0.0,451.6,451.6,135.4,5598.7,2.4,69.4,67.8,GOOD,29,27.3,,ONLINE,OFF
TEL-12019,2025-03-25 02:00:00,EQX1017,35.3733,-119.0187,0.0,451.6,451.6,135.4,5598.8,2.4,69.4,67.7,GOOD,1,68.9,,ONLINE,OFF
TEL-12020,2025-03-25 03:00:00,EQX1017,35.3733,-119.0187,0.0,451.6,451.6,135.4,5598.9,2.4,69.4,67.6,GOOD,15,118.4,,ONLINE,OFF
TEL-12021,2025-03-25 04:00:00,EQX1017,35.3733,-119.0187,0.0,451.6,451.6,135.4,5599.0,2.4,69.3,67.5,GOOD,1,155.4,,ONLINE,OFF
TEL-12022,2025-03-25 05:00:00,EQX1017,35.3733,-119.0187,0.0,451.6,451.6,135.4,5599.1,2.4,69.3,67.4,GOOD,29,15.2,,ONLINE,OFF
TEL-12023,2025-03-25 06:00:00,EQX1017,35.3733,-119.0187,0.0,451.6,451.6,135.4,5599.2,2.4,69.3,67.3,GOOD,17,165.7,,ONLINE,OFF
TEL-12024,2025-03-25 07:00:00,EQX1017,35.3733,-119.0187,0.0,451.6,451.6,135.4,5599.3,2.4,69.3,67.2,GOOD,10,164.7,,ONLINE,OFF
TEL-12025,2025-03-25 08:00:00,EQX1017,35.376679,-119.022303,29.8,452.1,452.1,135.5,5603.5,100.3,68.1,67.1,GOOD,2,155.4,,ONLINE,ON
TEL-12026,2025-03-25 09:00:00,EQX1017,35.373767,-119.016323,23.7,452.6,452.6,135.6,5607.8,103.0,66.8,67.0,GOOD,8,297.8,,ONLINE,ON
TEL-12027,2025-03-25 10:00:00,EQX1017,35.368573,-119.017051,15.1,453.1,453.1,135.7,5611.9,99.1,65.7,66.9,WARNING,0,25.1,P0562,OFFLINE,ON
TEL-12028,2025-03-25 11:00:00,EQX1017,35.369111,-119.01682,9.9,453.6,453.6,135.8,5618.9,167.3,63.7,66.8,GOOD,14,235.1,,ONLINE,ON
TEL-12029,2025-03-25 12:00:00,EQX1017,35.375785,-119.017651,21.2,454.1,454.1,135.9,5624.4,131.8,62.1,66.7,GOOD,10,113.7,,ONLINE,ON
TEL-12030,2025-03-25 13:00:00,EQX1017,35.375825,-119.021092,8.5,454.6,454.6,136.0,5632.0,183.8,59.9,66.6,GOOD,19,200.4,,ONLINE,ON
TEL-12031,2025-03-25 14:00:00,EQX1017,35.37598,-119.022194,21.2,455.1,455.1,136.1,5637.2,123.6,58.4,66.5,GOOD,19,236.5,,ONLINE,ON
TEL-12032,2025-03-25 15:00:00,EQX1017,35.372973,-119.023259,14.4,455.6,455.6,136.2,5643.1,141.1,56.8,66.4,WARNING,8,265.7,P0562,ONLINE,ON
TEL-12033,2025-03-25 16:00:00,EQX1017,35.375539,-119.020949,16.3,456.1,456.1,136.3,5649.6,157.2,54.9,66.3,GOOD,3,70.7,,ONLINE,ON
TEL-12034,2025-03-25 17:00:00,EQX1017,35.371516,-119.017087,9.5,456.6,456.6,136.4,5654.7,121.9,53.4,66.2,GOOD,25,173.0,,ONLINE,ON
TEL-12035,2025-03-25 18:00:00,EQX1017,35.3733,-119.0187,0.0,456.6,456.6,136.4,5654.8,2.4,53.4,66.1,GOOD,15,15.9,,ONLINE,OFF
TEL-12036,2025-03-25 19:00:00,EQX1017,35.3733,-119.0187,0.0,456.6,456.6,136.4,5654.9,2.4,53.4,66.0,GOOD,17,138.0,,ONLINE,OFF
TEL-12037,2025-03-25 20:00:00,EQX1017,35.3733,-119.0187,0.0,456.6,456.6,136.4,5655.0,2.4,53.3,65.9,GOOD,24,190.9,,ONLINE,OFF
TEL-12038,2025-03-25 21:00:00,EQX1017,35.3733,-119.0187,0.0,456.6,456.6,136.4,5655.1,2.4,53.3,65.8,GOOD,2,18.2,,ONLINE,OFF
TEL-12039,2025-03-25 22:00:00,EQX1017,35.3733,-119.0187,0.0,456.6,456.6,136.4,5655.2,2.4,53.3,65.7,GOOD,8,250.5,,ONLINE,OFF
TEL-12040,2025-03-25 23:00:00,EQX1017,35.3733,-119.0187,0.0,456.6,456.6,136.4,5655.3,2.4,53.3,65.6,GOOD,0,78.5,,ONLINE,OFF
TEL-12041,2025-03-26 00:00:00,EQX1017,35.3733,-119.0187,0.0,456.6,456.6,136.4,5655.4,2.4,53.2,65.5,GOOD,17,284.5,,ONLINE,OFF
TEL-12042,2025-03-26 01:00:00,EQX1017,35.3733,-119.0187,0.0,456.6,456.6,136.4,5655.5,2.4,53.2,65.4,GOOD,12,215.5,,ONLINE,OFF
TEL-12043,2025-03-26 02:00:00,EQX1017,35.3733,-119.0187,0.0,456.6,456.6,136.4,5655.6,2.4,53.2,65.3,GOOD,7,46.5,,ONLINE,OFF
TEL-12044,2025-03-26 03:00:00,EQX1017,35.3733,-119.0187,0.0,456.6,456.6,136.4,5655.7,2.4,53.1,65.2,GOOD,9,217.8,,ONLINE,OFF
TEL-12045,2025-03-26 04:00:00,EQX1017,35.3733,-119.0187,0.0,456.6,456.6,136.4,5655.8,2.4,53.1,65.1,GOOD,9,122.3,,ONLINE,OFF
TEL-12046,2025-03-26 05:00:00,EQX1017,35.3733,-119.0187,0.0,456.6,456.6,136.4,5655.9,2.4,53.1,65.0,GOOD,22,39.2,,ONLINE,OFF
TEL-12047,2025-03-26 06:00:00,EQX1017,35.3733,-119.0187,0.0,456.6,456.6,136.4,5656.0,2.4,53.1,64.9,GOOD,3,92.9,,ONLINE,OFF
TEL-12048,2025-03-26 07:00:00,EQX1017,35.3733,-119.0187,0.0,456.6,456.6,136.4,5656.1,2.4,53.0,64.8,GOOD,26,117.1,,ONLINE,OFF
TEL-12049,2025-03-26 08:00:00,EQX1017,35.377761,-119.019963,33.4,457.1,457.1,136.5,5662.6,156.7,51.2,64.7,GOOD,5,121.0,,ONLINE,ON
TEL-12050,2025-03-26 09:00:00,EQX1017,35.375132,-119.020762,11.9,457.6,457.6,136.6,5669.3,160.8,49.3,64.6,GOOD,0,200.6,,ONLINE,ON
TEL-12051,2025-03-26 10:00:00,EQX1017,35.376931,-119.01857,19.1,458.1,458.1,136.7,5674.5,125.5,47.8,64.5,GOOD,29,275.4,,ONLINE,ON
TEL-12052,2025-03-26 11:00:00,EQX1017,35.373861,-119.01869,28.2,458.6,458.6,136.8,5681.5,166.1,45.8,64.4,GOOD,10,217.6,,ONLINE,ON
TEL-12053,2025-03-26 12:00:00,EQX1017,35.375037,-119.020301,9.0,459.1,459.1,136.9,5687.9,154.6,43.9,64.3,GOOD,27,87.4,,ONLINE,ON
TEL-12054,2025-03-26 13:00:00,EQX1017,35.376539,-119.021757,11.1,459.6,459.6,137.0,5692.8,116.6,42.6,64.2,GOOD,28,212.7,,ONLINE,ON
TEL-12055,2025-03-26 14:00:00,EQX1017,35.369322,-119.022754,16.8,460.1,460.1,137.1,5697.7,117.4,41.2,64.1,GOOD,23,263.6,,ONLINE,ON
TEL-12056,2025-03-26 15:00:00,EQX1017,35.370711,-119.022786,8.7,460.6,460.6,137.2,5701.8,100.6,40.0,64.0,GOOD,4,121.5,,ONLINE,ON
TEL-12057,2025-03-26 16:00:00,EQX1017,35.376848,-119.016466,14.7,461.1,461.1,137.3,5706.7,117.6,38.6,63.9,GOOD,19,228.4,,ONLINE,ON
TEL-12058,2025-03-26 17:00:00,EQX1017,35.369253,-119.014093,19.9,461.6,461.6,137.4,5714.6,188.4,36.3,63.8,GOOD,23,259.2,,ONLINE,ON
TEL-12059,2025-03-26 18:00:00,EQX1017,35.3733,-119.0187,0.0,461.6,461.6,137.4,5714.7,2.4,36.3,63.7,WARNING,6,246.1,P0087,ONLINE,OFF
TEL-12060,2025-03-26 19:00:00,EQX1017,35.3733,-119.0187,0.0,461.6,461.6,137.4,5714.8,2.4,36.3,63.6,WARNING,10,233.6,P0017,ONLINE,OFF
TEL-12061,2025-03-26 20:00:00,EQX1017,35.3733,-119.0187,0.0,461.6,461.6,137.4,5714.9,2.4,36.2,63.5,GOOD,29,3.9,,ONLINE,OFF
TEL-12062,2025-03-26 21:00:00,EQX1017,35.3733,-119.0187,0.0,461.6,461.6,137.4,5715.0,2.4,36.2,63.4,GOOD,15,79.2,,ONLINE,OFF
TEL-12063,2025-03-26 22:00:00,EQX1017,35.3733,-119.0187,0.0,461.6,461.6,137.4,5715.1,2.4,36.2,63.3,GOOD,23,272.4,,ONLINE,OFF
TEL-12064,2025-03-26 23:00:00,EQX1017,35.3733,-119.0187,0.0,461.6,461.6,137.4,5715.2,2.4,36.1,63.2,GOOD,12,110.4,,ONLINE,OFF
TEL-12065,2025-03-27 00:00:00,EQX1017,35.3733,-119.0187,0.0,461.6,461.6,137.4,5715.3,2.4,36.1,63.1,GOOD,9,181.1,,ONLINE,OFF
TEL-12066,2025-03-27 01:00:00,EQX1017,35.3733,-119.0187,0.0,461.6,461.6,137.4,5715.4,2.4,36.1,63.0,GOOD,18,86.1,,ONLINE,OFF
TEL-12067,2025-03-27 02:00:00,EQX1017,35.3733,-119.0187,0.0,461.6,461.6,137.4,5715.5,2.4,36.1,62.9,GOOD,15,102.9,,ONLINE,OFF
TEL-12068,2025-03-27 03:00:00,EQX1017,35.3733,-119.0187,0.0,461.6,461.6,137.4,5715.6,2.4,36.0,62.8,GOOD,6,51.2,,OFFLINE,OFF
TEL-12069,2025-03-27 04:00:00,EQX1017,35.3733,-119.0187,0.0,461.6,461.6,137.4,5715.7,2.4,36.0,62.7,GOOD,16,44.4,,ONLINE,OFF
TEL-12070,2025-03-27 05:00:00,EQX1017,35.3733,-119.0187,0.0,461.6,461.6,137.4,5715.8,2.4,36.0,62.6,GOOD,2,27.7,,ONLINE,OFF
TEL-12071,2025-03-27 06:00:00,EQX1017,35.3733,-119.0187,0.0,461.6,461.6,137.4,5715.9,2.4,35.9,62.5,GOOD,9,39.0,,ONLINE,OFF
TEL-12072,2025-03-27 07:00:00,EQX1017,35.3733,-119.0187,0.0,461.6,461.6,137.4,5716.0,2.4,35.9,62.4,GOOD,11,189.1,,ONLINE,OFF
TEL-12073,2025-03-27 08:00:00,EQX1017,35.372255,-119.019346,28.3,462.1,462.1,137.5,5721.3,128.4,34.4,62.3,GOOD,22,28.8,,ONLINE,ON
TEL-12074,2025-03-27 09:00:00,EQX1017,35.377688,-119.014262,27.4,462.6,462.6,137.6,5727.1,137.0,32.8,62.2,GOOD,28,61.0,,ONLINE,ON
TEL-12075,2025-03-27 10:00:00,EQX1017,35.377012,-119.023427,16.7,463.1,463.1,137.7,5734.6,181.0,30.6,62.1,GOOD,10,282.1,,ONLINE,ON
TEL-12076,2025-03-27 11:00:00,EQX1017,35.37084,-119.020295,11.4,463.6,463.6,137.8,5742.4,187.4,28.4,62.0,GOOD,17,55.0,,ONLINE,ON
TEL-12077,2025-03-27 12:00:00,EQX1017,35.372545,-119.018086,22.2,464.1,464.1,137.9,5748.3,142.6,26.7,61.9,GOOD,16,249.4,,ONLINE,ON
TEL-12078,2025-03-27 13:00:00,EQX1017,35.37134,-119.018155,13.7,464.6,464.6,138.0,5756.2,188.4,24.4,61.8,GOOD,24,58.2,,ONLINE,ON
TEL-12079,2025-03-27 14:00:00,EQX1017,35.373803,-119.014763,14.0,465.1,465.1,138.1,5762.1,141.8,22.7,61.7,GOOD,7,193.5,,ONLINE,ON
TEL-12080,2025-03-27 15:00:00,EQX1017,35.372006,-119.016789,23.4,465.6,465.6,138.2,5766.6,108.0,21.5,61.6,WARNING,16,110.5,P0017,ONLINE,ON
TEL-12081,2025-03-27 16:00:00,EQX1017,35.371158,-119.021882,21.9,466.1,466.1,138.3,5773.4,163.9,19.5,61.5,WARNING,8,174.9,P0300,ONLINE,ON
TEL-12082,2025-03-27 17:00:00,EQX1017,35.374538,-119.01744,10.0,466.6,466.6,138.4,5780.5,168.5,17.5,61.4,GOOD,12,260.9,,ONLINE,ON
TEL-12083,2025-03-27 18:00:00,EQX1017,35.3733,-119.0187,0.0,466.6,466.6,138.4,5780.6,2.4,17.5,61.3,GOOD,24,180.1,,ONLINE,OFF
TEL-12084,2025-03-27 19:00:00,EQX1017,35.3733,-119.0187,0.0,466.6,466.6,138.4,5780.7,2.4,17.4,61.2,GOOD,14,26.9,,ONLINE,OFF
TEL-12085,2025-03-27 20:00:00,EQX1017,35.3733,-119.0187,0.0,466.6,466.6,138.4,5780.8,2.4,17.4,61.1,GOOD,18,115.2,,ONLINE,OFF
TEL-12086,2025-03-27 21:00:00,EQX1017,35.3733,-119.0187,0.0,466.6,466.6,138.4,5780.9,2.4,17.4,61.0,GOOD,3,88.3,,ONLINE,OFF
TEL-12087,2025-03-27 22:00:00,EQX1017,35.3733,-119.0187,0.0,466.6,466.6,138.4,5781.0,2.4,17.4,60.9,GOOD,25,292.5,,ONLINE,OFF
TEL-12088,2025-03-27 23:00:00,EQX1017,35.3733,-119.0187,0.0,466.6,466.6,138.4,5781.1,2.4,17.3,60.8,GOOD,5,251.8,,ONLINE,OFF
TEL-12089,2025-03-28 00:00:00,EQX1017,35.3733,-119.0187,0.0,466.6,466.6,138.4,5781.2,2.4,17.3,60.7,GOOD,24,290.7,,ONLINE,OFF
TEL-12090,2025-03-28 01:00:00,EQX1017,35.3733,-119.0187,0.0,466.6,466.6,138.4,5781.3,2.4,17.3,60.6,GOOD,13,186.7,,ONLINE,OFF
TEL-12091,2025-03-28 02:00:00,EQX1017,35.3733,-119.0187,0.0,466.6,466.6,138.4,5781.4,2.4,17.2,60.5,GOOD,20,35.3,,OFFLINE,OFF
TEL-12092,2025-03-28 03:00:00,EQX1017,35.3733,-119.0187,0.0,466.6,466.6,138.4,5781.5,2.4,17.2,60.4,GOOD,14,52.2,,ONLINE,OFF
TEL-12093,2025-03-28 04:00:00,EQX1017,35.3733,-119.0187,0.0,466.6,466.6,138.4,5781.6,2.4,17.2,60.3,GOOD,7,156.0,,ONLINE,OFF
TEL-12094,2025-03-28 05:00:00,EQX1017,35.3733,-119.0187,0.0,466.6,466.6,138.4,5781.7,2.4,17.2,60.2,GOOD,11,195.1,,ONLINE,OFF
TEL-12095,2025-03-28 06:00:00,EQX1017,35.3733,-119.0187,0.0,466.6,466.6,138.4,5781.8,2.4,17.1,60.1,GOOD,17,227.1,,ONLINE,OFF
TEL-12096,2025-03-28 07:00:00,EQX1017,35.3733,-119.0187,0.0,466.6,466.6,138.4,5781.9,2.4,17.1,60.0,GOOD,28,103.4,,ONLINE,OFF
TEL-12097,2025-03-28 08:00:00,EQX1017,35.377322,-119.018037,17.2,467.1,467.1,138.5,5788.5,159.6,15.2,59.9,GOOD,25,254.7,,ONLINE,ON
TEL-12098,2025-03-28 09:00:00,EQX1017,35.375066,-119.019359,9.4,467.6,467.6,138.6,5794.9,152.6,13.4,59.8,GOOD,12,171.9,,ONLINE,ON
TEL-12099,2025-03-28 10:00:00,EQX1017,35.370466,-119.018082,15.3,468.1,468.1,138.7,5801.4,156.5,11.5,59.7,GOOD,26,205.7,,ONLINE,ON
TEL-12100,2025-03-28 11:00:00,EQX1017,35.374015,-119.013895,9.4,468.6,468.6,138.8,5806.1,114.2,10.2,59.6,GOOD,6,233.2,,ONLINE,ON
TEL-12101,2025-03-28 12:00:00,EQX1017,35.376031,-119.015202,17.0,469.1,469.1,138.9,5810.7,110.4,95.0,59.5,GOOD,27,8.8,,ONLINE,ON
TEL-12102,2025-03-28 13:00:00,EQX1017,35.368365,-119.015178,33.8,469.6,469.6,139.0,5816.7,141.8,93.3,59.4,GOOD,28,116.8,,ONLINE,ON
TEL-12103,2025-03-28 14:00:00,EQX1017,35.372172,-119.021679,35.0,470.1,470.1,139.1,5821.1,107.3,92.0,59.3,GOOD,19,100.5,,ONLINE,ON
TEL-12104,2025-03-28 15:00:00,EQX1017,35.368962,-119.018422,34.1,470.6,470.6,139.2,5828.5,178.1,89.9,59.2,GOOD,9,189.0,,ONLINE,ON
TEL-12105,2025-03-28 16:00:00,EQX1017,35.372378,-119.021928,7.2,471.1,471.1,139.3,5835.5,166.8,87.9,59.1,GOOD,18,284.8,,ONLINE,ON
TEL-12106,2025-03-28 17:00:00,EQX1017,35.371984,-119.017325,24.3,471.6,471.6,139.4,5842.0,156.2,86.1,59.0,GOOD,14,132.8,,ONLINE,ON
TEL-12107,2025-03-28 18:00:00,EQX1017,35.3733,-119.0187,0.0,471.6,471.6,139.4,5842.1,2.4,86.0,58.9,GOOD,14,265.6,,ONLINE,OFF
TEL-12108,2025-03-28 19:00:00,EQX1017,35.3733,-119.0187,0.0,471.6,471.6,139.4,5842.2,2.4,86.0,58.8,GOOD,4,178.9,,ONLINE,OFF
TEL-12109,2025-03-28 20:00:00,EQX1017,35.3733,-119.0187,0.0,471.6,471.6,139.4,5842.3,2.4,86.0,58.7,GOOD,27,147.6,,ONLINE,OFF
TEL-12110,2025-03-28 21:00:00,EQX1017,35.3733,-119.0187,0.0,471.6,471.6,139.4,5842.4,2.4,86.0,58.6,GOOD,1,294.6,,ONLINE,OFF
TEL-12111,2025-03-28 22:00:00,EQX1017,35.3733,-119.0187,0.0,471.6,471.6,139.4,5842.5,2.4,85.9,58.5,GOOD,24,79.1,,ONLINE,OFF
TEL-12112,2025-03-28 23:00:00,EQX1017,35.3733,-119.0187,0.0,471.6,471.6,139.4,5842.6,2.4,85.9,58.4,GOOD,2,291.1,,ONLINE,OFF
TEL-12113,2025-03-29 00:00:00,EQX1017,35.3733,-119.0187,0.0,471.6,471.6,139.4,5842.7,2.4,85.9,58.3,GOOD,4,286.3,,ONLINE,OFF
TEL-12114,2025-03-29 01:00:00,EQX1017,35.3733,-119.0187,0.0,471.6,471.6,139.4,5842.8,2.4,85.8,58.2,GOOD,11,274.7,,ONLINE,OFF
TEL-12115,2025-03-29 02:00:00,EQX1017,35.3733,-119.0187,0.0,471.6,471.6,139.4,5842.9,2.4,85.8,58.1,GOOD,14,3.2,,ONLINE,OFF
TEL-12116,2025-03-29 03:00:00,EQX1017,35.3733,-119.0187,0.0,471.6,471.6,139.4,5843.0,2.4,85.8,58.0,GOOD,3,23.6,,ONLINE,OFF
TEL-12117,2025-03-29 04:00:00,EQX1017,35.3733,-119.0187,0.0,471.6,471.6,139.4,5843.1,2.4,85.8,57.9,GOOD,13,71.4,,ONLINE,OFF
TEL-12118,2025-03-29 05:00:00,EQX1017,35.3733,-119.0187,0.0,471.6,471.6,139.4,5843.2,2.4,85.7,57.8,GOOD,15,163.8,,ONLINE,OFF
TEL-12119,2025-03-29 06:00:00,EQX1017,35.3733,-119.0187,0.0,471.6,471.6,139.4,5843.3,2.4,85.7,57.7,GOOD,14,22.3,,ONLINE,OFF
TEL-12120,2025-03-29 07:00:00,EQX1017,35.3733,-119.0187,0.0,471.6,471.6,139.4,5843.4,2.4,85.7,57.6,GOOD,1,217.8,,ONLINE,OFF
TEL-12121,2025-03-29 08:00:00,EQX1017,35.376941,-119.02076,10.1,472.1,472.1,139.5,5849.7,151.7,83.9,57.5,WARNING,13,82.6,P0017,ONLINE,ON
TEL-12122,2025-03-29 09:00:00,EQX1017,35.370801,-119.022684,34.8,472.6,472.6,139.6,5854.7,118.8,82.4,57.4,GOOD,4,271.5,,ONLINE,ON
TEL-12123,2025-03-29 10:00:00,EQX1017,35.377452,-119.022948,27.2,473.1,473.1,139.7,5860.7,144.0,80.7,57.3,GOOD,28,147.5,,ONLINE,ON
TEL-12124,2025-03-29 11:00:00,EQX1017,35.374583,-119.021089,29.6,473.6,473.6,139.8,5866.8,147.4,79.0,57.2,GOOD,18,163.8,,ONLINE,ON
TEL-12125,2025-03-29 12:00:00,EQX1017,35.374365,-119.021361,27.0,474.1,474.1,139.9,5872.8,143.3,77.3,57.1,GOOD,27,246.8,,ONLINE,ON
TEL-12126,2025-07-08 08:00:00,EQX1018,37.338924,-121.886804,34.9,1078.2,1078.2,252.8,13526.3,135.1,83.4,81.6,GOOD,22,176.6,,ONLINE,ON
TEL-12127,2025-07-08 09:00:00,EQX1018,37.343145,-121.886764,26.6,1078.7,1078.7,252.9,13532.0,137.0,81.8,81.5,GOOD,30,148.9,,ONLINE,ON
TEL-12128,2025-07-08 10:00:00,EQX1018,37.341801,-121.891145,32.0,1079.2,1079.2,253.0,13538.1,145.7,80.0,81.4,GOOD,4,25.3,,ONLINE,ON
TEL-12129,2025-07-08 11:00:00,EQX1018,37.336479,-121.889708,30.2,1079.7,1079.7,253.1,13542.8,113.3,78.7,81.3,GOOD,21,109.8,,ONLINE,ON
TEL-12130,2025-07-08 12:00:00,EQX1018,37.334249,-121.888651,28.3,1080.2,1080.2,253.2,13549.0,147.8,76.9,81.2,GOOD,16,195.4,,ONLINE,ON
TEL-12131,2025-07-08 13:00:00,EQX1018,37.336474,-121.887321,33.1,1080.7,1080.7,253.3,13553.3,103.0,75.7,81.1,GOOD,1,167.3,,ONLINE,ON
TEL-12132,2025-07-08 14:00:00,EQX1018,37.339434,-121.885881,21.0,1081.2,1081.2,253.4,13560.0,161.5,73.8,81.0,GOOD,30,47.5,,ONLINE,ON
TEL-12133,2025-07-08 15:00:00,EQX1018,37.333539,-121.885248,31.8,1081.7,1081.7,253.5,13564.2,99.6,72.6,80.9,GOOD,17,129.9,,ONLINE,ON
TEL-12134,2025-07-08 16:00:00,EQX1018,37.342891,-121.884816,26.6,1082.2,1082.2,253.6,13571.0,164.9,70.6,80.8,GOOD,27,220.6,,ONLINE,ON
TEL-12135,2025-07-08 17:00:00,EQX1018,37.336036,-121.886781,20.4,1082.7,1082.7,253.7,13577.5,156.5,68.8,80.7,GOOD,25,225.4,,ONLINE,ON
TEL-12136,2025-07-08 18:00:00,EQX1018,37.3382,-121.8863,0.0,1082.7,1082.7,253.7,13577.6,2.4,68.7,80.6,GOOD,29,53.7,,ONLINE,OFF
TEL-12137,2025-07-08 19:00:00,EQX1018,37.3382,-121.8863,0.0,1082.7,1082.7,253.7,13577.8,2.4,68.7,80.5,GOOD,6,161.8,,ONLINE,OFF
TEL-12138,2025-07-08 20:00:00,EQX1018,37.3382,-121.8863,0.0,1082.7,1082.7,253.7,13577.9,2.4,68.7,80.4,GOOD,14,82.5,,ONLINE,OFF
TEL-12139,2025-07-08 21:00:00,EQX1018,37.3382,-121.8863,0.0,1082.7,1082.7,253.7,13578.0,2.4,68.6,80.3,GOOD,20,199.1,,ONLINE,OFF
TEL-12140,2025-07-08 22:00:00,EQX1018,37.3382,-121.8863,0.0,1082.7,1082.7,253.7,13578.1,2.4,68.6,80.2,GOOD,17,45.0,,ONLINE,OFF
TEL-12141,2025-07-08 23:00:00,EQX1018,37.3382,-121.8863,0.0,1082.7,1082.7,253.7,13578.2,2.4,68.6,80.1,GOOD,22,253.7,,ONLINE,OFF
TEL-12142,2025-07-09 00:00:00,EQX1018,37.3382,-121.8863,0.0,1082.7,1082.7,253.7,13578.3,2.4,68.6,80.0,GOOD,6,148.2,,ONLINE,OFF
TEL-12143,2025-07-09 01:00:00,EQX1018,37.3382,-121.8863,0.0,1082.7,1082.7,253.7,13578.4,2.4,68.5,79.9,GOOD,21,157.3,,ONLINE,OFF
TEL-12144,2025-07-09 02:00:00,EQX1018,37.3382,-121.8863,0.0,1082.7,1082.7,253.7,13578.5,2.4,68.5,79.8,GOOD,7,110.6,,ONLINE,OFF
TEL-12145,2025-07-09 03:00:00,EQX1018,37.3382,-121.8863,0.0,1082.7,1082.7,253.7,13578.6,2.4,68.5,79.7,GOOD,27,108.1,,ONLINE,OFF
TEL-12146,2025-07-09 04:00:00,EQX1018,37.3382,-121.8863,0.0,1082.7,1082.7,253.7,13578.7,2.4,68.4,79.6,GOOD,21,137.0,,ONLINE,OFF
TEL-12147,2025-07-09 05:00:00,EQX1018,37.3382,-121.8863,0.0,1082.7,1082.7,253.7,13578.8,2.4,68.4,79.5,GOOD,28,162.5,,ONLINE,OFF
TEL-12148,2025-07-09 06:00:00,EQX1018,37.3382,-121.8863,0.0,1082.7,1082.7,253.7,13578.9,2.4,68.4,79.4,GOOD,8,54.8,,ONLINE,OFF
TEL-12149,2025-07-09 07:00:00,EQX1018,37.3382,-121.8863,0.0,1082.7,1082.7,253.7,13579.0,2.4,68.4,79.3,GOOD,4,105.9,,ONLINE,OFF
TEL-12150,2025-07-09 08:00:00,EQX1018,37.339539,-121.889969,29.5,1083.2,1083.2,253.8,13584.1,124.3,66.9,79.2,GOOD,8,236.9,,ONLINE,ON
TEL-12151,2025-07-09 09:00:00,EQX1018,37.338662,-121.882285,29.9,1083.7,1083.7,253.9,13589.0,117.4,65.5,79.1,GOOD,12,49.3,,ONLINE,ON
TEL-12152,2025-07-09 10:00:00,EQX1018,37.33853,-121.887921,7.4,1084.2,1084.2,254.0,13595.7,161.3,63.6,79.0,GOOD,29,283.5,,ONLINE,ON
TEL-12153,2025-07-09 11:00:00,EQX1018,37.342661,-121.889083,16.7,1084.7,1084.7,254.1,13603.6,188.9,61.3,78.9,GOOD,19,234.5,,ONLINE,ON
TEL-12154,2025-07-09 12:00:00,EQX1018,37.338245,-121.885701,16.1,1085.2,1085.2,254.2,13608.5,117.4,59.9,78.8,GOOD,30,193.7,,ONLINE,ON
TEL-12155,2025-07-09 13:00:00,EQX1018,37.338787,-121.891144,20.6,1085.7,1085.7,254.3,13616.3,187.9,57.7,78.7,GOOD,21,86.2,,ONLINE,ON
TEL-12156,2025-07-09 14:00:00,EQX1018,37.339432,-121.882522,12.9,1086.2,1086.2,254.4,13620.4,96.7,56.5,78.6,GOOD,2,277.9,,ONLINE,ON
TEL-12157,2025-07-09 15:00:00,EQX1018,37.333669,-121.886085,8.4,1086.7,1086.7,254.5,13626.3,142.1,54.8,78.5,GOOD,8,238.0,,ONLINE,ON
TEL-12158,2025-07-09 16:00:00,EQX1018,37.334082,-121.888364,7.6,1087.2,1087.2,254.6,13631.7,131.0,53.3,78.4,GOOD,6,32.2,,ONLINE,ON
TEL-12159,2025-07-09 17:00:00,EQX1018,37.341375,-121.886541,26.9,1087.7,1087.7,254.7,13637.2,131.0,51.7,78.3,GOOD,7,239.6,,ONLINE,ON
TEL-12160,2025-07-09 18:00:00,EQX1018,37.3382,-121.8863,0.0,1087.7,1087.7,254.7,13637.3,2.4,51.7,78.2,CRITICAL,8,285.8,P0420,ONLINE,OFF
TEL-12161,2025-07-09 19:00:00,EQX1018,37.3382,-121.8863,0.0,1087.7,1087.7,254.7,13637.4,2.4,51.7,78.1,GOOD,9,285.1,,ONLINE,OFF
TEL-12162,2025-07-09 20:00:00,EQX1018,37.3382,-121.8863,0.0,1087.7,1087.7,254.7,13637.5,2.4,51.6,78.0,WARNING,5,137.0,P0217,ONLINE,OFF
TEL-12163,2025-07-09 21:00:00,EQX1018,37.3382,-121.8863,0.0,1087.7,1087.7,254.7,13637.6,2.4,51.6,77.9,GOOD,18,157.1,,ONLINE,OFF
TEL-12164,2025-07-09 22:00:00,EQX1018,37.3382,-121.8863,0.0,1087.7,1087.7,254.7,13637.7,2.4,51.6,77.8,GOOD,24,143.4,,ONLINE,OFF
TEL-12165,2025-07-09 23:00:00,EQX1018,37.3382,-121.8863,0.0,1087.7,1087.7,254.7,13637.8,2.4,51.5,77.7,GOOD,16,167.3,,ONLINE,OFF
TEL-12166,2025-07-10 00:00:00,EQX1018,37.3382,-121.8863,0.0,1087.7,1087.7,254.7,13637.9,2.4,51.5,77.6,GOOD,29,99.3,,ONLINE,OFF
TEL-12167,2025-07-10 01:00:00,EQX1018,37.3382,-121.8863,0.0,1087.7,1087.7,254.7,13638.0,2.4,51.5,77.5,GOOD,1,286.7,,ONLINE,OFF
TEL-12168,2025-07-10 02:00:00,EQX1018,37.3382,-121.8863,0.0,1087.7,1087.7,254.7,13638.1,2.4,51.5,77.4,GOOD,24,134.9,,ONLINE,OFF
TEL-12169,2025-07-10 03:00:00,EQX1018,37.3382,-121.8863,0.0,1087.7,1087.7,254.7,13638.2,2.4,51.4,77.3,GOOD,15,211.8,,ONLINE,OFF
TEL-12170,2025-07-10 04:00:00,EQX1018,37.3382,-121.8863,0.0,1087.7,1087.7,254.7,13638.3,2.4,51.4,77.2,GOOD,8,162.4,,ONLINE,OFF
TEL-12171,2025-07-10 05:00:00,EQX1018,37.3382,-121.8863,0.0,1087.7,1087.7,254.7,13638.4,2.4,51.4,77.1,GOOD,25,260.0,,ONLINE,OFF
TEL-12172,2025-07-10 06:00:00,EQX1018,37.3382,-121.8863,0.0,1087.7,1087.7,254.7,13638.5,2.4,51.3,77.0,GOOD,16,38.7,,ONLINE,OFF
TEL-12173,2025-07-10 07:00:00,EQX1018,37.3382,-121.8863,0.0,1087.7,1087.7,254.7,13638.6,2.4,51.3,76.9,GOOD,25,208.0,,ONLINE,OFF
TEL-12174,2025-07-10 08:00:00,EQX1018,37.333263,-121.890906,34.6,1088.2,1088.2,254.8,13642.7,98.4,50.1,76.8,GOOD,20,68.9,,ONLINE,ON
TEL-12175,2025-07-10 09:00:00,EQX1018,37.334511,-121.882526,24.4,1088.7,1088.7,254.9,13647.6,118.3,48.7,76.7,GOOD,25,97.8,,ONLINE,ON
TEL-12176,2025-07-10 10:00:00,EQX1018,37.338005,-121.886082,14.5,1089.2,1089.2,255.0,13652.5,115.9,47.4,76.6,GOOD,23,54.6,,ONLINE,ON
TEL-12177,2025-07-10 11:00:00,EQX1018,37.338448,-121.887469,8.0,1089.7,1089.7,255.1,13657.7,125.0,45.9,76.5,GOOD,15,43.2,,ONLINE,ON
TEL-12178,2025-07-10 12:00:00,EQX1018,37.337431,-121.882311,33.9,1090.2,1090.2,255.2,13664.4,162.2,43.9,76.4,GOOD,9,192.9,,ONLINE,ON
TEL-12179,2025-07-10 13:00:00,EQX1018,37.338353,-121.883913,9.5,1090.7,1090.7,255.3,13668.5,96.7,42.8,76.3,GOOD,6,284.9,,ONLINE,ON
TEL-12180,2025-07-10 14:00:00,EQX1018,37.340276,-121.883223,7.1,1091.2,1091.2,255.4,13673.3,116.9,41.4,76.2,GOOD,26,18.9,,ONLINE,ON
TEL-12181,2025-07-10 15:00:00,EQX1018,37.333271,-121.888251,11.0,1091.7,1091.7,255.5,13677.9,109.7,40.1,76.1,GOOD,0,265.6,,ONLINE,ON
TEL-12182,2025-07-10 16:00:00,EQX1018,37.33524,-121.885773,20.6,1092.2,1092.2,255.6,13683.6,135.8,38.5,76.0,GOOD,24,141.5,,ONLINE,ON
TEL-12183,2025-07-10 17:00:00,EQX1018,37.341069,-121.882301,20.6,1092.7,1092.7,255.7,13687.9,104.4,37.2,75.9,GOOD,23,292.0,,ONLINE,ON
TEL-12184,2025-07-10 18:00:00,EQX1018,37.3382,-121.8863,0.0,1092.7,1092.7,255.7,13688.0,2.4,37.2,75.8,GOOD,4,258.8,,ONLINE,OFF
TEL-12185,2025-07-10 19:00:00,EQX1018,37.3382,-121.8863,0.0,1092.7,1092.7,255.7,13688.1,2.4,37.2,75.7,GOOD,16,245.0,,ONLINE,OFF
TEL-12186,2025-07-10 20:00:00,EQX1018,37.3382,-121.8863,0.0,1092.7,1092.7,255.7,13688.2,2.4,37.1,75.6,GOOD,21,166.1,,ONLINE,OFF
TEL-12187,2025-07-10 21:00:00,EQX1018,37.3382,-121.8863,0.0,1092.7,1092.7,255.7,13688.3,2.4,37.1,75.5,GOOD,5,215.5,,ONLINE,OFF
TEL-12188,2025-07-10 22:00:00,EQX1018,37.3382,-121.8863,0.0,1092.7,1092.7,255.7,13688.4,2.4,37.1,75.4,GOOD,14,206.2,,ONLINE,OFF
TEL-12189,2025-07-10 23:00:00,EQX1018,37.3382,-121.8863,0.0,1092.7,1092.7,255.7,13688.5,2.4,37.1,75.3,GOOD,29,169.3,,ONLINE,OFF
TEL-12190,2025-07-11 00:00:00,EQX1018,37.3382,-121.8863,0.0,1092.7,1092.7,255.7,13688.6,2.4,37.0,75.2,GOOD,0,97.7,,ONLINE,OFF
TEL-12191,2025-07-11 01:00:00,EQX1018,37.3382,-121.8863,0.0,1092.7,1092.7,255.7,13688.7,2.4,37.0,75.1,GOOD,19,64.2,,ONLINE,OFF
TEL-12192,2025-07-11 02:00:00,EQX1018,37.3382,-121.8863,0.0,1092.7,1092.7,255.7,13688.8,2.4,37.0,75.0,GOOD,13,239.8,,ONLINE,OFF
TEL-12193,2025-07-11 03:00:00,EQX1018,37.3382,-121.8863,0.0,1092.7,1092.7,255.7,13688.9,2.4,36.9,74.9,GOOD,7,165.9,,ONLINE,OFF
TEL-12194,2025-07-11 04:00:00,EQX1018,37.3382,-121.8863,0.0,1092.7,1092.7,255.7,13689.0,2.4,36.9,74.8,GOOD,11,210.7,,ONLINE,OFF
TEL-12195,2025-07-11 05:00:00,EQX1018,37.3382,-121.8863,0.0,1092.7,1092.7,255.7,13689.1,2.4,36.9,74.7,GOOD,6,96.1,,ONLINE,OFF
TEL-12196,2025-07-11 06:00:00,EQX1018,37.3382,-121.8863,0.0,1092.7,1092.7,255.7,13689.2,2.4,36.9,74.6,GOOD,23,193.4,,ONLINE,OFF
TEL-12197,2025-07-11 07:00:00,EQX1018,37.3382,-121.8863,0.0,1092.7,1092.7,255.7,13689.3,2.4,36.8,74.5,GOOD,25,117.9,,ONLINE,OFF
TEL-12198,2025-07-11 08:00:00,EQX1018,37.341854,-121.885524,12.4,1093.2,1093.2,255.8,13693.4,97.9,35.7,74.4,GOOD,22,217.5,,ONLINE,ON
TEL-12199,2025-07-11 09:00:00,EQX1018,37.341806,-121.886912,10.4,1093.7,1093.7,255.9,13699.2,139.0,34.0,74.3,GOOD,2,48.6,,ONLINE,ON
TEL-12200,2025-07-11 10:00:00,EQX1018,37.340797,-121.882193,14.9,1094.2,1094.2,256.0,13705.9,160.1,32.1,74.2,GOOD,22,268.6,,ONLINE,ON
TEL-12201,2025-07-11 11:00:00,EQX1018,37.34235,-121.88887,14.8,1094.7,1094.7,256.1,13712.2,151.7,30.3,74.1,GOOD,24,291.6,,ONLINE,ON
TEL-12202,2025-07-11 12:00:00,EQX1018,37.340461,-121.890757,9.0,1095.2,1095.2,256.2,13717.6,131.0,28.7,74.0,GOOD,1,79.6,,ONLINE,ON
TEL-12203,2025-07-11 13:00:00,EQX1018,37.342048,-121.886114,21.6,1095.7,1095.7,256.3,13724.1,154.3,26.9,73.9,GOOD,11,205.1,,ONLINE,ON
TEL-12204,2025-07-11 14:00:00,EQX1018,37.339873,-121.887726,25.8,1096.2,1096.2,256.4,13731.0,165.4,24.9,73.8,GOOD,29,18.3,,ONLINE,ON
TEL-12205,2025-07-11 15:00:00,EQX1018,37.340886,-121.88928,30.1,1096.7,1096.7,256.5,13738.0,168.0,22.9,73.7,GOOD,29,116.4,,ONLINE,ON
TEL-12206,2025-07-11 16:00:00,EQX1018,37.336407,-121.886698,7.5,1097.2,1097.2,256.6,13744.2,151.0,21.1,73.6,GOOD,30,63.0,,ONLINE,ON
TEL-12207,2025-07-11 17:00:00,EQX1018,37.333428,-121.889808,26.8,1097.7,1097.7,256.7,13751.8,182.2,19.0,73.5,GOOD,23,282.5,,ONLINE,ON
TEL-12208,2025-07-11 18:00:00,EQX1018,37.3382,-121.8863,0.0,1097.7,1097.7,256.7,13751.9,2.4,18.9,73.4,GOOD,6,143.4,,ONLINE,OFF
TEL-12209,2025-07-11 19:00:00,EQX1018,37.3382,-121.8863,0.0,1097.7,1097.7,256.7,13752.0,2.4,18.9,73.3,GOOD,19,247.0,,ONLINE,OFF
TEL-12210,2025-07-11 20:00:00,EQX1018,37.3382,-121.8863,0.0,1097.7,1097.7,256.7,13752.1,2.4,18.9,73.2,GOOD,2,63.1,,ONLINE,OFF
TEL-12211,2025-07-11 21:00:00,EQX1018,37.3382,-121.8863,0.0,1097.7,1097.7,256.7,13752.2,2.4,18.8,73.1,GOOD,4,119.3,,ONLINE,OFF
TEL-12212,2025-07-11 22:00:00,EQX1018,37.3382,-121.8863,0.0,1097.7,1097.7,256.7,13752.3,2.4,18.8,73.0,GOOD,5,35.4,,ONLINE,OFF
TEL-12213,2025-07-11 23:00:00,EQX1018,37.3382,-121.8863,0.0,1097.7,1097.7,256.7,13752.4,2.4,18.8,72.9,GOOD,14,225.8,,ONLINE,OFF
TEL-12214,2025-07-12 00:00:00,EQX1018,37.3382,-121.8863,0.0,1097.7,1097.7,256.7,13752.5,2.4,18.8,72.8,GOOD,21,26.8,,ONLINE,OFF
TEL-12215,2025-07-12 01:00:00,EQX1018,37.3382,-121.8863,0.0,1097.7,1097.7,256.7,13752.6,2.4,18.7,72.7,GOOD,5,12.6,,ONLINE,OFF
TEL-12216,2025-07-12 02:00:00,EQX1018,37.3382,-121.8863,0.0,1097.7,1097.7,256.7,13752.7,2.4,18.7,72.6,WARNING,23,102.9,P0087,ONLINE,OFF
TEL-12217,2025-07-12 03:00:00,EQX1018,37.3382,-121.8863,0.0,1097.7,1097.7,256.7,13752.8,2.4,18.7,72.5,GOOD,7,59.4,,ONLINE,OFF
TEL-12218,2025-07-12 04:00:00,EQX1018,37.3382,-121.8863,0.0,1097.7,1097.7,256.7,13752.9,2.4,18.6,72.4,GOOD,18,57.7,,ONLINE,OFF
TEL-12219,2025-07-12 05:00:00,EQX1018,37.3382,-121.8863,0.0,1097.7,1097.7,256.7,13753.0,2.4,18.6,72.3,CRITICAL,14,195.2,P0087,ONLINE,OFF
TEL-12220,2025-07-12 06:00:00,EQX1018,37.3382,-121.8863,0.0,1097.7,1097.7,256.7,13753.1,2.4,18.6,72.2,GOOD,4,229.3,,ONLINE,OFF
TEL-12221,2025-07-12 07:00:00,EQX1018,37.3382,-121.8863,0.0,1097.7,1097.7,256.7,13753.2,2.4,18.6,72.1,GOOD,25,167.5,,ONLINE,OFF
TEL-12222,2025-07-12 08:00:00,EQX1018,37.341798,-121.885536,16.8,1098.2,1098.2,256.8,13759.3,146.4,16.8,72.0,GOOD,19,86.0,,ONLINE,ON
TEL-12223,2025-07-12 09:00:00,EQX1018,37.340206,-121.887633,8.9,1098.7,1098.7,256.9,13766.7,176.6,14.7,71.9,GOOD,26,237.3,,ONLINE,ON
TEL-12224,2025-07-12 10:00:00,EQX1018,37.342507,-121.884143,29.3,1099.2,1099.2,257.0,13773.6,166.6,12.7,71.8,GOOD,24,208.4,,OFFLINE,ON
TEL-12225,2025-07-12 11:00:00,EQX1018,37.342889,-121.890113,19.9,1099.7,1099.7,257.1,13777.7,97.7,11.6,71.7,GOOD,11,164.9,,ONLINE,ON
TEL-12226,2025-07-12 12:00:00,EQX1018,37.334503,-121.882837,21.2,1100.2,1100.2,257.2,13783.3,133.2,95.0,71.6,GOOD,23,233.6,,ONLINE,ON
TEL-12227,2025-07-12 13:00:00,EQX1018,37.337425,-121.887682,5.8,1100.7,1100.7,257.3,13791.2,191.0,92.7,71.5,GOOD,15,83.4,,ONLINE,ON
TEL-12228,2025-07-12 14:00:00,EQX1018,37.340415,-121.890446,10.0,1101.2,1101.2,257.4,13797.7,155.5,90.9,71.4,GOOD,13,68.5,,ONLINE,ON
TEL-12229,2025-07-12 15:00:00,EQX1018,37.342211,-121.887876,8.8,1101.7,1101.7,257.5,13802.8,123.1,89.4,71.3,GOOD,26,263.6,,ONLINE,ON
TEL-12230,2025-07-12 16:00:00,EQX1018,37.341865,-121.890976,24.0,1102.2,1102.2,257.6,13806.9,96.7,88.3,71.2,CRITICAL,29,271.5,P0217,ONLINE,ON
TEL-12231,2025-07-12 17:00:00,EQX1018,37.337715,-121.887068,33.7,1102.7,1102.7,257.7,13813.1,150.2,86.5,71.1,GOOD,11,132.8,,ONLINE,ON
TEL-12232,2025-07-12 18:00:00,EQX1018,37.3382,-121.8863,0.0,1102.7,1102.7,257.7,13813.2,2.4,86.4,71.0,GOOD,13,253.1,,ONLINE,OFF
TEL-12233,2025-07-12 19:00:00,EQX1018,37.3382,-121.8863,0.0,1102.7,1102.7,257.7,13813.3,2.4,86.4,70.9,GOOD,4,251.0,,ONLINE,OFF
TEL-12234,2025-07-12 20:00:00,EQX1018,37.3382,-121.8863,0.0,1102.7,1102.7,257.7,13813.4,2.4,86.4,70.8,GOOD,17,17.8,,ONLINE,OFF
TEL-12235,2025-07-12 21:00:00,EQX1018,37.3382,-121.8863,0.0,1102.7,1102.7,257.7,13813.5,2.4,86.4,70.7,GOOD,6,8.0,,ONLINE,OFF
TEL-12236,2025-07-12 22:00:00,EQX1018,37.3382,-121.8863,0.0,1102.7,1102.7,257.7,13813.6,2.4,86.3,70.6,GOOD,3,134.8,,ONLINE,OFF
TEL-12237,2025-07-12 23:00:00,EQX1018,37.3382,-121.8863,0.0,1102.7,1102.7,257.7,13813.7,2.4,86.3,70.5,GOOD,13,154.9,,ONLINE,OFF
TEL-12238,2025-07-13 00:00:00,EQX1018,37.3382,-121.8863,0.0,1102.7,1102.7,257.7,13813.8,2.4,86.3,70.4,GOOD,21,109.9,,ONLINE,OFF
TEL-12239,2025-07-13 01:00:00,EQX1018,37.3382,-121.8863,0.0,1102.7,1102.7,257.7,13813.9,2.4,86.2,70.3,GOOD,3,292.3,,ONLINE,OFF
TEL-12240,2025-07-13 02:00:00,EQX1018,37.3382,-121.8863,0.0,1102.7,1102.7,257.7,13814.0,2.4,86.2,70.2,GOOD,1,122.6,,ONLINE,OFF
TEL-12241,2025-07-13 03:00:00,EQX1018,37.3382,-121.8863,0.0,1102.7,1102.7,257.7,13814.1,2.4,86.2,70.1,GOOD,10,23.9,,ONLINE,OFF
TEL-12242,2025-07-13 04:00:00,EQX1018,37.3382,-121.8863,0.0,1102.7,1102.7,257.7,13814.2,2.4,86.2,70.0,GOOD,16,286.2,,ONLINE,OFF
TEL-12243,2025-07-13 05:00:00,EQX1018,37.3382,-121.8863,0.0,1102.7,1102.7,257.7,13814.3,2.4,86.1,69.9,GOOD,3,211.2,,ONLINE,OFF
TEL-12244,2025-07-13 06:00:00,EQX1018,37.3382,-121.8863,0.0,1102.7,1102.7,257.7,13814.4,2.4,86.1,69.8,GOOD,17,257.8,,OFFLINE,OFF
TEL-12245,2025-07-13 07:00:00,EQX1018,37.3382,-121.8863,0.0,1102.7,1102.7,257.7,13814.5,2.4,86.1,69.7,GOOD,19,76.1,,ONLINE,OFF
TEL-12246,2025-07-13 08:00:00,EQX1018,37.33519,-121.884589,5.9,1103.2,1103.2,257.8,13819.0,107.5,84.8,69.6,GOOD,12,47.0,,OFFLINE,ON
TEL-12247,2025-07-13 09:00:00,EQX1018,37.341583,-121.882404,29.3,1103.7,1103.7,257.9,13826.7,186.0,82.6,69.5,GOOD,11,175.5,,ONLINE,ON
TEL-12248,2025-07-13 10:00:00,EQX1018,37.33795,-121.890979,20.7,1104.2,1104.2,258.0,13834.1,175.7,80.5,69.4,GOOD,13,30.1,,ONLINE,ON
TEL-12249,2025-07-13 11:00:00,EQX1018,37.333878,-121.890135,34.0,1104.7,1104.7,258.1,13840.6,156.2,78.6,69.3,GOOD,14,37.3,,OFFLINE,ON
TEL-12250,2025-07-13 12:00:00,EQX1018,37.339056,-121.885861,12.6,1105.2,1105.2,258.2,13844.7,97.9,77.5,69.2,GOOD,22,168.9,,ONLINE,ON
TEL-12251,2025-01-08 08:00:00,EQX1019,37.802567,-122.274479,14.5,2540.3,2540.3,1047.1,33250.9,160.1,83.1,82.9,GOOD,1,242.3,,ONLINE,ON
TEL-12252,2025-01-08 09:00:00,EQX1019,37.808693,-122.27225,13.9,2540.8,2540.8,1047.2,33258.2,175.7,81.0,82.8,GOOD,20,67.1,,ONLINE,ON
TEL-12253,2025-01-08 10:00:00,EQX1019,37.800603,-122.272054,7.0,2541.3,2541.3,1047.3,33264.0,140.4,79.3,82.7,GOOD,3,123.3,,ONLINE,ON
TEL-12254,2025-01-08 11:00:00,EQX1019,37.802267,-122.275709,16.5,2541.8,2541.8,1047.4,33268.4,105.6,78.1,82.6,GOOD,7,249.3,,ONLINE,ON
TEL-12255,2025-01-08 12:00:00,EQX1019,37.806289,-122.271046,27.9,2542.3,2542.3,1047.5,33274.2,138.0,76.4,82.5,GOOD,18,273.6,,ONLINE,ON
TEL-12256,2025-01-08 13:00:00,EQX1019,37.806515,-122.267089,34.9,2542.8,2542.8,1047.6,33280.0,138.7,74.8,82.4,GOOD,30,198.1,,OFFLINE,ON
TEL-12257,2025-01-08 14:00:00,EQX1019,37.807598,-122.270794,5.8,2543.3,2543.3,1047.7,33285.8,140.9,73.1,82.3,GOOD,1,252.3,,ONLINE,ON
TEL-12258,2025-01-08 15:00:00,EQX1019,37.806004,-122.273605,24.8,2543.8,2543.8,1047.8,33292.5,159.4,71.2,82.2,GOOD,17,283.1,,ONLINE,ON
TEL-12259,2025-01-08 16:00:00,EQX1019,37.806909,-122.270484,29.0,2544.3,2544.3,1047.9,33297.4,118.6,69.8,82.1,GOOD,24,175.4,,ONLINE,ON
TEL-12260,2025-01-08 17:00:00,EQX1019,37.803845,-122.275976,32.0,2544.8,2544.8,1048.0,33305.0,182.2,67.6,82.0,GOOD,18,289.4,,ONLINE,ON
TEL-12261,2025-01-08 18:00:00,EQX1019,37.8044,-122.2712,0.0,2544.8,2544.8,1048.0,33305.1,2.4,67.6,81.9,GOOD,27,21.2,,ONLINE,OFF
TEL-12262,2025-01-08 19:00:00,EQX1019,37.8044,-122.2712,0.0,2544.8,2544.8,1048.0,33305.2,2.4,67.6,81.8,GOOD,17,41.5,,ONLINE,OFF
TEL-12263,2025-01-08 20:00:00,EQX1019,37.8044,-122.2712,0.0,2544.8,2544.8,1048.0,33305.3,2.4,67.5,81.7,GOOD,11,156.6,,ONLINE,OFF
TEL-12264,2025-01-08 21:00:00,EQX1019,37.8044,-122.2712,0.0,2544.8,2544.8,1048.0,33305.4,2.4,67.5,81.6,GOOD,16,112.1,,ONLINE,OFF
TEL-12265,2025-01-08 22:00:00,EQX1019,37.8044,-122.2712,0.0,2544.8,2544.8,1048.0,33305.5,2.4,67.5,81.5,GOOD,0,77.9,,ONLINE,OFF
TEL-12266,2025-01-08 23:00:00,EQX1019,37.8044,-122.2712,0.0,2544.8,2544.8,1048.0,33305.6,2.4,67.5,81.4,GOOD,2,248.6,,ONLINE,OFF
TEL-12267,2025-01-09 00:00:00,EQX1019,37.8044,-122.2712,0.0,2544.8,2544.8,1048.0,33305.7,2.4,67.4,81.3,GOOD,9,178.7,,ONLINE,OFF
TEL-12268,2025-01-09 01:00:00,EQX1019,37.8044,-122.2712,0.0,2544.8,2544.8,1048.0,33305.8,2.4,67.4,81.2,GOOD,5,153.3,,ONLINE,OFF
TEL-12269,2025-01-09 02:00:00,EQX1019,37.8044,-122.2712,0.0,2544.8,2544.8,1048.0,33305.9,2.4,67.4,81.1,GOOD,5,180.0,,ONLINE,OFF
TEL-12270,2025-01-09 03:00:00,EQX1019,37.8044,-122.2712,0.0,2544.8,2544.8,1048.0,33306.0,2.4,67.3,81.0,GOOD,23,225.6,,ONLINE,OFF
TEL-12271,2025-01-09 04:00:00,EQX1019,37.8044,-122.2712,0.0,2544.8,2544.8,1048.0,33306.1,2.4,67.3,80.9,GOOD,15,199.4,,ONLINE,OFF
TEL-12272,2025-01-09 05:00:00,EQX1019,37.8044,-122.2712,0.0,2544.8,2544.8,1048.0,33306.2,2.4,67.3,80.8,WARNING,7,214.0,P0217,ONLINE,OFF
TEL-12273,2025-01-09 06:00:00,EQX1019,37.8044,-122.2712,0.0,2544.8,2544.8,1048.0,33306.3,2.4,67.3,80.7,GOOD,13,33.7,,ONLINE,OFF
TEL-12274,2025-01-09 07:00:00,EQX1019,37.8044,-122.2712,0.0,2544.8,2544.8,1048.0,33306.4,2.4,67.2,80.6,GOOD,7,53.1,,ONLINE,OFF
TEL-12275,2025-01-09 08:00:00,EQX1019,37.804982,-122.272867,13.5,2545.3,2545.3,1048.1,33314.0,181.9,65.1,80.5,GOOD,29,138.1,,ONLINE,ON
TEL-12276,2025-01-09 09:00:00,EQX1019,37.803382,-122.273272,28.9,2545.8,2545.8,1048.2,33321.2,173.3,63.0,80.4,WARNING,29,126.5,P0420,ONLINE,ON
TEL-12277,2025-01-09 10:00:00,EQX1019,37.804868,-122.268996,24.2,2546.3,2546.3,1048.3,33328.5,176.2,60.9,80.3,GOOD,8,135.9,,ONLINE,ON
TEL-12278,2025-01-09 11:00:00,EQX1019,37.805008,-122.275178,14.4,2546.8,2546.8,1048.4,33332.8,102.2,59.7,80.2,GOOD,11,174.0,,OFFLINE,ON
TEL-12279,2025-01-09 12:00:00,EQX1019,37.804867,-122.276197,12.3,2547.3,2547.3,1048.5,33339.3,156.5,57.8,80.1,GOOD,24,66.6,,ONLINE,ON
TEL-12280,2025-01-09 13:00:00,EQX1019,37.805541,-122.267397,21.0,2547.8,2547.8,1048.6,33345.5,147.1,56.1,80.0,GOOD,15,45.4,,ONLINE,ON
TEL-12281,2025-01-09 14:00:00,EQX1019,37.800081,-122.275979,34.6,2548.3,2548.3,1048.7,33351.6,146.6,54.3,79.9,GOOD,2,64.3,,ONLINE,ON
TEL-12282,2025-01-09 15:00:00,EQX1019,37.806648,-122.272623,29.9,2548.8,2548.8,1048.8,33357.9,152.4,52.5,79.8,GOOD,26,49.0,,ONLINE,ON
TEL-12283,2025-01-09 16:00:00,EQX1019,37.801726,-122.271449,29.6,2549.3,2549.3,1048.9,33362.7,115.7,51.1,79.7,CRITICAL,7,13.1,P0087,ONLINE,ON
TEL-12284,2025-01-09 17:00:00,EQX1019,37.802725,-122.267899,12.6,2549.8,2549.8,1049.0,33369.0,149.5,49.4,79.6,WARNING,11,271.9,P0087,ONLINE,ON
TEL-12285,2025-01-09 18:00:00,EQX1019,37.8044,-122.2712,0.0,2549.8,2549.8,1049.0,33369.1,2.4,49.3,79.5,GOOD,3,184.9,,ONLINE,OFF
TEL-12286,2025-01-09 19:00:00,EQX1019,37.8044,-122.2712,0.0,2549.8,2549.8,1049.0,33369.2,2.4,49.3,79.4,GOOD,22,86.7,,ONLINE,OFF
TEL-12287,2025-01-09 20:00:00,EQX1019,37.8044,-122.2712,0.0,2549.8,2549.8,1049.0,33369.3,2.4,49.3,79.3,GOOD,2,141.0,,OFFLINE,OFF
TEL-12288,2025-01-09 21:00:00,EQX1019,37.8044,-122.2712,0.0,2549.8,2549.8,1049.0,33369.4,2.4,49.2,79.2,GOOD,2,231.7,,ONLINE,OFF
TEL-12289,2025-01-09 22:00:00,EQX1019,37.8044,-122.2712,0.0,2549.8,2549.8,1049.0,33369.5,2.4,49.2,79.1,GOOD,24,164.0,,ONLINE,OFF
TEL-12290,2025-01-09 23:00:00,EQX1019,37.8044,-122.2712,0.0,2549.8,2549.8,1049.0,33369.6,2.4,49.2,79.0,GOOD,0,259.9,,ONLINE,OFF
TEL-12291,2025-01-10 00:00:00,EQX1019,37.8044,-122.2712,0.0,2549.8,2549.8,1049.0,33369.7,2.4,49.2,78.9,GOOD,2,132.9,,ONLINE,OFF
TEL-12292,2025-01-10 01:00:00,EQX1019,37.8044,-122.2712,0.0,2549.8,2549.8,1049.0,33369.8,2.4,49.1,78.8,GOOD,7,251.9,,ONLINE,OFF
TEL-12293,2025-01-10 02:00:00,EQX1019,37.8044,-122.2712,0.0,2549.8,2549.8,1049.0,33369.9,2.4,49.1,78.7,GOOD,30,79.5,,ONLINE,OFF
TEL-12294,2025-01-10 03:00:00,EQX1019,37.8044,-122.2712,0.0,2549.8,2549.8,1049.0,33370.0,2.4,49.1,78.6,GOOD,29,74.7,,ONLINE,OFF
TEL-12295,2025-01-10 04:00:00,EQX1019,37.8044,-122.2712,0.0,2549.8,2549.8,1049.0,33370.1,2.4,49.0,78.5,GOOD,14,93.5,,ONLINE,OFF
TEL-12296,2025-01-10 05:00:00,EQX1019,37.8044,-122.2712,0.0,2549.8,2549.8,1049.0,33370.2,2.4,49.0,78.4,GOOD,27,27.1,,ONLINE,OFF
TEL-12297,2025-01-10 06:00:00,EQX1019,37.8044,-122.2712,0.0,2549.8,2549.8,1049.0,33370.3,2.4,49.0,78.3,GOOD,21,14.8,,ONLINE,OFF
TEL-12298,2025-01-10 07:00:00,EQX1019,37.8044,-122.2712,0.0,2549.8,2549.8,1049.0,33370.4,2.4,49.0,78.2,GOOD,5,17.6,,ONLINE,OFF
TEL-12299,2025-01-10 08:00:00,EQX1019,37.80637,-122.272385,25.6,2550.3,2550.3,1049.1,33376.3,141.8,47.3,78.1,GOOD,2,142.3,,ONLINE,ON
TEL-12300,2025-01-10 09:00:00,EQX1019,37.80536,-122.268673,17.7,2550.8,2550.8,1049.2,33383.2,165.8,45.3,78.0,GOOD,13,94.3,,ONLINE,ON
TEL-12301,2025-01-10 10:00:00,EQX1019,37.804547,-122.273601,17.3,2551.3,2551.3,1049.3,33390.0,164.2,43.3,77.9,GOOD,15,2.3,,ONLINE,ON
TEL-12302,2025-01-10 11:00:00,EQX1019,37.80747,-122.273213,5.7,2551.8,2551.8,1049.4,33396.6,158.9,41.4,77.8,GOOD,1,88.0,,ONLINE,ON
TEL-12303,2025-01-10 12:00:00,EQX1019,37.807255,-122.268794,16.3,2552.3,2552.3,1049.5,33402.1,132.0,39.9,77.7,GOOD,15,123.1,,ONLINE,ON
TEL-12304,2025-01-10 13:00:00,EQX1019,37.807602,-122.266886,14.8,2552.8,2552.8,1049.6,33407.9,137.8,38.2,77.6,GOOD,15,226.9,,ONLINE,ON
TEL-12305,2025-01-10 14:00:00,EQX1019,37.807225,-122.273115,15.2,2553.3,2553.3,1049.7,33415.5,181.7,36.1,77.5,GOOD,25,151.9,,ONLINE,ON
TEL-12306,2025-01-10 15:00:00,EQX1019,37.807222,-122.273619,23.3,2553.8,2553.8,1049.8,33421.2,136.8,34.4,77.4,GOOD,4,256.3,,ONLINE,ON
TEL-12307,2025-01-10 16:00:00,EQX1019,37.799942,-122.272235,10.5,2554.3,2554.3,1049.9,33426.8,136.1,32.8,77.3,GOOD,7,277.6,,ONLINE,ON
TEL-12308,2025-01-10 17:00:00,EQX1019,37.807956,-122.275016,5.3,2554.8,2554.8,1050.0,33434.6,185.5,30.6,77.2,GOOD,24,239.5,,ONLINE,ON
TEL-12309,2025-01-10 18:00:00,EQX1019,37.8044,-122.2712,0.0,2554.8,2554.8,1050.0,33434.7,2.4,30.6,77.1,GOOD,15,93.2,,ONLINE,OFF
TEL-12310,2025-01-10 19:00:00,EQX1019,37.8044,-122.2712,0.0,2554.8,2554.8,1050.0,33434.8,2.4,30.6,77.0,GOOD,0,31.1,,ONLINE,OFF
TEL-12311,2025-01-10 20:00:00,EQX1019,37.8044,-122.2712,0.0,2554.8,2554.8,1050.0,33434.9,2.4,30.5,76.9,GOOD,11,273.2,,ONLINE,OFF
TEL-12312,2025-01-10 21:00:00,EQX1019,37.8044,-122.2712,0.0,2554.8,2554.8,1050.0,33435.0,2.4,30.5,76.8,GOOD,25,155.1,,ONLINE,OFF
TEL-12313,2025-01-10 22:00:00,EQX1019,37.8044,-122.2712,0.0,2554.8,2554.8,1050.0,33435.1,2.4,30.5,76.7,GOOD,17,4.5,,ONLINE,OFF
TEL-12314,2025-01-10 23:00:00,EQX1019,37.8044,-122.2712,0.0,2554.8,2554.8,1050.0,33435.2,2.4,30.4,76.6,GOOD,22,148.4,,ONLINE,OFF
TEL-12315,2025-01-11 00:00:00,EQX1019,37.8044,-122.2712,0.0,2554.8,2554.8,1050.0,33435.3,2.4,30.4,76.5,GOOD,18,178.7,,ONLINE,OFF
TEL-12316,2025-01-11 01:00:00,EQX1019,37.8044,-122.2712,0.0,2554.8,2554.8,1050.0,33435.4,2.4,30.4,76.4,GOOD,0,279.3,,ONLINE,OFF
TEL-12317,2025-01-11 02:00:00,EQX1019,37.8044,-122.2712,0.0,2554.8,2554.8,1050.0,33435.5,2.4,30.4,76.3,GOOD,25,78.9,,ONLINE,OFF
TEL-12318,2025-01-11 03:00:00,EQX1019,37.8044,-122.2712,0.0,2554.8,2554.8,1050.0,33435.6,2.4,30.3,76.2,GOOD,23,33.3,,ONLINE,OFF
TEL-12319,2025-01-11 04:00:00,EQX1019,37.8044,-122.2712,0.0,2554.8,2554.8,1050.0,33435.7,2.4,30.3,76.1,GOOD,23,227.9,,ONLINE,OFF
TEL-12320,2025-01-11 05:00:00,EQX1019,37.8044,-122.2712,0.0,2554.8,2554.8,1050.0,33435.8,2.4,30.3,76.0,GOOD,18,218.8,,ONLINE,OFF
TEL-12321,2025-01-11 06:00:00,EQX1019,37.8044,-122.2712,0.0,2554.8,2554.8,1050.0,33435.9,2.4,30.2,75.9,GOOD,11,292.1,,ONLINE,OFF
TEL-12322,2025-01-11 07:00:00,EQX1019,37.8044,-122.2712,0.0,2554.8,2554.8,1050.0,33436.0,2.4,30.2,75.8,GOOD,16,52.4,,ONLINE,OFF
TEL-12323,2025-01-11 08:00:00,EQX1019,37.801726,-122.272957,8.8,2555.3,2555.3,1050.1,33442.6,160.6,28.3,75.7,GOOD,30,80.5,,ONLINE,ON
TEL-12324,2025-01-11 09:00:00,EQX1019,37.805928,-122.273348,5.9,2555.8,2555.8,1050.2,33450.4,186.7,26.1,75.6,GOOD,27,59.0,,ONLINE,ON
TEL-12325,2025-01-11 10:00:00,EQX1019,37.800942,-122.269071,31.4,2556.3,2556.3,1050.3,33454.9,106.8,24.8,75.5,GOOD,19,229.6,,ONLINE,ON
TEL-12326,2025-01-11 11:00:00,EQX1019,37.806734,-122.266367,26.9,2556.8,2556.8,1050.4,33460.8,143.3,23.1,75.4,GOOD,12,229.2,,ONLINE,ON
TEL-12327,2025-01-11 12:00:00,EQX1019,37.806823,-122.271307,12.3,2557.3,2557.3,1050.5,33466.0,124.1,21.6,75.3,WARNING,17,113.9,P0420,ONLINE,ON
TEL-12328,2025-01-11 13:00:00,EQX1019,37.806542,-122.269649,10.1,2557.8,2557.8,1050.6,33470.3,103.0,20.4,75.2,GOOD,19,235.2,,ONLINE,ON
TEL-12329,2025-01-11 14:00:00,EQX1019,37.806548,-122.274256,33.9,2558.3,2558.3,1050.7,33477.6,175.4,18.3,75.1,GOOD,7,97.5,,ONLINE,ON
TEL-12330,2025-01-11 15:00:00,EQX1019,37.808338,-122.27289,21.4,2558.8,2558.8,1050.8,33484.9,175.7,16.2,75.0,GOOD,1,257.4,,ONLINE,ON
TEL-12331,2025-01-11 16:00:00,EQX1019,37.804547,-122.269048,30.9,2559.3,2559.3,1050.9,33492.1,171.6,14.2,74.9,GOOD,9,154.3,,ONLINE,ON
TEL-12332,2025-01-11 17:00:00,EQX1019,37.802189,-122.273656,7.0,2559.8,2559.8,1051.0,33497.8,136.8,12.5,74.8,GOOD,8,128.2,,ONLINE,ON
TEL-12333,2025-01-11 18:00:00,EQX1019,37.8044,-122.2712,0.0,2559.8,2559.8,1051.0,33497.9,2.4,12.5,74.7,GOOD,11,206.5,,ONLINE,OFF
TEL-12334,2025-01-11 19:00:00,EQX1019,37.8044,-122.2712,0.0,2559.8,2559.8,1051.0,33498.0,2.4,12.5,74.6,GOOD,25,165.7,,ONLINE,OFF
TEL-12335,2025-01-11 20:00:00,EQX1019,37.8044,-122.2712,0.0,2559.8,2559.8,1051.0,33498.1,2.4,12.5,74.5,GOOD,25,217.8,,OFFLINE,OFF
TEL-12336,2025-01-11 21:00:00,EQX1019,37.8044,-122.2712,0.0,2559.8,2559.8,1051.0,33498.2,2.4,12.4,74.4,GOOD,17,136.9,,ONLINE,OFF
TEL-12337,2025-01-11 22:00:00,EQX1019,37.8044,-122.2712,0.0,2559.8,2559.8,1051.0,33498.3,2.4,12.4,74.3,GOOD,23,115.8,,ONLINE,OFF
TEL-12338,2025-01-11 23:00:00,EQX1019,37.8044,-122.2712,0.0,2559.8,2559.8,1051.0,33498.4,2.4,12.4,74.2,GOOD,16,154.3,,ONLINE,OFF
TEL-12339,2025-01-12 00:00:00,EQX1019,37.8044,-122.2712,0.0,2559.8,2559.8,1051.0,33498.5,2.4,12.3,74.1,GOOD,1,91.8,,ONLINE,OFF
TEL-12340,2025-01-12 01:00:00,EQX1019,37.8044,-122.2712,0.0,2559.8,2559.8,1051.0,33498.6,2.4,12.3,74.0,GOOD,26,143.8,,ONLINE,OFF
TEL-12341,2025-01-12 02:00:00,EQX1019,37.8044,-122.2712,0.0,2559.8,2559.8,1051.0,33498.7,2.4,12.3,73.9,GOOD,12,69.8,,ONLINE,OFF
TEL-12342,2025-01-12 03:00:00,EQX1019,37.8044,-122.2712,0.0,2559.8,2559.8,1051.0,33498.8,2.4,12.3,73.8,GOOD,17,224.3,,ONLINE,OFF
TEL-12343,2025-01-12 04:00:00,EQX1019,37.8044,-122.2712,0.0,2559.8,2559.8,1051.0,33498.9,2.4,12.2,73.7,GOOD,28,61.1,,ONLINE,OFF
TEL-12344,2025-01-12 05:00:00,EQX1019,37.8044,-122.2712,0.0,2559.8,2559.8,1051.0,33499.0,2.4,12.2,73.6,GOOD,16,70.6,,ONLINE,OFF
TEL-12345,2025-01-12 06:00:00,EQX1019,37.8044,-122.2712,0.0,2559.8,2559.8,1051.0,33499.1,2.4,12.2,73.5,GOOD,20,197.9,,ONLINE,OFF
TEL-12346,2025-01-12 07:00:00,EQX1019,37.8044,-122.2712,0.0,2559.8,2559.8,1051.0,33499.2,2.4,12.1,73.4,GOOD,30,264.5,,ONLINE,OFF
TEL-12347,2025-01-12 08:00:00,EQX1019,37.808642,-122.269083,11.3,2560.3,2560.3,1051.1,33503.9,112.6,10.8,73.3,GOOD,4,36.3,,ONLINE,ON
TEL-12348,2025-01-12 09:00:00,EQX1019,37.80829,-122.276037,29.5,2560.8,2560.8,1051.2,33507.9,97.4,95.0,73.2,GOOD,13,113.8,,ONLINE,ON
TEL-12349,2025-01-12 10:00:00,EQX1019,37.805369,-122.267522,6.4,2561.3,2561.3,1051.3,33512.1,98.9,93.8,73.1,GOOD,22,115.9,,ONLINE,ON
TEL-12350,2025-01-12 11:00:00,EQX1019,37.803127,-122.268231,5.3,2561.8,2561.8,1051.4,33516.4,103.9,92.6,73.0,GOOD,7,269.3,,ONLINE,ON
TEL-12351,2025-01-12 12:00:00,EQX1019,37.808834,-122.270304,13.7,2562.3,2562.3,1051.5,33521.7,126.7,91.1,72.9,GOOD,8,126.3,,ONLINE,ON
TEL-12352,2025-01-12 13:00:00,EQX1019,37.80135,-122.273107,27.5,2562.8,2562.8,1051.6,33529.1,178.1,89.0,72.8,GOOD,26,202.9,,ONLINE,ON
TEL-12353,2025-01-12 14:00:00,EQX1019,37.809346,-122.27163,7.9,2563.3,2563.3,1051.7,33533.1,96.2,87.8,72.7,GOOD,0,111.0,,ONLINE,ON
TEL-12354,2025-01-12 15:00:00,EQX1019,37.805283,-122.271825,29.5,2563.8,2563.8,1051.8,33540.9,186.5,85.6,72.6,CRITICAL,1,130.8,P0562,ONLINE,ON
TEL-12355,2025-01-12 16:00:00,EQX1019,37.80032,-122.27607,34.2,2564.3,2564.3,1051.9,33547.5,160.1,83.7,72.5,GOOD,9,260.3,,ONLINE,ON
TEL-12356,2025-01-12 17:00:00,EQX1019,37.808826,-122.266332,26.3,2564.8,2564.8,1052.0,33554.4,163.7,81.7,72.4,WARNING,17,97.2,P0300,ONLINE,ON
TEL-12357,2025-01-12 18:00:00,EQX1019,37.8044,-122.2712,0.0,2564.8,2564.8,1052.0,33554.5,2.4,81.7,72.3,GOOD,8,231.7,,ONLINE,OFF
TEL-12358,2025-01-12 19:00:00,EQX1019,37.8044,-122.2712,0.0,2564.8,2564.8,1052.0,33554.6,2.4,81.7,72.2,CRITICAL,24,58.4,P0420,ONLINE,OFF
TEL-12359,2025-01-12 20:00:00,EQX1019,37.8044,-122.2712,0.0,2564.8,2564.8,1052.0,33554.7,2.4,81.7,72.1,GOOD,12,160.3,,ONLINE,OFF
TEL-12360,2025-01-12 21:00:00,EQX1019,37.8044,-122.2712,0.0,2564.8,2564.8,1052.0,33554.8,2.4,81.6,72.0,GOOD,19,137.7,,ONLINE,OFF
TEL-12361,2025-01-12 22:00:00,EQX1019,37.8044,-122.2712,0.0,2564.8,2564.8,1052.0,33554.9,2.4,81.6,71.9,GOOD,17,156.0,,OFFLINE,OFF
TEL-12362,2025-01-12 23:00:00,EQX1019,37.8044,-122.2712,0.0,2564.8,2564.8,1052.0,33555.0,2.4,81.6,71.8,GOOD,21,198.1,,ONLINE,OFF
TEL-12363,2025-01-13 00:00:00,EQX1019,37.8044,-122.2712,0.0,2564.8,2564.8,1052.0,33555.1,2.4,81.5,71.7,GOOD,11,240.9,,ONLINE,OFF
TEL-12364,2025-01-13 01:00:00,EQX1019,37.8044,-122.2712,0.0,2564.8,2564.8,1052.0,33555.2,2.4,81.5,71.6,GOOD,18,136.3,,ONLINE,OFF
TEL-12365,2025-01-13 02:00:00,EQX1019,37.8044,-122.2712,0.0,2564.8,2564.8,1052.0,33555.3,2.4,81.5,71.5,GOOD,0,283.0,,ONLINE,OFF
TEL-12366,2025-01-13 03:00:00,EQX1019,37.8044,-122.2712,0.0,2564.8,2564.8,1052.0,33555.4,2.4,81.5,71.4,GOOD,11,136.4,,ONLINE,OFF
TEL-12367,2025-01-13 04:00:00,EQX1019,37.8044,-122.2712,0.0,2564.8,2564.8,1052.0,33555.5,2.4,81.4,71.3,GOOD,27,56.0,,ONLINE,OFF
TEL-12368,2025-01-13 05:00:00,EQX1019,37.8044,-122.2712,0.0,2564.8,2564.8,1052.0,33555.6,2.4,81.4,71.2,GOOD,0,228.3,,OFFLINE,OFF
TEL-12369,2025-01-13 06:00:00,EQX1019,37.8044,-122.2712,0.0,2564.8,2564.8,1052.0,33555.7,2.4,81.4,71.1,GOOD,30,21.9,,ONLINE,OFF
TEL-12370,2025-01-13 07:00:00,EQX1019,37.8044,-122.2712,0.0,2564.8,2564.8,1052.0,33555.8,2.4,81.3,71.0,GOOD,30,35.3,,ONLINE,OFF
TEL-12371,2025-01-13 08:00:00,EQX1019,37.80688,-122.271317,19.6,2565.3,2565.3,1052.1,33560.9,123.8,79.9,70.9,GOOD,2,29.0,,ONLINE,ON
TEL-12372,2025-01-13 09:00:00,EQX1019,37.802203,-122.270114,25.2,2565.8,2565.8,1052.2,33568.3,176.2,77.8,70.8,GOOD,13,79.9,,ONLINE,ON
TEL-12373,2025-01-13 10:00:00,EQX1019,37.804522,-122.275456,9.9,2566.3,2566.3,1052.3,33574.7,153.8,75.9,70.7,GOOD,29,265.2,,ONLINE,ON
TEL-12374,2025-01-13 11:00:00,EQX1019,37.800452,-122.270664,26.6,2566.8,2566.8,1052.4,33580.1,131.3,74.4,70.6,GOOD,26,250.5,,ONLINE,ON
TEL-12375,2025-01-13 12:00:00,EQX1019,37.807849,-122.274785,14.6,2567.3,2567.3,1052.5,33587.3,170.9,72.3,70.5,GOOD,26,0.0,,ONLINE,ON
TEL-12376,2024-08-10 08:00:00,EQX1020,37.772651,-122.423872,11.6,2139.0,2139.0,1029.6,23849.7,163.7,83.1,85.2,GOOD,8,254.3,,ONLINE,ON
TEL-12377,2024-08-10 09:00:00,EQX1020,37.7755,-122.421119,19.1,2139.5,2139.5,1029.7,23854.4,113.0,81.7,85.1,GOOD,0,17.5,,ONLINE,ON
TEL-12378,2024-08-10 10:00:00,EQX1020,37.775067,-122.422791,19.6,2140.0,2140.0,1029.8,23861.0,158.6,79.8,85.0,GOOD,2,40.9,,ONLINE,ON
TEL-12379,2024-08-10 11:00:00,EQX1020,37.779142,-122.416452,17.6,2140.5,2140.5,1029.9,23866.6,133.4,78.2,84.9,GOOD,1,235.9,,ONLINE,ON
TEL-12380,2024-08-10 12:00:00,EQX1020,37.77049,-122.423238,33.3,2141.0,2141.0,1030.0,23873.2,157.7,76.4,84.8,CRITICAL,27,139.1,P0087,ONLINE,ON
TEL-12381,2024-08-10 13:00:00,EQX1020,37.77305,-122.420126,29.2,2141.5,2141.5,1030.1,23881.1,190.1,74.1,84.7,GOOD,11,68.2,,ONLINE,ON
TEL-12382,2024-08-10 14:00:00,EQX1020,37.775595,-122.422404,29.5,2142.0,2142.0,1030.2,23888.3,172.3,72.0,84.6,WARNING,25,129.1,P0017,ONLINE,ON
TEL-12383,2024-08-10 15:00:00,EQX1020,37.772464,-122.417393,14.4,2142.5,2142.5,1030.3,23892.3,97.4,70.9,84.5,GOOD,16,172.2,,ONLINE,ON
TEL-12384,2024-08-10 16:00:00,EQX1020,37.77217,-122.417941,14.4,2143.0,2143.0,1030.4,23899.2,164.4,68.9,84.4,GOOD,13,177.9,,ONLINE,ON
TEL-12385,2024-08-10 17:00:00,EQX1020,37.771215,-122.421829,22.2,2143.5,2143.5,1030.5,23906.6,179.0,66.8,84.3,GOOD,13,250.9,,ONLINE,ON
TEL-12386,2024-08-10 18:00:00,EQX1020,37.7749,-122.4194,0.0,2143.5,2143.5,1030.5,23906.7,2.4,66.8,84.2,GOOD,29,42.4,,ONLINE,OFF
TEL-12387,2024-08-10 19:00:00,EQX1020,37.7749,-122.4194,0.0,2143.5,2143.5,1030.5,23906.8,2.4,66.7,84.1,GOOD,2,64.0,,ONLINE,OFF
TEL-12388,2024-08-10 20:00:00,EQX1020,37.7749,-122.4194,0.0,2143.5,2143.5,1030.5,23906.9,2.4,66.7,84.0,GOOD,10,13.6,,ONLINE,OFF
TEL-12389,2024-08-10 21:00:00,EQX1020,37.7749,-122.4194,0.0,2143.5,2143.5,1030.5,23907.0,2.4,66.7,83.9,GOOD,7,205.4,,ONLINE,OFF
TEL-12390,2024-08-10 22:00:00,EQX1020,37.7749,-122.4194,0.0,2143.5,2143.5,1030.5,23907.1,2.4,66.6,83.8,GOOD,28,235.1,,ONLINE,OFF
TEL-12391,2024-08-10 23:00:00,EQX1020,37.7749,-122.4194,0.0,2143.5,2143.5,1030.5,23907.2,2.4,66.6,83.7,GOOD,28,247.2,,ONLINE,OFF
TEL-12392,2024-08-11 00:00:00,EQX1020,37.7749,-122.4194,0.0,2143.5,2143.5,1030.5,23907.3,2.4,66.6,83.6,GOOD,1,121.7,,ONLINE,OFF
TEL-12393,2024-08-11 01:00:00,EQX1020,37.7749,-122.4194,0.0,2143.5,2143.5,1030.5,23907.4,2.4,66.6,83.5,GOOD,13,134.3,,ONLINE,OFF
TEL-12394,2024-08-11 02:00:00,EQX1020,37.7749,-122.4194,0.0,2143.5,2143.5,1030.5,23907.5,2.4,66.5,83.4,GOOD,8,267.3,,ONLINE,OFF
TEL-12395,2024-08-11 03:00:00,EQX1020,37.7749,-122.4194,0.0,2143.5,2143.5,1030.5,23907.6,2.4,66.5,83.3,GOOD,30,53.1,,ONLINE,OFF
TEL-12396,2024-08-11 04:00:00,EQX1020,37.7749,-122.4194,0.0,2143.5,2143.5,1030.5,23907.7,2.4,66.5,83.2,GOOD,29,189.2,,ONLINE,OFF
TEL-12397,2024-08-11 05:00:00,EQX1020,37.7749,-122.4194,0.0,2143.5,2143.5,1030.5,23907.8,2.4,66.4,83.1,GOOD,1,99.3,,ONLINE,OFF
TEL-12398,2024-08-11 06:00:00,EQX1020,37.7749,-122.4194,0.0,2143.5,2143.5,1030.5,23907.9,2.4,66.4,83.0,GOOD,22,15.0,,ONLINE,OFF
TEL-12399,2024-08-11 07:00:00,EQX1020,37.7749,-122.4194,0.0,2143.5,2143.5,1030.5,23908.0,2.4,66.4,82.9,GOOD,11,288.3,,ONLINE,OFF
TEL-12400,2024-08-11 08:00:00,EQX1020,37.769997,-122.42406,9.8,2144.0,2144.0,1030.6,23914.3,150.2,64.6,82.8,GOOD,10,32.1,,ONLINE,ON
TEL-12401,2024-08-11 09:00:00,EQX1020,37.776561,-122.418399,19.8,2144.5,2144.5,1030.7,23921.1,163.2,62.7,82.7,GOOD,2,299.0,,ONLINE,ON
TEL-12402,2024-08-11 10:00:00,EQX1020,37.77591,-122.417533,18.9,2145.0,2145.0,1030.8,23927.1,144.7,60.9,82.6,GOOD,22,282.7,,ONLINE,ON
TEL-12403,2024-08-11 11:00:00,EQX1020,37.771582,-122.424162,25.5,2145.5,2145.5,1030.9,23931.3,101.3,59.7,82.5,GOOD,7,94.5,,ONLINE,ON
TEL-12404,2024-08-11 12:00:00,EQX1020,37.776726,-122.414418,32.6,2146.0,2146.0,1031.0,23936.4,121.7,58.3,82.4,GOOD,5,131.3,,ONLINE,ON
TEL-12405,2024-08-11 13:00:00,EQX1020,37.778619,-122.423805,14.4,2146.5,2146.5,1031.1,23943.6,172.3,56.2,82.3,GOOD,25,209.9,,ONLINE,ON
TEL-12406,2024-08-11 14:00:00,EQX1020,37.778528,-122.415095,6.5,2147.0,2147.0,1031.2,23948.9,126.7,54.7,82.2,GOOD,25,196.4,,ONLINE,ON
TEL-12407,2024-08-11 15:00:00,EQX1020,37.776076,-122.42408,25.6,2147.5,2147.5,1031.3,23953.9,121.0,53.3,82.1,GOOD,15,30.0,,ONLINE,ON
TEL-12408,2024-08-11 16:00:00,EQX1020,37.77585,-122.423905,18.3,2148.0,2148.0,1031.4,23958.7,114.5,51.9,82.0,GOOD,21,109.8,,ONLINE,ON
TEL-12409,2024-08-11 17:00:00,EQX1020,37.770558,-122.424303,5.8,2148.5,2148.5,1031.5,23963.6,118.1,50.5,81.9,GOOD,19,64.9,,ONLINE,ON
TEL-12410,2024-08-11 18:00:00,EQX1020,37.7749,-122.4194,0.0,2148.5,2148.5,1031.5,23963.7,2.4,50.5,81.8,GOOD,28,173.7,,ONLINE,OFF
TEL-12411,2024-08-11 19:00:00,EQX1020,37.7749,-122.4194,0.0,2148.5,2148.5,1031.5,23963.8,2.4,50.5,81.7,GOOD,28,64.4,,OFFLINE,OFF
TEL-12412,2024-08-11 20:00:00,EQX1020,37.7749,-122.4194,0.0,2148.5,2148.5,1031.5,23963.9,2.4,50.4,81.6,GOOD,9,19.3,,ONLINE,OFF
TEL-12413,2024-08-11 21:00:00,EQX1020,37.7749,-122.4194,0.0,2148.5,2148.5,1031.5,23964.0,2.4,50.4,81.5,GOOD,30,66.4,,ONLINE,OFF
TEL-12414,2024-08-11 22:00:00,EQX1020,37.7749,-122.4194,0.0,2148.5,2148.5,1031.5,23964.1,2.4,50.4,81.4,GOOD,5,288.0,,ONLINE,OFF
TEL-12415,2024-08-11 23:00:00,EQX1020,37.7749,-122.4194,0.0,2148.5,2148.5,1031.5,23964.2,2.4,50.3,81.3,GOOD,11,205.8,,ONLINE,OFF
TEL-12416,2024-08-12 00:00:00,EQX1020,37.7749,-122.4194,0.0,2148.5,2148.5,1031.5,23964.3,2.4,50.3,81.2,WARNING,2,10.0,P0300,ONLINE,OFF
TEL-12417,2024-08-12 01:00:00,EQX1020,37.7749,-122.4194,0.0,2148.5,2148.5,1031.5,23964.4,2.4,50.3,81.1,GOOD,0,193.2,,ONLINE,OFF
TEL-12418,2024-08-12 02:00:00,EQX1020,37.7749,-122.4194,0.0,2148.5,2148.5,1031.5,23964.5,2.4,50.3,81.0,GOOD,26,164.2,,ONLINE,OFF
TEL-12419,2024-08-12 03:00:00,EQX1020,37.7749,-122.4194,0.0,2148.5,2148.5,1031.5,23964.6,2.4,50.2,80.9,GOOD,8,13.2,,ONLINE,OFF
TEL-12420,2024-08-12 04:00:00,EQX1020,37.7749,-122.4194,0.0,2148.5,2148.5,1031.5,23964.7,2.4,50.2,80.8,GOOD,8,208.3,,ONLINE,OFF
TEL-12421,2024-08-12 05:00:00,EQX1020,37.7749,-122.4194,0.0,2148.5,2148.5,1031.5,23964.8,2.4,50.2,80.7,GOOD,6,171.1,,ONLINE,OFF
TEL-12422,2024-08-12 06:00:00,EQX1020,37.7749,-122.4194,0.0,2148.5,2148.5,1031.5,23964.9,2.4,50.1,80.6,GOOD,11,258.6,,ONLINE,OFF
TEL-12423,2024-08-12 07:00:00,EQX1020,37.7749,-122.4194,0.0,2148.5,2148.5,1031.5,23965.0,2.4,50.1,80.5,GOOD,24,254.4,,OFFLINE,OFF
TEL-12424,2024-08-12 08:00:00,EQX1020,37.776229,-122.416116,9.7,2149.0,2149.0,1031.6,23970.3,127.4,48.6,80.4,GOOD,12,93.9,,ONLINE,ON
TEL-12425,2024-08-12 09:00:00,EQX1020,37.774494,-122.421852,8.9,2149.5,2149.5,1031.7,23975.9,133.4,47.0,80.3,GOOD,21,284.1,,ONLINE,ON
TEL-12426,2024-08-12 10:00:00,EQX1020,37.772977,-122.41584,26.1,2150.0,2150.0,1031.8,23980.5,110.4,45.7,80.2,GOOD,1,171.4,,ONLINE,ON
TEL-12427,2024-08-12 11:00:00,EQX1020,37.770364,-122.421957,24.3,2150.5,2150.5,1031.9,23988.0,181.7,43.5,80.1,GOOD,17,274.1,,ONLINE,ON
TEL-12428,2024-08-12 12:00:00,EQX1020,37.778929,-122.423516,20.3,2151.0,2151.0,1032.0,23993.0,119.3,42.1,80.0,GOOD,4,184.9,,ONLINE,ON
TEL-12429,2024-08-12 13:00:00,EQX1020,37.779653,-122.415279,5.2,2151.5,2151.5,1032.1,24000.6,182.2,39.9,79.9,GOOD,18,166.9,,ONLINE,ON
TEL-12430,2024-08-12 14:00:00,EQX1020,37.778507,-122.423523,34.5,2152.0,2152.0,1032.2,24006.4,139.2,38.3,79.8,GOOD,13,93.5,,ONLINE,ON
TEL-12431,2024-08-12 15:00:00,EQX1020,37.774091,-122.416359,16.9,2152.5,2152.5,1032.3,24011.3,118.1,36.9,79.7,CRITICAL,4,137.3,P0562,ONLINE,ON
TEL-12432,2024-08-12 16:00:00,EQX1020,37.779733,-122.415501,15.6,2153.0,2153.0,1032.4,24016.1,114.0,35.5,79.6,GOOD,29,133.5,,ONLINE,ON
TEL-12433,2024-08-12 17:00:00,EQX1020,37.777037,-122.418893,7.7,2153.5,2153.5,1032.5,24021.5,129.1,34.0,79.5,GOOD,30,50.5,,ONLINE,ON
TEL-12434,2024-08-12 18:00:00,EQX1020,37.7749,-122.4194,0.0,2153.5,2153.5,1032.5,24021.6,2.4,34.0,79.4,GOOD,2,105.8,,ONLINE,OFF
TEL-12435,2024-08-12 19:00:00,EQX1020,37.7749,-122.4194,0.0,2153.5,2153.5,1032.5,24021.7,2.4,33.9,79.3,GOOD,29,146.6,,ONLINE,OFF
TEL-12436,2024-08-12 20:00:00,EQX1020,37.7749,-122.4194,0.0,2153.5,2153.5,1032.5,24021.8,2.4,33.9,79.2,GOOD,3,231.8,,OFFLINE,OFF
TEL-12437,2024-08-12 21:00:00,EQX1020,37.7749,-122.4194,0.0,2153.5,2153.5,1032.5,24021.9,2.4,33.9,79.1,GOOD,17,165.2,,ONLINE,OFF
TEL-12438,2024-08-12 22:00:00,EQX1020,37.7749,-122.4194,0.0,2153.5,2153.5,1032.5,24022.0,2.4,33.8,79.0,GOOD,14,207.1,,ONLINE,OFF
TEL-12439,2024-08-12 23:00:00,EQX1020,37.7749,-122.4194,0.0,2153.5,2153.5,1032.5,24022.1,2.4,33.8,78.9,GOOD,17,155.0,,ONLINE,OFF
TEL-12440,2024-08-13 00:00:00,EQX1020,37.7749,-122.4194,0.0,2153.5,2153.5,1032.5,24022.2,2.4,33.8,78.8,GOOD,29,70.9,,ONLINE,OFF
TEL-12441,2024-08-13 01:00:00,EQX1020,37.7749,-122.4194,0.0,2153.5,2153.5,1032.5,24022.3,2.4,33.8,78.7,GOOD,6,20.2,,ONLINE,OFF
TEL-12442,2024-08-13 02:00:00,EQX1020,37.7749,-122.4194,0.0,2153.5,2153.5,1032.5,24022.4,2.4,33.7,78.6,GOOD,29,174.6,,ONLINE,OFF
TEL-12443,2024-08-13 03:00:00,EQX1020,37.7749,-122.4194,0.0,2153.5,2153.5,1032.5,24022.5,2.4,33.7,78.5,GOOD,30,264.6,,ONLINE,OFF
TEL-12444,2024-08-13 04:00:00,EQX1020,37.7749,-122.4194,0.0,2153.5,2153.5,1032.5,24022.6,2.4,33.7,78.4,GOOD,4,50.4,,ONLINE,OFF
TEL-12445,2024-08-13 05:00:00,EQX1020,37.7749,-122.4194,0.0,2153.5,2153.5,1032.5,24022.7,2.4,33.6,78.3,GOOD,17,64.1,,ONLINE,OFF
TEL-12446,2024-08-13 06:00:00,EQX1020,37.7749,-122.4194,0.0,2153.5,2153.5,1032.5,24022.8,2.4,33.6,78.2,GOOD,7,40.6,,ONLINE,OFF
TEL-12447,2024-08-13 07:00:00,EQX1020,37.7749,-122.4194,0.0,2153.5,2153.5,1032.5,24022.9,2.4,33.6,78.1,GOOD,8,146.2,,ONLINE,OFF
TEL-12448,2024-08-13 08:00:00,EQX1020,37.777393,-122.419151,13.4,2154.0,2154.0,1032.6,24027.7,116.4,32.2,78.0,GOOD,30,287.0,,ONLINE,ON
TEL-12449,2024-08-13 09:00:00,EQX1020,37.776631,-122.417043,22.3,2154.5,2154.5,1032.7,24034.5,164.2,30.2,77.9,GOOD,20,62.4,,ONLINE,ON
TEL-12450,2024-08-13 10:00:00,EQX1020,37.77209,-122.423088,6.5,2155.0,2155.0,1032.8,24042.3,186.0,28.0,77.8,GOOD,27,279.1,,ONLINE,ON
TEL-12451,2024-08-13 11:00:00,EQX1020,37.77184,-122.415415,25.9,2155.5,2155.5,1032.9,24046.7,105.8,26.8,77.7,GOOD,13,100.6,,ONLINE,ON
TEL-12452,2024-08-13 12:00:00,EQX1020,37.776722,-122.416151,6.4,2156.0,2156.0,1033.0,24051.7,120.2,25.3,77.6,GOOD,7,280.5,,ONLINE,ON
TEL-12453,2024-08-13 13:00:00,EQX1020,37.775746,-122.418289,18.2,2156.5,2156.5,1033.1,24057.6,140.2,23.7,77.5,GOOD,21,6.9,,ONLINE,ON
TEL-12454,2024-08-13 14:00:00,EQX1020,37.778735,-122.417542,9.9,2157.0,2157.0,1033.2,24063.9,153.4,21.8,77.4,GOOD,12,259.6,,ONLINE,ON
TEL-12455,2024-08-13 15:00:00,EQX1020,37.779458,-122.422218,6.2,2157.5,2157.5,1033.3,24071.7,186.7,19.6,77.3,GOOD,7,252.6,,ONLINE,ON
TEL-12456,2024-08-13 16:00:00,EQX1020,37.773771,-122.422778,27.3,2158.0,2158.0,1033.4,24079.0,174.7,17.5,77.2,GOOD,6,281.7,,ONLINE,ON
TEL-12457,2024-08-13 17:00:00,EQX1020,37.773959,-122.415552,17.6,2158.5,2158.5,1033.5,24083.1,97.4,16.4,77.1,GOOD,29,118.0,,ONLINE,ON
TEL-12458,2024-08-13 18:00:00,EQX1020,37.7749,-122.4194,0.0,2158.5,2158.5,1033.5,24083.2,2.4,16.4,77.0,GOOD,7,210.1,,ONLINE,OFF
TEL-12459,2024-08-13 19:00:00,EQX1020,37.7749,-122.4194,0.0,2158.5,2158.5,1033.5,24083.3,2.4,16.3,76.9,GOOD,12,108.6,,ONLINE,OFF
TEL-12460,2024-08-13 20:00:00,EQX1020,37.7749,-122.4194,0.0,2158.5,2158.5,1033.5,24083.4,2.4,16.3,76.8,GOOD,25,76.4,,ONLINE,OFF
TEL-12461,2024-08-13 21:00:00,EQX1020,37.7749,-122.4194,0.0,2158.5,2158.5,1033.5,24083.5,2.4,16.3,76.7,GOOD,6,205.5,,ONLINE,OFF
TEL-12462,2024-08-13 22:00:00,EQX1020,37.7749,-122.4194,0.0,2158.5,2158.5,1033.5,24083.6,2.4,16.2,76.6,GOOD,13,103.1,,ONLINE,OFF
TEL-12463,2024-08-13 23:00:00,EQX1020,37.7749,-122.4194,0.0,2158.5,2158.5,1033.5,24083.7,2.4,16.2,76.5,GOOD,6,38.8,,ONLINE,OFF
TEL-12464,2024-08-14 00:00:00,EQX1020,37.7749,-122.4194,0.0,2158.5,2158.5,1033.5,24083.8,2.4,16.2,76.4,GOOD,3,26.5,,ONLINE,OFF
TEL-12465,2024-08-14 01:00:00,EQX1020,37.7749,-122.4194,0.0,2158.5,2158.5,1033.5,24083.9,2.4,16.2,76.3,GOOD,21,41.2,,ONLINE,OFF
TEL-12466,2024-08-14 02:00:00,EQX1020,37.7749,-122.4194,0.0,2158.5,2158.5,1033.5,24084.0,2.4,16.1,76.2,GOOD,22,96.2,,ONLINE,OFF
TEL-12467,2024-08-14 03:00:00,EQX1020,37.7749,-122.4194,0.0,2158.5,2158.5,1033.5,24084.1,2.4,16.1,76.1,GOOD,16,190.9,,ONLINE,OFF
TEL-12468,2024-08-14 04:00:00,EQX1020,37.7749,-122.4194,0.0,2158.5,2158.5,1033.5,24084.2,2.4,16.1,76.0,GOOD,19,285.1,,ONLINE,OFF
TEL-12469,2024-08-14 05:00:00,EQX1020,37.7749,-122.4194,0.0,2158.5,2158.5,1033.5,24084.3,2.4,16.0,75.9,GOOD,4,191.8,,ONLINE,OFF
TEL-12470,2024-08-14 06:00:00,EQX1020,37.7749,-122.4194,0.0,2158.5,2158.5,1033.5,24084.4,2.4,16.0,75.8,GOOD,21,180.2,,ONLINE,OFF
TEL-12471,2024-08-14 07:00:00,EQX1020,37.7749,-122.4194,0.0,2158.5,2158.5,1033.5,24084.5,2.4,16.0,75.7,GOOD,10,241.5,,ONLINE,OFF
TEL-12472,2024-08-14 08:00:00,EQX1020,37.772717,-122.419791,31.6,2159.0,2159.0,1033.6,24091.3,165.1,14.0,75.6,GOOD,21,17.3,,ONLINE,ON
TEL-12473,2024-08-14 09:00:00,EQX1020,37.771923,-122.416248,20.9,2159.5,2159.5,1033.7,24096.2,117.6,12.6,75.5,GOOD,2,211.9,,ONLINE,ON
TEL-12474,2024-08-14 10:00:00,EQX1020,37.77018,-122.414599,16.0,2160.0,2160.0,1033.8,24102.9,160.1,10.7,75.4,GOOD,24,218.3,,ONLINE,ON
TEL-12475,2024-08-14 11:00:00,EQX1020,37.773208,-122.419865,32.5,2160.5,2160.5,1033.9,24109.2,150.0,95.0,75.3,GOOD,25,297.1,,ONLINE,ON
TEL-12476,2024-08-14 12:00:00,EQX1020,37.773255,-122.422406,26.7,2161.0,2161.0,1034.0,24116.9,186.5,92.8,75.2,GOOD,18,141.7,,ONLINE,ON
TEL-12477,2024-08-14 13:00:00,EQX1020,37.775846,-122.419372,30.7,2161.5,2161.5,1034.1,24122.5,133.7,91.2,75.1,GOOD,6,271.8,,ONLINE,ON
TEL-12478,2024-08-14 14:00:00,EQX1020,37.770121,-122.417423,8.8,2162.0,2162.0,1034.2,24127.2,113.0,89.8,75.0,WARNING,29,251.6,P0217,ONLINE,ON
TEL-12479,2024-08-14 15:00:00,EQX1020,37.778048,-122.422546,23.5,2162.5,2162.5,1034.3,24135.0,186.2,87.6,74.9,GOOD,25,282.0,,ONLINE,ON
TEL-12480,2024-08-14 16:00:00,EQX1020,37.771717,-122.415866,22.3,2163.0,2163.0,1034.4,24140.6,134.2,86.0,74.8,GOOD,8,41.0,,ONLINE,ON
TEL-12481,2024-08-14 17:00:00,EQX1020,37.772557,-122.420552,16.0,2163.5,2163.5,1034.5,24147.4,164.9,84.1,74.7,GOOD,21,286.1,,ONLINE,ON
TEL-12482,2024-08-14 18:00:00,EQX1020,37.7749,-122.4194,0.0,2163.5,2163.5,1034.5,24147.5,2.4,84.0,74.6,GOOD,28,47.2,,ONLINE,OFF
TEL-12483,2024-08-14 19:00:00,EQX1020,37.7749,-122.4194,0.0,2163.5,2163.5,1034.5,24147.6,2.4,84.0,74.5,GOOD,28,92.7,,ONLINE,OFF
TEL-12484,2024-08-14 20:00:00,EQX1020,37.7749,-122.4194,0.0,2163.5,2163.5,1034.5,24147.7,2.4,84.0,74.4,GOOD,7,197.3,,ONLINE,OFF
TEL-12485,2024-08-14 21:00:00,EQX1020,37.7749,-122.4194,0.0,2163.5,2163.5,1034.5,24147.8,2.4,84.0,74.3,GOOD,28,5.4,,ONLINE,OFF
TEL-12486,2024-08-14 22:00:00,EQX1020,37.7749,-122.4194,0.0,2163.5,2163.5,1034.5,24147.9,2.4,83.9,74.2,GOOD,30,159.2,,ONLINE,OFF
TEL-12487,2024-08-14 23:00:00,EQX1020,37.7749,-122.4194,0.0,2163.5,2163.5,1034.5,24148.0,2.4,83.9,74.1,GOOD,2,110.5,,ONLINE,OFF
TEL-12488,2024-08-15 00:00:00,EQX1020,37.7749,-122.4194,0.0,2163.5,2163.5,1034.5,24148.1,2.4,83.9,74.0,GOOD,8,95.5,,ONLINE,OFF
TEL-12489,2024-08-15 01:00:00,EQX1020,37.7749,-122.4194,0.0,2163.5,2163.5,1034.5,24148.2,2.4,83.8,73.9,GOOD,23,268.9,,ONLINE,OFF
TEL-12490,2024-08-15 02:00:00,EQX1020,37.7749,-122.4194,0.0,2163.5,2163.5,1034.5,24148.3,2.4,83.8,73.8,GOOD,8,80.1,,ONLINE,OFF
TEL-12491,2024-08-15 03:00:00,EQX1020,37.7749,-122.4194,0.0,2163.5,2163.5,1034.5,24148.4,2.4,83.8,73.7,GOOD,3,149.2,,ONLINE,OFF
TEL-12492,2024-08-15 04:00:00,EQX1020,37.7749,-122.4194,0.0,2163.5,2163.5,1034.5,24148.5,2.4,83.8,73.6,GOOD,26,203.0,,ONLINE,OFF
TEL-12493,2024-08-15 05:00:00,EQX1020,37.7749,-122.4194,0.0,2163.5,2163.5,1034.5,24148.6,2.4,83.7,73.5,GOOD,23,246.1,,ONLINE,OFF
TEL-12494,2024-08-15 06:00:00,EQX1020,37.7749,-122.4194,0.0,2163.5,2163.5,1034.5,24148.7,2.4,83.7,73.4,GOOD,18,129.0,,ONLINE,OFF
TEL-12495,2024-08-15 07:00:00,EQX1020,37.7749,-122.4194,0.0,2163.5,2163.5,1034.5,24148.8,2.4,83.7,73.3,GOOD,0,33.4,,ONLINE,OFF
TEL-12496,2024-08-15 08:00:00,EQX1020,37.777532,-122.417397,32.3,2164.0,2164.0,1034.6,24155.4,157.9,81.8,73.2,GOOD,29,161.1,,ONLINE,ON
TEL-12497,2024-08-15 09:00:00,EQX1020,37.775091,-122.414559,5.7,2164.5,2164.5,1034.7,24163.2,185.8,79.6,73.1,WARNING,15,256.9,P0087,ONLINE,ON
TEL-12498,2024-08-15 10:00:00,EQX1020,37.773098,-122.417774,10.3,2165.0,2165.0,1034.8,24167.7,108.2,78.3,73.0,GOOD,0,181.3,,ONLINE,ON
TEL-12499,2024-08-15 11:00:00,EQX1020,37.777592,-122.422224,11.8,2165.5,2165.5,1034.9,24174.0,151.0,76.5,72.9,GOOD,22,26.1,,ONLINE,ON
TEL-12500,2024-08-15 12:00:00,EQX1020,37.771881,-122.418176,34.8,2166.0,2166.0,1035.0,24181.6,183.1,74.3,72.8,GOOD,24,117.2,,ONLINE,ON
TEL-12501,2024-11-17 08:00:00,EQX1021,35.369578,-119.019965,23.9,3201.2,3201.2,666.0,41405.8,142.6,83.3,82.9,GOOD,27,197.8,,ONLINE,ON
TEL-12502,2024-11-17 09:00:00,EQX1021,35.374699,-119.015991,11.4,3201.7,3201.7,666.1,41410.8,118.6,81.9,82.8,GOOD,6,268.1,,ONLINE,ON
TEL-12503,2024-11-17 10:00:00,EQX1021,35.376829,-119.016788,23.1,3202.2,3202.2,666.2,41415.5,112.8,80.5,82.7,GOOD,7,234.6,,ONLINE,ON
TEL-12504,2024-11-17 11:00:00,EQX1021,35.373373,-119.01398,11.8,3202.7,3202.7,666.3,41420.4,117.8,79.1,82.6,GOOD,1,165.4,,ONLINE,ON
TEL-12505,2024-11-17 12:00:00,EQX1021,35.373278,-119.014104,18.8,3203.2,3203.2,666.4,41426.4,145.2,77.4,82.5,GOOD,26,256.1,,ONLINE,ON
TEL-12506,2024-11-17 13:00:00,EQX1021,35.36986,-119.022702,16.4,3203.7,3203.7,666.5,41430.8,105.4,76.2,82.4,GOOD,17,66.7,,ONLINE,ON
TEL-12507,2024-11-17 14:00:00,EQX1021,35.370129,-119.022804,33.9,3204.2,3204.2,666.6,41437.5,161.0,74.2,82.3,GOOD,26,189.1,,ONLINE,ON
TEL-12508,2024-11-17 15:00:00,EQX1021,35.370883,-119.019675,32.7,3204.7,3204.7,666.7,41444.6,169.2,72.2,82.2,GOOD,8,39.3,,ONLINE,ON
TEL-12509,2024-11-17 16:00:00,EQX1021,35.375209,-119.022172,11.3,3205.2,3205.2,666.8,41452.5,189.1,70.0,82.1,GOOD,16,5.1,,ONLINE,ON
TEL-12510,2024-11-17 17:00:00,EQX1021,35.36984,-119.018098,8.2,3205.7,3205.7,666.9,41458.9,154.3,68.1,82.0,GOOD,4,215.2,,ONLINE,ON
TEL-12511,2024-11-17 18:00:00,EQX1021,35.3733,-119.0187,0.0,3205.7,3205.7,666.9,41459.0,2.4,68.1,81.9,GOOD,5,220.3,,ONLINE,OFF
TEL-12512,2024-11-17 19:00:00,EQX1021,35.3733,-119.0187,0.0,3205.7,3205.7,666.9,41459.1,2.4,68.1,81.8,GOOD,28,185.4,,ONLINE,OFF
TEL-12513,2024-11-17 20:00:00,EQX1021,35.3733,-119.0187,0.0,3205.7,3205.7,666.9,41459.2,2.4,68.1,81.7,GOOD,28,116.9,,ONLINE,OFF
TEL-12514,2024-11-17 21:00:00,EQX1021,35.3733,-119.0187,0.0,3205.7,3205.7,666.9,41459.3,2.4,68.0,81.6,GOOD,27,239.6,,ONLINE,OFF
TEL-12515,2024-11-17 22:00:00,EQX1021,35.3733,-119.0187,0.0,3205.7,3205.7,666.9,41459.4,2.4,68.0,81.5,GOOD,8,119.0,,ONLINE,OFF
TEL-12516,2024-11-17 23:00:00,EQX1021,35.3733,-119.0187,0.0,3205.7,3205.7,666.9,41459.5,2.4,68.0,81.4,GOOD,0,145.7,,ONLINE,OFF
TEL-12517,2024-11-18 00:00:00,EQX1021,35.3733,-119.0187,0.0,3205.7,3205.7,666.9,41459.6,2.4,67.9,81.3,GOOD,24,36.6,,ONLINE,OFF
TEL-12518,2024-11-18 01:00:00,EQX1021,35.3733,-119.0187,0.0,3205.7,3205.7,666.9,41459.7,2.4,67.9,81.2,GOOD,2,65.9,,ONLINE,OFF
TEL-12519,2024-11-18 02:00:00,EQX1021,35.3733,-119.0187,0.0,3205.7,3205.7,666.9,41459.8,2.4,67.9,81.1,GOOD,25,86.0,,ONLINE,OFF
TEL-12520,2024-11-18 03:00:00,EQX1021,35.3733,-119.0187,0.0,3205.7,3205.7,666.9,41459.9,2.4,67.9,81.0,GOOD,21,109.6,,ONLINE,OFF
TEL-12521,2024-11-18 04:00:00,EQX1021,35.3733,-119.0187,0.0,3205.7,3205.7,666.9,41460.0,2.4,67.8,80.9,GOOD,1,108.5,,ONLINE,OFF
TEL-12522,2024-11-18 05:00:00,EQX1021,35.3733,-119.0187,0.0,3205.7,3205.7,666.9,41460.1,2.4,67.8,80.8,GOOD,20,197.9,,ONLINE,OFF
TEL-12523,2024-11-18 06:00:00,EQX1021,35.3733,-119.0187,0.0,3205.7,3205.7,666.9,41460.2,2.4,67.8,80.7,GOOD,2,23.2,,ONLINE,OFF
TEL-12524,2024-11-18 07:00:00,EQX1021,35.3733,-119.0187,0.0,3205.7,3205.7,666.9,41460.3,2.4,67.7,80.6,GOOD,8,5.1,,ONLINE,OFF
TEL-12525,2024-11-18 08:00:00,EQX1021,35.374224,-119.021585,33.0,3206.2,3206.2,667.0,41464.7,104.9,66.5,80.5,GOOD,11,241.5,,ONLINE,ON
TEL-12526,2024-11-18 09:00:00,EQX1021,35.368482,-119.022013,6.8,3206.7,3206.7,667.1,41471.9,173.0,64.4,80.4,GOOD,2,186.8,,ONLINE,ON
TEL-12527,2024-11-18 10:00:00,EQX1021,35.369198,-119.020625,24.6,3207.2,3207.2,667.2,41476.3,105.1,63.2,80.3,GOOD,24,214.9,,ONLINE,ON
TEL-12528,2024-11-18 11:00:00,EQX1021,35.373965,-119.019161,32.2,3207.7,3207.7,667.3,41482.7,155.5,61.3,80.2,WARNING,15,64.7,P0420,ONLINE,ON
TEL-12529,2024-11-18 12:00:00,EQX1021,35.369099,-119.017681,9.9,3208.2,3208.2,667.4,41488.7,143.0,59.6,80.1,GOOD,20,116.8,,ONLINE,ON
TEL-12530,2024-11-18 13:00:00,EQX1021,35.374068,-119.018396,27.9,3208.7,3208.7,667.5,41494.5,140.2,58.0,80.0,GOOD,13,105.7,,ONLINE,ON
TEL-12531,2024-11-18 14:00:00,EQX1021,35.375149,-119.014699,30.2,3209.2,3209.2,667.6,41502.3,185.8,55.7,79.9,GOOD,3,180.8,,ONLINE,ON
TEL-12532,2024-11-18 15:00:00,EQX1021,35.368609,-119.018575,23.9,3209.7,3209.7,667.7,41507.8,132.7,54.2,79.8,GOOD,10,54.5,,ONLINE,ON
TEL-12533,2024-11-18 16:00:00,EQX1021,35.368993,-119.015278,8.7,3210.2,3210.2,667.8,41512.0,100.3,53.0,79.7,GOOD,12,81.7,,ONLINE,ON
TEL-12534,2024-11-18 17:00:00,EQX1021,35.371141,-119.023631,13.5,3210.7,3210.7,667.9,41518.5,157.4,51.1,79.6,WARNING,13,290.5,P0087,ONLINE,ON
TEL-12535,2024-11-18 18:00:00,EQX1021,35.3733,-119.0187,0.0,3210.7,3210.7,667.9,41518.6,2.4,51.1,79.5,GOOD,24,130.6,,ONLINE,OFF
TEL-12536,2024-11-18 19:00:00,EQX1021,35.3733,-119.0187,0.0,3210.7,3210.7,667.9,41518.7,2.4,51.0,79.4,GOOD,29,92.9,,ONLINE,OFF
TEL-12537,2024-11-18 20:00:00,EQX1021,35.3733,-119.0187,0.0,3210.7,3210.7,667.9,41518.8,2.4,51.0,79.3,GOOD,28,104.3,,ONLINE,OFF
TEL-12538,2024-11-18 21:00:00,EQX1021,35.3733,-119.0187,0.0,3210.7,3210.7,667.9,41518.9,2.4,51.0,79.2,WARNING,1,6.9,P0217,ONLINE,OFF
TEL-12539,2024-11-18 22:00:00,EQX1021,35.3733,-119.0187,0.0,3210.7,3210.7,667.9,41519.0,2.4,51.0,79.1,GOOD,6,11.3,,ONLINE,OFF
TEL-12540,2024-11-18 23:00:00,EQX1021,35.3733,-119.0187,0.0,3210.7,3210.7,667.9,41519.1,2.4,50.9,79.0,GOOD,19,55.9,,ONLINE,OFF
TEL-12541,2024-11-19 00:00:00,EQX1021,35.3733,-119.0187,0.0,3210.7,3210.7,667.9,41519.2,2.4,50.9,78.9,GOOD,18,195.0,,ONLINE,OFF
TEL-12542,2024-11-19 01:00:00,EQX1021,35.3733,-119.0187,0.0,3210.7,3210.7,667.9,41519.3,2.4,50.9,78.8,GOOD,6,14.9,,ONLINE,OFF
TEL-12543,2024-11-19 02:00:00,EQX1021,35.3733,-119.0187,0.0,3210.7,3210.7,667.9,41519.4,2.4,50.8,78.7,CRITICAL,11,33.0,P0217,ONLINE,OFF
TEL-12544,2024-11-19 03:00:00,EQX1021,35.3733,-119.0187,0.0,3210.7,3210.7,667.9,41519.5,2.4,50.8,78.6,GOOD,13,89.9,,ONLINE,OFF
TEL-12545,2024-11-19 04:00:00,EQX1021,35.3733,-119.0187,0.0,3210.7,3210.7,667.9,41519.6,2.4,50.8,78.5,GOOD,29,157.4,,ONLINE,OFF
TEL-12546,2024-11-19 05:00:00,EQX1021,35.3733,-119.0187,0.0,3210.7,3210.7,667.9,41519.7,2.4,50.8,78.4,GOOD,19,118.0,,ONLINE,OFF
TEL-12547,2024-11-19 06:00:00,EQX1021,35.3733,-119.0187,0.0,3210.7,3210.7,667.9,41519.8,2.4,50.7,78.3,GOOD,9,291.7,,ONLINE,OFF
TEL-12548,2024-11-19 07:00:00,EQX1021,35.3733,-119.0187,0.0,3210.7,3210.7,667.9,41519.9,2.4,50.7,78.2,GOOD,9,223.6,,ONLINE,OFF
TEL-12549,2024-11-19 08:00:00,EQX1021,35.377267,-119.01758,14.2,3211.2,3211.2,668.0,41525.0,120.7,49.3,78.1,GOOD,18,73.4,,ONLINE,ON
TEL-12550,2024-11-19 09:00:00,EQX1021,35.370885,-119.017917,23.2,3211.7,3211.7,668.1,41532.3,176.2,47.2,78.0,GOOD,8,263.1,,ONLINE,ON
TEL-12551,2024-11-19 10:00:00,EQX1021,35.374874,-119.018086,12.9,3212.2,3212.2,668.2,41538.4,146.4,45.4,77.9,GOOD,10,150.2,,ONLINE,ON
TEL-12552,2024-11-19 11:00:00,EQX1021,35.370485,-119.017944,8.8,3212.7,3212.7,668.3,41545.3,165.4,43.5,77.8,GOOD,28,156.7,,ONLINE,ON
TEL-12553,2024-11-19 12:00:00,EQX1021,35.369336,-119.02362,30.7,3213.2,3213.2,668.4,41550.4,121.9,42.0,77.7,GOOD,4,18.4,,ONLINE,ON
TEL-12554,2024-11-19 13:00:00,EQX1021,35.373089,-119.020686,10.2,3213.7,3213.7,668.5,41557.8,178.6,39.9,77.6,GOOD,9,189.1,,ONLINE,ON
TEL-12555,2024-11-19 14:00:00,EQX1021,35.374156,-119.015109,28.5,3214.2,3214.2,668.6,41563.3,131.5,38.3,77.5,GOOD,1,90.5,,ONLINE,ON
TEL-12556,2024-11-19 15:00:00,EQX1021,35.368941,-119.016465,22.0,3214.7,3214.7,668.7,41570.7,177.4,36.2,77.4,GOOD,0,42.4,,ONLINE,ON
TEL-12557,2024-11-19 16:00:00,EQX1021,35.369448,-119.016362,27.1,3215.2,3215.2,668.8,41576.1,130.1,34.7,77.3,GOOD,27,106.9,,ONLINE,ON
TEL-12558,2024-11-19 17:00:00,EQX1021,35.371674,-119.016925,26.2,3215.7,3215.7,668.9,41581.7,133.7,33.1,77.2,CRITICAL,25,23.7,P0300,ONLINE,ON
TEL-12559,2024-11-19 18:00:00,EQX1021,35.3733,-119.0187,0.0,3215.7,3215.7,668.9,41581.8,2.4,33.0,77.1,GOOD,22,108.1,,ONLINE,OFF
TEL-12560,2024-11-19 19:00:00,EQX1021,35.3733,-119.0187,0.0,3215.7,3215.7,668.9,41581.9,2.4,33.0,77.0,GOOD,12,66.4,,ONLINE,OFF
TEL-12561,2024-11-19 20:00:00,EQX1021,35.3733,-119.0187,0.0,3215.7,3215.7,668.9,41582.0,2.4,33.0,76.9,GOOD,1,265.5,,ONLINE,OFF
TEL-12562,2024-11-19 21:00:00,EQX1021,35.3733,-119.0187,0.0,3215.7,3215.7,668.9,41582.1,2.4,32.9,76.8,GOOD,5,279.8,,ONLINE,OFF
TEL-12563,2024-11-19 22:00:00,EQX1021,35.3733,-119.0187,0.0,3215.7,3215.7,668.9,41582.2,2.4,32.9,76.7,WARNING,6,93.0,P0087,ONLINE,OFF
TEL-12564,2024-11-19 23:00:00,EQX1021,35.3733,-119.0187,0.0,3215.7,3215.7,668.9,41582.3,2.4,32.9,76.6,GOOD,3,5.6,,ONLINE,OFF
TEL-12565,2024-11-20 00:00:00,EQX1021,35.3733,-119.0187,0.0,3215.7,3215.7,668.9,41582.4,2.4,32.9,76.5,GOOD,16,222.4,,ONLINE,OFF
TEL-12566,2024-11-20 01:00:00,EQX1021,35.3733,-119.0187,0.0,3215.7,3215.7,668.9,41582.5,2.4,32.8,76.4,GOOD,17,249.4,,ONLINE,OFF
TEL-12567,2024-11-20 02:00:00,EQX1021,35.3733,-119.0187,0.0,3215.7,3215.7,668.9,41582.6,2.4,32.8,76.3,GOOD,20,94.1,,ONLINE,OFF
TEL-12568,2024-11-20 03:00:00,EQX1021,35.3733,-119.0187,0.0,3215.7,3215.7,668.9,41582.7,2.4,32.8,76.2,GOOD,12,226.0,,ONLINE,OFF
TEL-12569,2024-11-20 04:00:00,EQX1021,35.3733,-119.0187,0.0,3215.7,3215.7,668.9,41582.8,2.4,32.7,76.1,GOOD,2,194.0,,ONLINE,OFF
TEL-12570,2024-11-20 05:00:00,EQX1021,35.3733,-119.0187,0.0,3215.7,3215.7,668.9,41582.9,2.4,32.7,76.0,GOOD,14,79.0,,ONLINE,OFF
TEL-12571,2024-11-20 06:00:00,EQX1021,35.3733,-119.0187,0.0,3215.7,3215.7,668.9,41583.0,2.4,32.7,75.9,GOOD,1,46.5,,ONLINE,OFF
TEL-12572,2024-11-20 07:00:00,EQX1021,35.3733,-119.0187,0.0,3215.7,3215.7,668.9,41583.1,2.4,32.7,75.8,GOOD,1,49.0,,ONLINE,OFF
TEL-12573,2024-11-20 08:00:00,EQX1021,35.372208,-119.021888,29.5,3216.2,3216.2,669.0,41589.5,154.6,30.8,75.7,GOOD,24,276.7,,ONLINE,ON
TEL-12574,2024-11-20 09:00:00,EQX1021,35.369833,-119.015768,9.8,3216.7,3216.7,669.1,41594.3,115.2,29.4,75.6,WARNING,4,99.1,P0017,ONLINE,ON
TEL-12575,2024-11-20 10:00:00,EQX1021,35.3684,-119.02348,22.2,3217.2,3217.2,669.2,41598.8,106.3,28.2,75.5,GOOD,14,20.3,,ONLINE,ON
TEL-12576,2024-11-20 11:00:00,EQX1021,35.372863,-119.014372,25.8,3217.7,3217.7,669.3,41605.4,160.3,26.3,75.4,WARNING,4,232.8,P0300,ONLINE,ON
TEL-12577,2024-11-20 12:00:00,EQX1021,35.370791,-119.016216,23.3,3218.2,3218.2,669.4,41610.8,129.4,24.7,75.3,GOOD,6,16.8,,ONLINE,ON
TEL-12578,2024-11-20 13:00:00,EQX1021,35.374117,-119.016004,33.2,3218.7,3218.7,669.5,41615.5,112.6,23.4,75.2,GOOD,0,65.0,,ONLINE,ON
TEL-12579,2024-11-20 14:00:00,EQX1021,35.369571,-119.02074,26.5,3219.2,3219.2,669.6,41623.3,187.2,21.2,75.1,GOOD,18,242.8,,ONLINE,ON
TEL-12580,2024-11-20 15:00:00,EQX1021,35.372842,-119.02207,28.9,3219.7,3219.7,669.7,41631.0,184.1,19.0,75.0,GOOD,9,15.6,,OFFLINE,ON
TEL-12581,2024-11-20 16:00:00,EQX1021,35.372436,-119.015387,16.2,3220.2,3220.2,669.8,41636.7,138.2,17.3,74.9,GOOD,23,232.9,,ONLINE,ON
TEL-12582,2024-11-20 17:00:00,EQX1021,35.37521,-119.020489,8.0,3220.7,3220.7,669.9,41644.4,184.1,15.1,74.8,GOOD,25,249.7,,ONLINE,ON
TEL-12583,2024-11-20 18:00:00,EQX1021,35.3733,-119.0187,0.0,3220.7,3220.7,669.9,41644.5,2.4,15.1,74.7,GOOD,12,107.9,,ONLINE,OFF
TEL-12584,2024-11-20 19:00:00,EQX1021,35.3733,-119.0187,0.0,3220.7,3220.7,669.9,41644.6,2.4,15.1,74.6,GOOD,4,236.6,,ONLINE,OFF
TEL-12585,2024-11-20 20:00:00,EQX1021,35.3733,-119.0187,0.0,3220.7,3220.7,669.9,41644.7,2.4,15.1,74.5,GOOD,29,19.2,,ONLINE,OFF
TEL-12586,2024-11-20 21:00:00,EQX1021,35.3733,-119.0187,0.0,3220.7,3220.7,669.9,41644.8,2.4,15.0,74.4,GOOD,18,234.6,,ONLINE,OFF
TEL-12587,2024-11-20 22:00:00,EQX1021,35.3733,-119.0187,0.0,3220.7,3220.7,669.9,41644.9,2.4,15.0,74.3,GOOD,22,76.4,,ONLINE,OFF
TEL-12588,2024-11-20 23:00:00,EQX1021,35.3733,-119.0187,0.0,3220.7,3220.7,669.9,41645.0,2.4,15.0,74.2,GOOD,15,74.7,,ONLINE,OFF
TEL-12589,2024-11-21 00:00:00,EQX1021,35.3733,-119.0187,0.0,3220.7,3220.7,669.9,41645.1,2.4,14.9,74.1,GOOD,25,55.9,,ONLINE,OFF
TEL-12590,2024-11-21 01:00:00,EQX1021,35.3733,-119.0187,0.0,3220.7,3220.7,669.9,41645.2,2.4,14.9,74.0,GOOD,16,137.4,,ONLINE,OFF
TEL-12591,2024-11-21 02:00:00,EQX1021,35.3733,-119.0187,0.0,3220.7,3220.7,669.9,41645.3,2.4,14.9,73.9,GOOD,22,165.8,,ONLINE,OFF
TEL-12592,2024-11-21 03:00:00,EQX1021,35.3733,-119.0187,0.0,3220.7,3220.7,669.9,41645.4,2.4,14.9,73.8,GOOD,29,267.3,,ONLINE,OFF
TEL-12593,2024-11-21 04:00:00,EQX1021,35.3733,-119.0187,0.0,3220.7,3220.7,669.9,41645.5,2.4,14.8,73.7,GOOD,26,145.4,,ONLINE,OFF
TEL-12594,2024-11-21 05:00:00,EQX1021,35.3733,-119.0187,0.0,3220.7,3220.7,669.9,41645.6,2.4,14.8,73.6,GOOD,19,45.3,,ONLINE,OFF
TEL-12595,2024-11-21 06:00:00,EQX1021,35.3733,-119.0187,0.0,3220.7,3220.7,669.9,41645.7,2.4,14.8,73.5,GOOD,22,106.5,,ONLINE,OFF
TEL-12596,2024-11-21 07:00:00,EQX1021,35.3733,-119.0187,0.0,3220.7,3220.7,669.9,41645.8,2.4,14.7,73.4,GOOD,3,148.2,,ONLINE,OFF
TEL-12597,2024-11-21 08:00:00,EQX1021,35.372178,-119.021155,10.2,3221.2,3221.2,670.0,41650.4,109.7,13.4,73.3,GOOD,5,6.4,,ONLINE,ON
TEL-12598,2024-11-21 09:00:00,EQX1021,35.370061,-119.016909,30.7,3221.7,3221.7,670.1,41655.0,110.4,12.1,73.2,GOOD,28,193.8,,ONLINE,ON
TEL-12599,2024-11-21 10:00:00,EQX1021,35.375659,-119.016776,30.5,3222.2,3222.2,670.2,41659.8,114.5,10.8,73.1,GOOD,9,88.3,,ONLINE,ON
TEL-12600,2024-11-21 11:00:00,EQX1021,35.373322,-119.018514,18.3,3222.7,3222.7,670.3,41667.4,182.9,95.0,73.0,GOOD,10,3.5,,OFFLINE,ON
TEL-12601,2024-11-21 12:00:00,EQX1021,35.372042,-119.016869,18.9,3223.2,3223.2,670.4,41674.6,173.3,92.9,72.9,GOOD,2,183.6,,OFFLINE,ON
TEL-12602,2024-11-21 13:00:00,EQX1021,35.373268,-119.017461,31.2,3223.7,3223.7,670.5,41679.4,114.2,91.6,72.8,GOOD,20,197.4,,ONLINE,ON
TEL-12603,2024-11-21 14:00:00,EQX1021,35.372441,-119.02102,9.8,3224.2,3224.2,670.6,41686.9,180.2,89.4,72.7,GOOD,10,238.4,,ONLINE,ON
TEL-12604,2024-11-21 15:00:00,EQX1021,35.372484,-119.014842,9.8,3224.7,3224.7,670.7,41692.3,130.3,87.9,72.6,GOOD,25,181.4,,ONLINE,ON
TEL-12605,2024-11-21 16:00:00,EQX1021,35.369877,-119.017775,5.8,3225.2,3225.2,670.8,41697.8,131.5,86.3,72.5,GOOD,27,286.5,,ONLINE,ON
TEL-12606,2024-11-21 17:00:00,EQX1021,35.371477,-119.016125,28.1,3225.7,3225.7,670.9,41702.6,116.9,84.9,72.4,GOOD,13,73.3,,ONLINE,ON
TEL-12607,2024-11-21 18:00:00,EQX1021,35.3733,-119.0187,0.0,3225.7,3225.7,670.9,41702.7,2.4,84.9,72.3,GOOD,5,248.0,,ONLINE,OFF
TEL-12608,2024-11-21 19:00:00,EQX1021,35.3733,-119.0187,0.0,3225.7,3225.7,670.9,41702.8,2.4,84.9,72.2,GOOD,1,129.4,,ONLINE,OFF
TEL-12609,2024-11-21 20:00:00,EQX1021,35.3733,-119.0187,0.0,3225.7,3225.7,670.9,41702.9,2.4,84.8,72.1,GOOD,0,193.9,,ONLINE,OFF
TEL-12610,2024-11-21 21:00:00,EQX1021,35.3733,-119.0187,0.0,3225.7,3225.7,670.9,41703.0,2.4,84.8,72.0,GOOD,3,66.9,,ONLINE,OFF
TEL-12611,2024-11-21 22:00:00,EQX1021,35.3733,-119.0187,0.0,3225.7,3225.7,670.9,41703.1,2.4,84.8,71.9,GOOD,18,160.3,,ONLINE,OFF
TEL-12612,2024-11-21 23:00:00,EQX1021,35.3733,-119.0187,0.0,3225.7,3225.7,670.9,41703.2,2.4,84.8,71.8,GOOD,26,192.7,,ONLINE,OFF
TEL-12613,2024-11-22 00:00:00,EQX1021,35.3733,-119.0187,0.0,3225.7,3225.7,670.9,41703.3,2.4,84.7,71.7,GOOD,5,234.6,,ONLINE,OFF
TEL-12614,2024-11-22 01:00:00,EQX1021,35.3733,-119.0187,0.0,3225.7,3225.7,670.9,41703.4,2.4,84.7,71.6,GOOD,28,33.8,,ONLINE,OFF
TEL-12615,2024-11-22 02:00:00,EQX1021,35.3733,-119.0187,0.0,3225.7,3225.7,670.9,41703.5,2.4,84.7,71.5,GOOD,13,160.7,,ONLINE,OFF
TEL-12616,2024-11-22 03:00:00,EQX1021,35.3733,-119.0187,0.0,3225.7,3225.7,670.9,41703.6,2.4,84.6,71.4,CRITICAL,3,159.3,P0420,ONLINE,OFF
TEL-12617,2024-11-22 04:00:00,EQX1021,35.3733,-119.0187,0.0,3225.7,3225.7,670.9,41703.7,2.4,84.6,71.3,GOOD,9,225.0,,ONLINE,OFF
TEL-12618,2024-11-22 05:00:00,EQX1021,35.3733,-119.0187,0.0,3225.7,3225.7,670.9,41703.8,2.4,84.6,71.2,GOOD,12,53.3,,ONLINE,OFF
TEL-12619,2024-11-22 06:00:00,EQX1021,35.3733,-119.0187,0.0,3225.7,3225.7,670.9,41703.9,2.4,84.6,71.1,GOOD,20,157.3,,ONLINE,OFF
TEL-12620,2024-11-22 07:00:00,EQX1021,35.3733,-119.0187,0.0,3225.7,3225.7,670.9,41704.0,2.4,84.5,71.0,GOOD,23,287.9,,ONLINE,OFF
TEL-12621,2024-11-22 08:00:00,EQX1021,35.375789,-119.015949,24.1,3226.2,3226.2,671.0,41709.2,123.1,83.1,70.9,GOOD,4,65.3,,ONLINE,ON
TEL-12622,2024-11-22 09:00:00,EQX1021,35.377602,-119.015613,24.8,3226.7,3226.7,671.1,41713.6,106.8,81.8,70.8,GOOD,0,91.7,,ONLINE,ON
TEL-12623,2024-11-22 10:00:00,EQX1021,35.373619,-119.015742,6.9,3227.2,3227.2,671.2,41718.8,123.4,80.3,70.7,GOOD,30,153.3,,ONLINE,ON
TEL-12624,2024-11-22 11:00:00,EQX1021,35.369419,-119.018989,31.4,3227.7,3227.7,671.3,41725.9,170.2,78.3,70.6,GOOD,24,121.9,,ONLINE,ON
TEL-12625,2024-11-22 12:00:00,EQX1021,35.375207,-119.022735,23.3,3228.2,3228.2,671.4,41733.8,189.8,76.0,70.5,GOOD,3,220.6,,ONLINE,ON
TEL-12626,2025-03-27 08:00:00,EQX1022,37.770524,-122.420922,27.1,364.2,364.2,96.8,4479.0,167.5,83.0,76.3,GOOD,10,58.0,,ONLINE,ON
TEL-12627,2025-03-27 09:00:00,EQX1022,37.776218,-122.421134,16.9,364.7,364.7,96.9,4486.5,179.8,80.9,76.2,GOOD,16,269.7,,OFFLINE,ON
TEL-12628,2025-03-27 10:00:00,EQX1022,37.776791,-122.415151,21.5,365.2,365.2,97.0,4490.5,96.2,79.7,76.1,GOOD,21,233.5,,ONLINE,ON
TEL-12629,2025-03-27 11:00:00,EQX1022,37.77524,-122.420078,28.0,365.7,365.7,97.1,4494.7,102.0,78.5,76.0,GOOD,29,73.2,,ONLINE,ON
TEL-12630,2025-03-27 12:00:00,EQX1022,37.771968,-122.415679,11.8,366.2,366.2,97.2,4502.1,177.1,76.4,75.9,GOOD,25,264.8,,ONLINE,ON
TEL-12631,2025-03-27 13:00:00,EQX1022,37.77737,-122.419343,11.1,366.7,366.7,97.3,4509.4,174.2,74.3,75.8,GOOD,30,162.7,,ONLINE,ON
TEL-12632,2025-03-27 14:00:00,EQX1022,37.773876,-122.423352,29.3,367.2,367.2,97.4,4516.7,175.4,72.2,75.7,GOOD,24,32.6,,ONLINE,ON
TEL-12633,2025-03-27 15:00:00,EQX1022,37.777811,-122.422389,34.2,367.7,367.7,97.5,4521.4,114.2,70.9,75.6,GOOD,3,201.9,,ONLINE,ON
TEL-12634,2025-03-27 16:00:00,EQX1022,37.778877,-122.419789,30.5,368.2,368.2,97.6,4528.4,166.1,68.9,75.5,GOOD,16,143.1,,ONLINE,ON
TEL-12635,2025-03-27 17:00:00,EQX1022,37.770098,-122.414873,26.2,368.7,368.7,97.7,4535.4,169.4,66.9,75.4,GOOD,20,13.0,,ONLINE,ON
TEL-12636,2025-03-27 18:00:00,EQX1022,37.7749,-122.4194,0.0,368.7,368.7,97.7,4535.5,2.4,66.9,75.3,GOOD,5,1.9,,ONLINE,OFF
TEL-12637,2025-03-27 19:00:00,EQX1022,37.7749,-122.4194,0.0,368.7,368.7,97.7,4535.6,2.4,66.8,75.2,GOOD,20,244.0,,ONLINE,OFF
TEL-12638,2025-03-27 20:00:00,EQX1022,37.7749,-122.4194,0.0,368.7,368.7,97.7,4535.7,2.4,66.8,75.1,GOOD,19,133.4,,ONLINE,OFF
TEL-12639,2025-03-27 21:00:00,EQX1022,37.7749,-122.4194,0.0,368.7,368.7,97.7,4535.8,2.4,66.8,75.0,GOOD,3,105.7,,ONLINE,OFF
TEL-12640,2025-03-27 22:00:00,EQX1022,37.7749,-122.4194,0.0,368.7,368.7,97.7,4535.9,2.4,66.7,74.9,GOOD,7,162.3,,ONLINE,OFF
TEL-12641,2025-03-27 23:00:00,EQX1022,37.7749,-122.4194,0.0,368.7,368.7,97.7,4536.0,2.4,66.7,74.8,GOOD,21,5.0,,ONLINE,OFF
TEL-12642,2025-03-28 00:00:00,EQX1022,37.7749,-122.4194,0.0,368.7,368.7,97.7,4536.1,2.4,66.7,74.7,GOOD,12,110.6,,ONLINE,OFF
TEL-12643,2025-03-28 01:00:00,EQX1022,37.7749,-122.4194,0.0,368.7,368.7,97.7,4536.2,2.4,66.7,74.6,GOOD,5,183.5,,ONLINE,OFF
TEL-12644,2025-03-28 02:00:00,EQX1022,37.7749,-122.4194,0.0,368.7,368.7,97.7,4536.3,2.4,66.6,74.5,GOOD,14,61.2,,ONLINE,OFF
TEL-12645,2025-03-28 03:00:00,EQX1022,37.7749,-122.4194,0.0,368.7,368.7,97.7,4536.4,2.4,66.6,74.4,GOOD,5,103.0,,ONLINE,OFF
TEL-12646,2025-03-28 04:00:00,EQX1022,37.7749,-122.4194,0.0,368.7,368.7,97.7,4536.5,2.4,66.6,74.3,GOOD,20,2.7,,ONLINE,OFF
TEL-12647,2025-03-28 05:00:00,EQX1022,37.7749,-122.4194,0.0,368.7,368.7,97.7,4536.6,2.4,66.5,74.2,GOOD,27,182.3,,ONLINE,OFF
TEL-12648,2025-03-28 06:00:00,EQX1022,37.7749,-122.4194,0.0,368.7,368.7,97.7,4536.7,2.4,66.5,74.1,GOOD,19,123.6,,ONLINE,OFF
TEL-12649,2025-03-28 07:00:00,EQX1022,37.7749,-122.4194,0.0,368.7,368.7,97.7,4536.8,2.4,66.5,74.0,GOOD,14,172.2,,ONLINE,OFF
TEL-12650,2025-03-28 08:00:00,EQX1022,37.777718,-122.419827,16.9,369.2,369.2,97.8,4540.9,98.2,65.3,73.9,GOOD,17,105.6,,OFFLINE,ON
TEL-12651,2025-03-28 09:00:00,EQX1022,37.770653,-122.419309,23.5,369.7,369.7,97.9,4547.2,150.7,63.5,73.8,GOOD,27,90.7,,ONLINE,ON
TEL-12652,2025-03-28 10:00:00,EQX1022,37.77509,-122.418101,17.3,370.2,370.2,98.0,4552.2,119.3,62.1,73.7,GOOD,17,242.5,,ONLINE,ON
TEL-12653,2025-03-28 11:00:00,EQX1022,37.775237,-122.421748,8.2,370.7,370.7,98.1,4557.7,132.5,60.5,73.6,GOOD,5,198.9,,ONLINE,ON
TEL-12654,2025-03-28 12:00:00,EQX1022,37.779549,-122.423217,20.4,371.2,371.2,98.2,4563.3,133.9,58.9,73.5,GOOD,12,41.9,,OFFLINE,ON
TEL-12655,2025-03-28 13:00:00,EQX1022,37.775918,-122.423788,18.8,371.7,371.7,98.3,4568.9,134.2,57.3,73.4,GOOD,17,250.1,,ONLINE,ON
TEL-12656,2025-03-28 14:00:00,EQX1022,37.775463,-122.419004,15.8,372.2,372.2,98.4,4573.3,106.1,56.1,73.3,GOOD,25,12.3,,ONLINE,ON
TEL-12657,2025-03-28 15:00:00,EQX1022,37.77227,-122.41845,19.5,372.7,372.7,98.5,4579.9,160.1,54.2,73.2,GOOD,23,298.5,,ONLINE,ON
TEL-12658,2025-03-28 16:00:00,EQX1022,37.770046,-122.415145,21.6,373.2,373.2,98.6,4585.6,135.8,52.5,73.1,GOOD,0,14.2,,ONLINE,ON
TEL-12659,2025-03-28 17:00:00,EQX1022,37.777498,-122.420367,11.4,373.7,373.7,98.7,4592.3,161.3,50.6,73.0,GOOD,19,106.8,,ONLINE,ON
TEL-12660,2025-03-28 18:00:00,EQX1022,37.7749,-122.4194,0.0,373.7,373.7,98.7,4592.4,2.4,50.6,72.9,GOOD,12,87.8,,ONLINE,OFF
TEL-12661,2025-03-28 19:00:00,EQX1022,37.7749,-122.4194,0.0,373.7,373.7,98.7,4592.5,2.4,50.6,72.8,GOOD,14,293.6,,ONLINE,OFF
TEL-12662,2025-03-28 20:00:00,EQX1022,37.7749,-122.4194,0.0,373.7,373.7,98.7,4592.6,2.4,50.5,72.7,GOOD,14,170.8,,ONLINE,OFF
TEL-12663,2025-03-28 21:00:00,EQX1022,37.7749,-122.4194,0.0,373.7,373.7,98.7,4592.7,2.4,50.5,72.6,GOOD,0,196.1,,ONLINE,OFF
TEL-12664,2025-03-28 22:00:00,EQX1022,37.7749,-122.4194,0.0,373.7,373.7,98.7,4592.8,2.4,50.5,72.5,GOOD,25,10.5,,ONLINE,OFF
TEL-12665,2025-03-28 23:00:00,EQX1022,37.7749,-122.4194,0.0,373.7,373.7,98.7,4592.9,2.4,50.5,72.4,GOOD,28,206.4,,ONLINE,OFF
TEL-12666,2025-03-29 00:00:00,EQX1022,37.7749,-122.4194,0.0,373.7,373.7,98.7,4593.0,2.4,50.4,72.3,GOOD,30,290.7,,ONLINE,OFF
TEL-12667,2025-03-29 01:00:00,EQX1022,37.7749,-122.4194,0.0,373.7,373.7,98.7,4593.1,2.4,50.4,72.2,GOOD,15,82.3,,ONLINE,OFF
TEL-12668,2025-03-29 02:00:00,EQX1022,37.7749,-122.4194,0.0,373.7,373.7,98.7,4593.2,2.4,50.4,72.1,GOOD,12,245.6,,ONLINE,OFF
TEL-12669,2025-03-29 03:00:00,EQX1022,37.7749,-122.4194,0.0,373.7,373.7,98.7,4593.3,2.4,50.3,72.0,GOOD,4,236.2,,ONLINE,OFF
TEL-12670,2025-03-29 04:00:00,EQX1022,37.7749,-122.4194,0.0,373.7,373.7,98.7,4593.4,2.4,50.3,71.9,GOOD,19,130.9,,ONLINE,OFF
TEL-12671,2025-03-29 05:00:00,EQX1022,37.7749,-122.4194,0.0,373.7,373.7,98.7,4593.5,2.4,50.3,71.8,GOOD,5,55.3,,ONLINE,OFF
TEL-12672,2025-03-29 06:00:00,EQX1022,37.7749,-122.4194,0.0,373.7,373.7,98.7,4593.6,2.4,50.3,71.7,CRITICAL,6,279.6,P0087,ONLINE,OFF
TEL-12673,2025-03-29 07:00:00,EQX1022,37.7749,-122.4194,0.0,373.7,373.7,98.7,4593.7,2.4,50.2,71.6,GOOD,8,149.7,,ONLINE,OFF
TEL-12674,2025-03-29 08:00:00,EQX1022,37.776747,-122.421143,19.4,374.2,374.2,98.8,4599.3,133.4,48.6,71.5,GOOD,10,51.2,,ONLINE,ON
TEL-12675,2025-03-29 09:00:00,EQX1022,37.773025,-122.419509,30.4,374.7,374.7,98.9,4606.6,174.5,46.6,71.4,GOOD,10,218.6,,ONLINE,ON
TEL-12676,2025-03-29 10:00:00,EQX1022,37.778895,-122.423836,11.5,375.2,375.2,99.0,4611.2,111.8,45.2,71.3,GOOD,21,55.5,,ONLINE,ON
TEL-12677,2025-03-29 11:00:00,EQX1022,37.777691,-122.422032,7.7,375.7,375.7,99.1,4618.7,179.5,43.1,71.2,GOOD,14,148.4,,ONLINE,ON
TEL-12678,2025-03-29 12:00:00,EQX1022,37.777215,-122.418225,17.8,376.2,376.2,99.2,4623.8,121.9,41.6,71.1,GOOD,10,166.2,,ONLINE,ON
TEL-12679,2025-03-29 13:00:00,EQX1022,37.776713,-122.420937,10.1,376.7,376.7,99.3,4630.1,152.2,39.8,71.0,GOOD,12,34.7,,ONLINE,ON
TEL-12680,2025-03-29 14:00:00,EQX1022,37.774386,-122.423853,20.1,377.2,377.2,99.4,4636.1,143.0,38.1,70.9,GOOD,20,14.1,,ONLINE,ON
TEL-12681,2025-03-29 15:00:00,EQX1022,37.772973,-122.419684,14.3,377.7,377.7,99.5,4640.4,104.9,36.9,70.8,GOOD,11,231.7,,ONLINE,ON
TEL-12682,2025-03-29 16:00:00,EQX1022,37.778432,-122.421442,13.9,378.2,378.2,99.6,4647.9,180.0,34.7,70.7,GOOD,3,106.9,,ONLINE,ON
TEL-12683,2025-03-29 17:00:00,EQX1022,37.771894,-122.421506,14.0,378.7,378.7,99.7,4655.2,173.3,32.7,70.6,GOOD,10,69.4,,ONLINE,ON
TEL-12684,2025-03-29 18:00:00,EQX1022,37.7749,-122.4194,0.0,378.7,378.7,99.7,4655.3,2.4,32.6,70.5,WARNING,3,159.0,P0087,ONLINE,OFF
TEL-12685,2025-03-29 19:00:00,EQX1022,37.7749,-122.4194,0.0,378.7,378.7,99.7,4655.4,2.4,32.6,70.4,GOOD,6,71.9,,ONLINE,OFF
TEL-12686,2025-03-29 20:00:00,EQX1022,37.7749,-122.4194,0.0,378.7,378.7,99.7,4655.5,2.4,32.6,70.3,GOOD,13,280.9,,ONLINE,OFF
TEL-12687,2025-03-29 21:00:00,EQX1022,37.7749,-122.4194,0.0,378.7,378.7,99.7,4655.6,2.4,32.6,70.2,GOOD,25,274.1,,ONLINE,OFF
TEL-12688,2025-03-29 22:00:00,EQX1022,37.7749,-122.4194,0.0,378.7,378.7,99.7,4655.7,2.4,32.5,70.1,GOOD,15,58.9,,ONLINE,OFF
TEL-12689,2025-03-29 23:00:00,EQX1022,37.7749,-122.4194,0.0,378.7,378.7,99.7,4655.8,2.4,32.5,70.0,GOOD,21,18.8,,ONLINE,OFF
TEL-12690,2025-03-30 00:00:00,EQX1022,37.7749,-122.4194,0.0,378.7,378.7,99.7,4655.9,2.4,32.5,69.9,GOOD,10,249.5,,ONLINE,OFF
TEL-12691,2025-03-30 01:00:00,EQX1022,37.7749,-122.4194,0.0,378.7,378.7,99.7,4656.0,2.4,32.4,69.8,GOOD,25,241.7,,ONLINE,OFF
TEL-12692,2025-03-30 02:00:00,EQX1022,37.7749,-122.4194,0.0,378.7,378.7,99.7,4656.1,2.4,32.4,69.7,GOOD,3,106.9,,ONLINE,OFF
TEL-12693,2025-03-30 03:00:00,EQX1022,37.7749,-122.4194,0.0,378.7,378.7,99.7,4656.2,2.4,32.4,69.6,GOOD,12,149.0,,ONLINE,OFF
TEL-12694,2025-03-30 04:00:00,EQX1022,37.7749,-122.4194,0.0,378.7,378.7,99.7,4656.3,2.4,32.4,69.5,GOOD,5,177.7,,ONLINE,OFF
TEL-12695,2025-03-30 05:00:00,EQX1022,37.7749,-122.4194,0.0,378.7,378.7,99.7,4656.4,2.4,32.3,69.4,GOOD,7,63.0,,ONLINE,OFF
TEL-12696,2025-03-30 06:00:00,EQX1022,37.7749,-122.4194,0.0,378.7,378.7,99.7,4656.5,2.4,32.3,69.3,GOOD,28,112.8,,ONLINE,OFF
TEL-12697,2025-03-30 07:00:00,EQX1022,37.7749,-122.4194,0.0,378.7,378.7,99.7,4656.6,2.4,32.3,69.2,GOOD,1,182.9,,ONLINE,OFF
TEL-12698,2025-03-30 08:00:00,EQX1022,37.771022,-122.419077,22.3,379.2,379.2,99.8,4663.7,171.8,30.2,69.1,GOOD,18,5.1,,ONLINE,ON
TEL-12699,2025-03-30 09:00:00,EQX1022,37.773304,-122.423448,32.2,379.7,379.7,99.9,4671.1,175.9,28.1,69.0,GOOD,21,156.6,,ONLINE,ON
TEL-12700,2025-03-30 10:00:00,EQX1022,37.772669,-122.415021,32.1,380.2,380.2,100.0,4675.7,112.3,26.8,68.9,GOOD,24,281.7,,ONLINE,ON
TEL-12701,2025-03-30 11:00:00,EQX1022,37.773607,-122.422693,30.2,380.7,380.7,100.1,4682.2,155.0,24.9,68.8,GOOD,24,266.9,,ONLINE,ON
TEL-12702,2025-03-30 12:00:00,EQX1022,37.775099,-122.414946,14.9,381.2,381.2,100.2,4689.0,164.2,23.0,68.7,GOOD,1,53.7,,ONLINE,ON
TEL-12703,2025-03-30 13:00:00,EQX1022,37.775288,-122.417797,7.1,381.7,381.7,100.3,4696.0,167.5,21.0,68.6,GOOD,2,246.0,,ONLINE,ON
TEL-12704,2025-03-30 14:00:00,EQX1022,37.778973,-122.419881,14.0,382.2,382.2,100.4,4702.2,147.8,19.2,68.5,CRITICAL,24,174.2,P0217,ONLINE,ON
TEL-12705,2025-03-30 15:00:00,EQX1022,37.778009,-122.416501,14.0,382.7,382.7,100.5,4710.0,188.6,17.0,68.4,GOOD,15,228.2,,ONLINE,ON
TEL-12706,2025-03-30 16:00:00,EQX1022,37.770948,-122.422578,9.8,383.2,383.2,100.6,4718.0,191.5,14.7,68.3,GOOD,16,150.8,,ONLINE,ON
TEL-12707,2025-03-30 17:00:00,EQX1022,37.770719,-122.421942,27.6,383.7,383.7,100.7,4725.4,177.6,12.6,68.2,GOOD,17,23.9,,ONLINE,ON
TEL-12708,2025-03-30 18:00:00,EQX1022,37.7749,-122.4194,0.0,383.7,383.7,100.7,4725.5,2.4,12.6,68.1,CRITICAL,23,238.5,P0017,ONLINE,OFF
TEL-12709,2025-03-30 19:00:00,EQX1022,37.7749,-122.4194,0.0,383.7,383.7,100.7,4725.6,2.4,12.5,68.0,GOOD,18,189.1,,ONLINE,OFF
TEL-12710,2025-03-30 20:00:00,EQX1022,37.7749,-122.4194,0.0,383.7,383.7,100.7,4725.7,2.4,12.5,67.9,GOOD,1,111.1,,ONLINE,OFF
TEL-12711,2025-03-30 21:00:00,EQX1022,37.7749,-122.4194,0.0,383.7,383.7,100.7,4725.8,2.4,12.5,67.8,GOOD,18,62.3,,ONLINE,OFF
TEL-12712,2025-03-30 22:00:00,EQX1022,37.7749,-122.4194,0.0,383.7,383.7,100.7,4725.9,2.4,12.5,67.7,GOOD,21,93.9,,ONLINE,OFF
TEL-12713,2025-03-30 23:00:00,EQX1022,37.7749,-122.4194,0.0,383.7,383.7,100.7,4726.0,2.4,12.4,67.6,GOOD,14,288.4,,ONLINE,OFF
TEL-12714,2025-03-31 00:00:00,EQX1022,37.7749,-122.4194,0.0,383.7,383.7,100.7,4726.1,2.4,12.4,67.5,GOOD,4,202.0,,OFFLINE,OFF
TEL-12715,2025-03-31 01:00:00,EQX1022,37.7749,-122.4194,0.0,383.7,383.7,100.7,4726.2,2.4,12.4,67.4,GOOD,7,236.2,,OFFLINE,OFF
TEL-12716,2025-03-31 02:00:00,EQX1022,37.7749,-122.4194,0.0,383.7,383.7,100.7,4726.3,2.4,12.3,67.3,GOOD,4,255.8,,ONLINE,OFF
TEL-12717,2025-03-31 03:00:00,EQX1022,37.7749,-122.4194,0.0,383.7,383.7,100.7,4726.4,2.4,12.3,67.2,GOOD,10,104.9,,ONLINE,OFF
TEL-12718,2025-03-31 04:00:00,EQX1022,37.7749,-122.4194,0.0,383.7,383.7,100.7,4726.5,2.4,12.3,67.1,GOOD,22,159.3,,ONLINE,OFF
TEL-12719,2025-03-31 05:00:00,EQX1022,37.7749,-122.4194,0.0,383.7,383.7,100.7,4726.6,2.4,12.3,67.0,GOOD,22,36.9,,ONLINE,OFF
TEL-12720,2025-03-31 06:00:00,EQX1022,37.7749,-122.4194,0.0,383.7,383.7,100.7,4726.7,2.4,12.2,66.9,GOOD,6,214.4,,ONLINE,OFF
TEL-12721,2025-03-31 07:00:00,EQX1022,37.7749,-122.4194,0.0,383.7,383.7,100.7,4726.8,2.4,12.2,66.8,GOOD,22,238.5,,ONLINE,OFF
TEL-12722,2025-03-31 08:00:00,EQX1022,37.771299,-122.420001,20.9,384.2,384.2,100.8,4731.6,115.7,10.8,66.7,GOOD,23,179.9,,ONLINE,ON
TEL-12723,2025-03-31 09:00:00,EQX1022,37.776087,-122.417357,22.1,384.7,384.7,100.9,4736.5,116.2,95.0,66.6,GOOD,27,293.0,,ONLINE,ON
TEL-12724,2025-03-31 10:00:00,EQX1022,37.779456,-122.419896,30.2,385.2,385.2,101.0,4742.2,137.3,93.4,66.5,GOOD,27,115.8,,ONLINE,ON
TEL-12725,2025-03-31 11:00:00,EQX1022,37.773471,-122.416501,16.3,385.7,385.7,101.1,4748.5,152.2,91.6,66.4,GOOD,7,117.9,,ONLINE,ON
TEL-12726,2025-03-31 12:00:00,EQX1022,37.774981,-122.422,25.4,386.2,386.2,101.2,4752.7,100.1,90.4,66.3,GOOD,27,47.5,,ONLINE,ON
TEL-12727,2025-03-31 13:00:00,EQX1022,37.773999,-122.420969,22.8,386.7,386.7,101.3,4760.7,191.8,88.1,66.2,GOOD,2,113.3,,ONLINE,ON
TEL-12728,2025-03-31 14:00:00,EQX1022,37.774022,-122.42405,12.6,387.2,387.2,101.4,4765.0,102.5,86.9,66.1,GOOD,14,287.7,,ONLINE,ON
TEL-12729,2025-03-31 15:00:00,EQX1022,37.778622,-122.418052,14.7,387.7,387.7,101.5,4772.5,181.7,84.7,66.0,GOOD,1,292.6,,ONLINE,ON
TEL-12730,2025-03-31 16:00:00,EQX1022,37.775369,-122.423046,33.9,388.2,388.2,101.6,4776.7,99.6,83.5,65.9,CRITICAL,15,125.9,P0087,ONLINE,ON
TEL-12731,2025-03-31 17:00:00,EQX1022,37.770924,-122.418062,17.7,388.7,388.7,101.7,4784.4,185.5,81.3,65.8,GOOD,16,226.5,,ONLINE,ON
TEL-12732,2025-03-31 18:00:00,EQX1022,37.7749,-122.4194,0.0,388.7,388.7,101.7,4784.5,2.4,81.3,65.7,GOOD,0,172.6,,ONLINE,OFF
TEL-12733,2025-03-31 19:00:00,EQX1022,37.7749,-122.4194,0.0,388.7,388.7,101.7,4784.6,2.4,81.2,65.6,WARNING,12,78.0,P0300,ONLINE,OFF
TEL-12734,2025-03-31 20:00:00,EQX1022,37.7749,-122.4194,0.0,388.7,388.7,101.7,4784.7,2.4,81.2,65.5,GOOD,20,289.6,,ONLINE,OFF
TEL-12735,2025-03-31 21:00:00,EQX1022,37.7749,-122.4194,0.0,388.7,388.7,101.7,4784.8,2.4,81.2,65.4,GOOD,17,229.1,,ONLINE,OFF
TEL-12736,2025-03-31 22:00:00,EQX1022,37.7749,-122.4194,0.0,388.7,388.7,101.7,4784.9,2.4,81.2,65.3,GOOD,8,261.4,,ONLINE,OFF
TEL-12737,2025-03-31 23:00:00,EQX1022,37.7749,-122.4194,0.0,388.7,388.7,101.7,4785.0,2.4,81.1,65.2,GOOD,7,249.3,,ONLINE,OFF
TEL-12738,2025-04-01 00:00:00,EQX1022,37.7749,-122.4194,0.0,388.7,388.7,101.7,4785.1,2.4,81.1,65.1,GOOD,4,253.8,,ONLINE,OFF
TEL-12739,2025-04-01 01:00:00,EQX1022,37.7749,-122.4194,0.0,388.7,388.7,101.7,4785.2,2.4,81.1,65.0,GOOD,20,290.4,,ONLINE,OFF
TEL-12740,2025-04-01 02:00:00,EQX1022,37.7749,-122.4194,0.0,388.7,388.7,101.7,4785.3,2.4,81.0,64.9,GOOD,25,31.7,,ONLINE,OFF
TEL-12741,2025-04-01 03:00:00,EQX1022,37.7749,-122.4194,0.0,388.7,388.7,101.7,4785.4,2.4,81.0,64.8,GOOD,23,229.7,,ONLINE,OFF
TEL-12742,2025-04-01 04:00:00,EQX1022,37.7749,-122.4194,0.0,388.7,388.7,101.7,4785.5,2.4,81.0,64.7,GOOD,16,228.0,,ONLINE,OFF
TEL-12743,2025-04-01 05:00:00,EQX1022,37.7749,-122.4194,0.0,388.7,388.7,101.7,4785.6,2.4,81.0,64.6,GOOD,15,133.0,,ONLINE,OFF
TEL-12744,2025-04-01 06:00:00,EQX1022,37.7749,-122.4194,0.0,388.7,388.7,101.7,4785.7,2.4,80.9,64.5,GOOD,7,64.3,,ONLINE,OFF
TEL-12745,2025-04-01 07:00:00,EQX1022,37.7749,-122.4194,0.0,388.7,388.7,101.7,4785.8,2.4,80.9,64.4,CRITICAL,3,69.8,P0217,ONLINE,OFF
TEL-12746,2025-04-01 08:00:00,EQX1022,37.779321,-122.420909,5.3,389.2,389.2,101.8,4789.9,97.2,79.7,64.3,GOOD,13,290.8,,ONLINE,ON
TEL-12747,2025-04-01 09:00:00,EQX1022,37.772545,-122.422731,10.6,389.7,389.7,101.9,4794.4,108.2,78.5,64.2,WARNING,2,196.6,P0217,ONLINE,ON
TEL-12748,2025-04-01 10:00:00,EQX1022,37.776012,-122.417158,10.1,390.2,390.2,102.0,4801.9,179.5,76.3,64.1,GOOD,0,80.6,,ONLINE,ON
TEL-12749,2025-04-01 11:00:00,EQX1022,37.774847,-122.418484,13.4,390.7,390.7,102.1,4805.9,97.9,75.2,64.0,GOOD,6,47.9,,ONLINE,ON
TEL-12750,2025-04-01 12:00:00,EQX1022,37.776332,-122.423805,16.1,391.2,391.2,102.2,4813.1,170.9,73.1,63.9,GOOD,3,286.4,,ONLINE,ON
TEL-12751,2024-09-29 08:00:00,EQX1023,37.77141,-122.420502,5.8,3256.0,3256.0,792.0,38523.2,166.1,83.0,98.0,GOOD,13,61.4,,ONLINE,ON
TEL-12752,2024-09-29 09:00:00,EQX1023,37.772885,-122.422958,10.3,3256.5,3256.5,792.1,38527.5,103.4,81.8,97.9,GOOD,28,208.2,,ONLINE,ON
TEL-12753,2024-09-29 10:00:00,EQX1023,37.775236,-122.418181,25.2,3257.0,3257.0,792.2,38532.2,112.6,80.5,97.8,WARNING,12,157.8,P0217,ONLINE,ON
TEL-12754,2024-09-29 11:00:00,EQX1023,37.77002,-122.418938,8.0,3257.5,3257.5,792.3,38537.8,132.7,78.9,97.7,GOOD,1,280.3,,ONLINE,ON
TEL-12755,2024-09-29 12:00:00,EQX1023,37.777694,-122.422036,9.5,3258.0,3258.0,792.4,38541.9,99.4,77.7,97.6,GOOD,4,21.0,,ONLINE,ON
TEL-12756,2024-09-29 13:00:00,EQX1023,37.770212,-122.42101,15.8,3258.5,3258.5,792.5,38547.5,135.4,76.1,97.5,GOOD,1,28.7,,ONLINE,ON
TEL-12757,2024-09-29 14:00:00,EQX1023,37.779557,-122.42414,12.3,3259.0,3259.0,792.6,38552.9,127.9,74.6,97.4,GOOD,2,56.9,,ONLINE,ON
TEL-12758,2024-09-29 15:00:00,EQX1023,37.770835,-122.422358,28.4,3259.5,3259.5,792.7,38559.5,158.9,72.7,97.3,GOOD,23,152.8,,ONLINE,ON
TEL-12759,2024-09-29 16:00:00,EQX1023,37.771756,-122.42415,31.5,3260.0,3260.0,792.8,38566.1,158.9,70.8,97.2,GOOD,29,213.0,,ONLINE,ON
TEL-12760,2024-09-29 17:00:00,EQX1023,37.77486,-122.418705,13.4,3260.5,3260.5,792.9,38571.7,135.1,69.2,97.1,GOOD,2,142.2,,ONLINE,ON
TEL-12761,2024-09-29 18:00:00,EQX1023,37.7749,-122.4194,0.0,3260.5,3260.5,792.9,38571.8,2.4,69.1,97.0,GOOD,1,295.0,,OFFLINE,OFF
TEL-12762,2024-09-29 19:00:00,EQX1023,37.7749,-122.4194,0.0,3260.5,3260.5,792.9,38571.9,2.4,69.1,96.9,GOOD,27,236.0,,ONLINE,OFF
TEL-12763,2024-09-29 20:00:00,EQX1023,37.7749,-122.4194,0.0,3260.5,3260.5,792.9,38572.0,2.4,69.1,96.8,GOOD,20,119.2,,ONLINE,OFF
TEL-12764,2024-09-29 21:00:00,EQX1023,37.7749,-122.4194,0.0,3260.5,3260.5,792.9,38572.1,2.4,69.0,96.7,GOOD,8,226.6,,ONLINE,OFF
TEL-12765,2024-09-29 22:00:00,EQX1023,37.7749,-122.4194,0.0,3260.5,3260.5,792.9,38572.2,2.4,69.0,96.6,GOOD,23,5.1,,ONLINE,OFF
TEL-12766,2024-09-29 23:00:00,EQX1023,37.7749,-122.4194,0.0,3260.5,3260.5,792.9,38572.3,2.4,69.0,96.5,GOOD,26,142.3,,ONLINE,OFF
TEL-12767,2024-09-30 00:00:00,EQX1023,37.7749,-122.4194,0.0,3260.5,3260.5,792.9,38572.4,2.4,69.0,96.4,GOOD,5,126.2,,ONLINE,OFF
TEL-12768,2024-09-30 01:00:00,EQX1023,37.7749,-122.4194,0.0,3260.5,3260.5,792.9,38572.5,2.4,68.9,96.3,GOOD,4,141.1,,ONLINE,OFF
TEL-12769,2024-09-30 02:00:00,EQX1023,37.7749,-122.4194,0.0,3260.5,3260.5,792.9,38572.6,2.4,68.9,96.2,GOOD,23,167.2,,ONLINE,OFF
TEL-12770,2024-09-30 03:00:00,EQX1023,37.7749,-122.4194,0.0,3260.5,3260.5,792.9,38572.7,2.4,68.9,96.1,GOOD,11,248.1,,ONLINE,OFF
TEL-12771,2024-09-30 04:00:00,EQX1023,37.7749,-122.4194,0.0,3260.5,3260.5,792.9,38572.8,2.4,68.8,96.0,GOOD,1,39.4,,ONLINE,OFF
TEL-12772,2024-09-30 05:00:00,EQX1023,37.7749,-122.4194,0.0,3260.5,3260.5,792.9,38572.9,2.4,68.8,95.9,GOOD,29,161.1,,ONLINE,OFF
TEL-12773,2024-09-30 06:00:00,EQX1023,37.7749,-122.4194,0.0,3260.5,3260.5,792.9,38573.0,2.4,68.8,95.8,GOOD,17,264.3,,ONLINE,OFF
TEL-12774,2024-09-30 07:00:00,EQX1023,37.7749,-122.4194,0.0,3260.5,3260.5,792.9,38573.1,2.4,68.8,95.7,GOOD,25,160.8,,ONLINE,OFF
TEL-12775,2024-09-30 08:00:00,EQX1023,37.778688,-122.414593,17.4,3261.0,3261.0,793.0,38579.0,142.1,67.1,95.6,GOOD,14,113.8,,ONLINE,ON
TEL-12776,2024-09-30 09:00:00,EQX1023,37.77302,-122.421812,6.8,3261.5,3261.5,793.1,38583.1,97.0,65.9,95.5,GOOD,26,197.2,,ONLINE,ON
TEL-12777,2024-09-30 10:00:00,EQX1023,37.770225,-122.421484,34.3,3262.0,3262.0,793.2,38591.0,189.8,63.7,95.4,GOOD,13,90.2,,ONLINE,ON
TEL-12778,2024-09-30 11:00:00,EQX1023,37.775191,-122.416161,6.5,3262.5,3262.5,793.3,38597.3,151.0,61.9,95.3,GOOD,12,182.4,,ONLINE,ON
TEL-12779,2024-09-30 12:00:00,EQX1023,37.77316,-122.422095,26.9,3263.0,3263.0,793.4,38601.8,108.2,60.6,95.2,GOOD,8,134.7,,ONLINE,ON
TEL-12780,2024-09-30 13:00:00,EQX1023,37.775641,-122.419122,33.5,3263.5,3263.5,793.5,38607.8,144.5,58.9,95.1,GOOD,4,214.3,,ONLINE,ON
TEL-12781,2024-09-30 14:00:00,EQX1023,37.777335,-122.419483,5.3,3264.0,3264.0,793.6,38612.1,102.2,57.6,95.0,GOOD,0,107.8,,ONLINE,ON
TEL-12782,2024-09-30 15:00:00,EQX1023,37.76992,-122.424194,14.9,3264.5,3264.5,793.7,38619.6,180.2,55.5,94.9,GOOD,25,87.5,,ONLINE,ON
TEL-12783,2024-09-30 16:00:00,EQX1023,37.771012,-122.424352,26.4,3265.0,3265.0,793.8,38625.2,134.6,53.9,94.8,GOOD,24,170.4,,ONLINE,ON
TEL-12784,2024-09-30 17:00:00,EQX1023,37.769927,-122.418604,7.7,3265.5,3265.5,793.9,38630.2,120.2,52.5,94.7,GOOD,18,225.9,,ONLINE,ON
TEL-12785,2024-09-30 18:00:00,EQX1023,37.7749,-122.4194,0.0,3265.5,3265.5,793.9,38630.3,2.4,52.4,94.6,GOOD,15,60.5,,ONLINE,OFF
TEL-12786,2024-09-30 19:00:00,EQX1023,37.7749,-122.4194,0.0,3265.5,3265.5,793.9,38630.4,2.4,52.4,94.5,GOOD,30,232.0,,ONLINE,OFF
TEL-12787,2024-09-30 20:00:00,EQX1023,37.7749,-122.4194,0.0,3265.5,3265.5,793.9,38630.5,2.4,52.4,94.4,GOOD,12,2.7,,ONLINE,OFF
TEL-12788,2024-09-30 21:00:00,EQX1023,37.7749,-122.4194,0.0,3265.5,3265.5,793.9,38630.6,2.4,52.3,94.3,GOOD,26,285.3,,ONLINE,OFF
TEL-12789,2024-09-30 22:00:00,EQX1023,37.7749,-122.4194,0.0,3265.5,3265.5,793.9,38630.7,2.4,52.3,94.2,GOOD,15,300.0,,ONLINE,OFF
TEL-12790,2024-09-30 23:00:00,EQX1023,37.7749,-122.4194,0.0,3265.5,3265.5,793.9,38630.8,2.4,52.3,94.1,WARNING,29,179.0,P0017,ONLINE,OFF
TEL-12791,2024-10-01 00:00:00,EQX1023,37.7749,-122.4194,0.0,3265.5,3265.5,793.9,38630.9,2.4,52.3,94.0,GOOD,7,74.7,,ONLINE,OFF
TEL-12792,2024-10-01 01:00:00,EQX1023,37.7749,-122.4194,0.0,3265.5,3265.5,793.9,38631.0,2.4,52.2,93.9,GOOD,30,133.7,,ONLINE,OFF
TEL-12793,2024-10-01 02:00:00,EQX1023,37.7749,-122.4194,0.0,3265.5,3265.5,793.9,38631.1,2.4,52.2,93.8,GOOD,2,198.6,,ONLINE,OFF
TEL-12794,2024-10-01 03:00:00,EQX1023,37.7749,-122.4194,0.0,3265.5,3265.5,793.9,38631.2,2.4,52.2,93.7,GOOD,16,42.5,,ONLINE,OFF
TEL-12795,2024-10-01 04:00:00,EQX1023,37.7749,-122.4194,0.0,3265.5,3265.5,793.9,38631.3,2.4,52.1,93.6,GOOD,0,56.7,,ONLINE,OFF
TEL-12796,2024-10-01 05:00:00,EQX1023,37.7749,-122.4194,0.0,3265.5,3265.5,793.9,38631.4,2.4,52.1,93.5,CRITICAL,6,97.2,P0217,ONLINE,OFF
TEL-12797,2024-10-01 06:00:00,EQX1023,37.7749,-122.4194,0.0,3265.5,3265.5,793.9,38631.5,2.4,52.1,93.4,GOOD,10,112.5,,ONLINE,OFF
TEL-12798,2024-10-01 07:00:00,EQX1023,37.7749,-122.4194,0.0,3265.5,3265.5,793.9,38631.6,2.4,52.1,93.3,GOOD,28,211.2,,ONLINE,OFF
TEL-12799,2024-10-01 08:00:00,EQX1023,37.770437,-122.423814,30.9,3266.0,3266.0,794.0,38637.3,137.5,50.4,93.2,GOOD,23,4.8,,ONLINE,ON
TEL-12800,2024-10-01 09:00:00,EQX1023,37.776787,-122.422878,9.2,3266.5,3266.5,794.1,38644.4,169.9,48.4,93.1,GOOD,14,178.9,,ONLINE,ON
TEL-12801,2024-10-01 10:00:00,EQX1023,37.778807,-122.422993,28.0,3267.0,3267.0,794.2,38652.3,188.9,46.1,93.0,GOOD,2,149.1,,ONLINE,ON
TEL-12802,2024-10-01 11:00:00,EQX1023,37.777797,-122.420815,25.7,3267.5,3267.5,794.3,38659.9,182.9,44.0,92.9,GOOD,5,285.3,,ONLINE,ON
TEL-12803,2024-10-01 12:00:00,EQX1023,37.772847,-122.422805,11.7,3268.0,3268.0,794.4,38667.9,191.5,41.7,92.8,GOOD,30,41.8,,OFFLINE,ON
TEL-12804,2024-10-01 13:00:00,EQX1023,37.774087,-122.423706,26.0,3268.5,3268.5,794.5,38672.3,106.3,40.4,92.7,GOOD,10,103.8,,ONLINE,ON
TEL-12805,2024-10-01 14:00:00,EQX1023,37.771044,-122.424083,5.5,3269.0,3269.0,794.6,38679.0,159.8,38.5,92.6,GOOD,1,79.4,,ONLINE,ON
TEL-12806,2024-10-01 15:00:00,EQX1023,37.772323,-122.422967,17.3,3269.5,3269.5,794.7,38683.2,101.3,37.3,92.5,GOOD,28,223.7,,ONLINE,ON
TEL-12807,2024-10-01 16:00:00,EQX1023,37.77725,-122.415148,10.3,3270.0,3270.0,794.8,38691.1,190.3,35.0,92.4,GOOD,4,8.8,,ONLINE,ON
TEL-12808,2024-10-01 17:00:00,EQX1023,37.770015,-122.417046,32.1,3270.5,3270.5,794.9,38698.9,187.0,32.8,92.3,GOOD,30,244.5,,ONLINE,ON
TEL-12809,2024-10-01 18:00:00,EQX1023,37.7749,-122.4194,0.0,3270.5,3270.5,794.9,38699.0,2.4,32.8,92.2,GOOD,9,114.6,,ONLINE,OFF
TEL-12810,2024-10-01 19:00:00,EQX1023,37.7749,-122.4194,0.0,3270.5,3270.5,794.9,38699.1,2.4,32.8,92.1,GOOD,28,43.3,,ONLINE,OFF
TEL-12811,2024-10-01 20:00:00,EQX1023,37.7749,-122.4194,0.0,3270.5,3270.5,794.9,38699.2,2.4,32.7,92.0,GOOD,9,114.8,,ONLINE,OFF
TEL-12812,2024-10-01 21:00:00,EQX1023,37.7749,-122.4194,0.0,3270.5,3270.5,794.9,38699.3,2.4,32.7,91.9,GOOD,7,2.1,,ONLINE,OFF
TEL-12813,2024-10-01 22:00:00,EQX1023,37.7749,-122.4194,0.0,3270.5,3270.5,794.9,38699.4,2.4,32.7,91.8,GOOD,6,289.2,,ONLINE,OFF
TEL-12814,2024-10-01 23:00:00,EQX1023,37.7749,-122.4194,0.0,3270.5,3270.5,794.9,38699.5,2.4,32.7,91.7,GOOD,11,167.5,,ONLINE,OFF
TEL-12815,2024-10-02 00:00:00,EQX1023,37.7749,-122.4194,0.0,3270.5,3270.5,794.9,38699.6,2.4,32.6,91.6,GOOD,5,49.0,,ONLINE,OFF
TEL-12816,2024-10-02 01:00:00,EQX1023,37.7749,-122.4194,0.0,3270.5,3270.5,794.9,38699.7,2.4,32.6,91.5,GOOD,26,137.7,,ONLINE,OFF
TEL-12817,2024-10-02 02:00:00,EQX1023,37.7749,-122.4194,0.0,3270.5,3270.5,794.9,38699.8,2.4,32.6,91.4,GOOD,16,117.6,,ONLINE,OFF
TEL-12818,2024-10-02 03:00:00,EQX1023,37.7749,-122.4194,0.0,3270.5,3270.5,794.9,38699.9,2.4,32.5,91.3,GOOD,29,209.6,,ONLINE,OFF
TEL-12819,2024-10-02 04:00:00,EQX1023,37.7749,-122.4194,0.0,3270.5,3270.5,794.9,38700.0,2.4,32.5,91.2,GOOD,2,286.9,,ONLINE,OFF
TEL-12820,2024-10-02 05:00:00,EQX1023,37.7749,-122.4194,0.0,3270.5,3270.5,794.9,38700.1,2.4,32.5,91.1,GOOD,27,163.7,,ONLINE,OFF
TEL-12821,2024-10-02 06:00:00,EQX1023,37.7749,-122.4194,0.0,3270.5,3270.5,794.9,38700.2,2.4,32.5,91.0,GOOD,9,142.0,,ONLINE,OFF
TEL-12822,2024-10-02 07:00:00,EQX1023,37.7749,-122.4194,0.0,3270.5,3270.5,794.9,38700.3,2.4,32.4,90.9,GOOD,20,62.3,,ONLINE,OFF
TEL-12823,2024-10-02 08:00:00,EQX1023,37.777963,-122.421367,5.5,3271.0,3271.0,795.0,38706.0,135.6,30.8,90.8,GOOD,4,37.7,,ONLINE,ON
TEL-12824,2024-10-02 09:00:00,EQX1023,37.770436,-122.417139,14.4,3271.5,3271.5,795.1,38711.1,122.2,29.4,90.7,GOOD,17,45.7,,ONLINE,ON
TEL-12825,2024-10-02 10:00:00,EQX1023,37.774228,-122.421872,8.3,3272.0,3272.0,795.2,38715.4,104.4,28.1,90.6,GOOD,11,77.0,,ONLINE,ON
TEL-12826,2024-10-02 11:00:00,EQX1023,37.77681,-122.41639,28.6,3272.5,3272.5,795.3,38719.5,97.7,26.9,90.5,GOOD,3,30.3,,ONLINE,ON
TEL-12827,2024-10-02 12:00:00,EQX1023,37.775404,-122.419088,26.3,3273.0,3273.0,795.4,38725.4,143.3,25.2,90.4,CRITICAL,13,70.1,P0562,ONLINE,ON
TEL-12828,2024-10-02 13:00:00,EQX1023,37.774904,-122.41576,11.8,3273.5,3273.5,795.5,38732.2,161.0,23.3,90.3,GOOD,16,155.0,,ONLINE,ON
TEL-12829,2024-10-02 14:00:00,EQX1023,37.773952,-122.421803,22.6,3274.0,3274.0,795.6,38737.8,136.3,21.7,90.2,GOOD,3,245.0,,OFFLINE,ON
TEL-12830,2024-10-02 15:00:00,EQX1023,37.778682,-122.42129,34.8,3274.5,3274.5,795.7,38742.6,113.5,20.4,90.1,GOOD,25,217.9,,ONLINE,ON
TEL-12831,2024-10-02 16:00:00,EQX1023,37.77041,-122.418287,12.4,3275.0,3275.0,795.8,38746.7,98.9,19.2,90.0,GOOD,26,283.8,,ONLINE,ON
TEL-12832,2024-10-02 17:00:00,EQX1023,37.778623,-122.420549,19.9,3275.5,3275.5,795.9,38751.1,105.6,17.9,89.9,GOOD,1,299.9,,ONLINE,ON
TEL-12833,2024-10-02 18:00:00,EQX1023,37.7749,-122.4194,0.0,3275.5,3275.5,795.9,38751.2,2.4,17.9,89.8,GOOD,18,186.9,,ONLINE,OFF
TEL-12834,2024-10-02 19:00:00,EQX1023,37.7749,-122.4194,0.0,3275.5,3275.5,795.9,38751.3,2.4,17.9,89.7,WARNING,25,82.8,P0017,ONLINE,OFF
TEL-12835,2024-10-02 20:00:00,EQX1023,37.7749,-122.4194,0.0,3275.5,3275.5,795.9,38751.4,2.4,17.8,89.6,GOOD,15,244.0,,ONLINE,OFF
TEL-12836,2024-10-02 21:00:00,EQX1023,37.7749,-122.4194,0.0,3275.5,3275.5,795.9,38751.5,2.4,17.8,89.5,GOOD,3,176.9,,ONLINE,OFF
TEL-12837,2024-10-02 22:00:00,EQX1023,37.7749,-122.4194,0.0,3275.5,3275.5,795.9,38751.6,2.4,17.8,89.4,GOOD,24,224.8,,ONLINE,OFF
TEL-12838,2024-10-02 23:00:00,EQX1023,37.7749,-122.4194,0.0,3275.5,3275.5,795.9,38751.7,2.4,17.7,89.3,GOOD,4,228.2,,ONLINE,OFF
TEL-12839,2024-10-03 00:00:00,EQX1023,37.7749,-122.4194,0.0,3275.5,3275.5,795.9,38751.8,2.4,17.7,89.2,GOOD,24,297.2,,ONLINE,OFF
TEL-12840,2024-10-03 01:00:00,EQX1023,37.7749,-122.4194,0.0,3275.5,3275.5,795.9,38751.9,2.4,17.7,89.1,GOOD,9,253.6,,ONLINE,OFF
TEL-12841,2024-10-03 02:00:00,EQX1023,37.7749,-122.4194,0.0,3275.5,3275.5,795.9,38752.0,2.4,17.7,89.0,GOOD,11,276.4,,ONLINE,OFF
TEL-12842,2024-10-03 03:00:00,EQX1023,37.7749,-122.4194,0.0,3275.5,3275.5,795.9,38752.1,2.4,17.6,88.9,GOOD,10,67.0,,ONLINE,OFF
TEL-12843,2024-10-03 04:00:00,EQX1023,37.7749,-122.4194,0.0,3275.5,3275.5,795.9,38752.2,2.4,17.6,88.8,GOOD,29,49.9,,ONLINE,OFF
TEL-12844,2024-10-03 05:00:00,EQX1023,37.7749,-122.4194,0.0,3275.5,3275.5,795.9,38752.3,2.4,17.6,88.7,GOOD,23,1.0,,ONLINE,OFF
TEL-12845,2024-10-03 06:00:00,EQX1023,37.7749,-122.4194,0.0,3275.5,3275.5,795.9,38752.4,2.4,17.5,88.6,GOOD,22,68.0,,ONLINE,OFF
TEL-12846,2024-10-03 07:00:00,EQX1023,37.7749,-122.4194,0.0,3275.5,3275.5,795.9,38752.5,2.4,17.5,88.5,GOOD,17,207.1,,ONLINE,OFF
TEL-12847,2024-10-03 08:00:00,EQX1023,37.771446,-122.415462,8.3,3276.0,3276.0,796.0,38758.9,155.0,15.7,88.4,GOOD,18,190.1,,ONLINE,ON
TEL-12848,2024-10-03 09:00:00,EQX1023,37.775255,-122.419548,16.5,3276.5,3276.5,796.1,38764.9,142.1,14.0,88.3,GOOD,28,125.8,,ONLINE,ON
TEL-12849,2024-10-03 10:00:00,EQX1023,37.777883,-122.41893,30.9,3277.0,3277.0,796.2,38772.5,182.4,11.8,88.2,GOOD,11,235.3,,OFFLINE,ON
TEL-12850,2024-10-03 11:00:00,EQX1023,37.771597,-122.421831,19.0,3277.5,3277.5,796.3,38780.3,189.1,95.0,88.1,GOOD,24,40.5,,ONLINE,ON
TEL-12851,2024-10-03 12:00:00,EQX1023,37.778142,-122.420493,31.3,3278.0,3278.0,796.4,38788.2,188.6,92.8,88.0,WARNING,19,200.7,P0300,ONLINE,ON
TEL-12852,2024-10-03 13:00:00,EQX1023,37.773884,-122.419678,16.5,3278.5,3278.5,796.5,38793.6,129.8,91.2,87.9,GOOD,21,107.0,,ONLINE,ON
TEL-12853,2024-10-03 14:00:00,EQX1023,37.778397,-122.415256,18.1,3279.0,3279.0,796.6,38800.4,162.2,89.3,87.8,GOOD,28,283.0,,ONLINE,ON
TEL-12854,2024-10-03 15:00:00,EQX1023,37.773966,-122.421418,7.7,3279.5,3279.5,796.7,38804.6,101.3,88.1,87.7,GOOD,15,278.3,,ONLINE,ON
TEL-12855,2024-10-03 16:00:00,EQX1023,37.77945,-122.417912,11.5,3280.0,3280.0,796.8,38810.1,131.0,86.5,87.6,GOOD,5,84.6,,ONLINE,ON
TEL-12856,2024-10-03 17:00:00,EQX1023,37.775282,-122.422179,11.4,3280.5,3280.5,796.9,38817.0,167.8,84.5,87.5,GOOD,9,151.0,,ONLINE,ON
TEL-12857,2024-10-03 18:00:00,EQX1023,37.7749,-122.4194,0.0,3280.5,3280.5,796.9,38817.1,2.4,84.5,87.4,WARNING,23,127.5,P0017,ONLINE,OFF
TEL-12858,2024-10-03 19:00:00,EQX1023,37.7749,-122.4194,0.0,3280.5,3280.5,796.9,38817.2,2.4,84.5,87.3,CRITICAL,1,44.2,P0087,ONLINE,OFF
TEL-12859,2024-10-03 20:00:00,EQX1023,37.7749,-122.4194,0.0,3280.5,3280.5,796.9,38817.3,2.4,84.4,87.2,GOOD,11,229.1,,ONLINE,OFF
TEL-12860,2024-10-03 21:00:00,EQX1023,37.7749,-122.4194,0.0,3280.5,3280.5,796.9,38817.4,2.4,84.4,87.1,GOOD,12,213.9,,ONLINE,OFF
TEL-12861,2024-10-03 22:00:00,EQX1023,37.7749,-122.4194,0.0,3280.5,3280.5,796.9,38817.5,2.4,84.4,87.0,GOOD,27,99.0,,ONLINE,OFF
TEL-12862,2024-10-03 23:00:00,EQX1023,37.7749,-122.4194,0.0,3280.5,3280.5,796.9,38817.6,2.4,84.3,86.9,CRITICAL,26,35.5,P0017,ONLINE,OFF
TEL-12863,2024-10-04 00:00:00,EQX1023,37.7749,-122.4194,0.0,3280.5,3280.5,796.9,38817.7,2.4,84.3,86.8,GOOD,24,298.1,,ONLINE,OFF
TEL-12864,2024-10-04 01:00:00,EQX1023,37.7749,-122.4194,0.0,3280.5,3280.5,796.9,38817.8,2.4,84.3,86.7,GOOD,13,256.7,,ONLINE,OFF
TEL-12865,2024-10-04 02:00:00,EQX1023,37.7749,-122.4194,0.0,3280.5,3280.5,796.9,38817.9,2.4,84.3,86.6,GOOD,10,223.3,,ONLINE,OFF
TEL-12866,2024-10-04 03:00:00,EQX1023,37.7749,-122.4194,0.0,3280.5,3280.5,796.9,38818.0,2.4,84.2,86.5,GOOD,2,271.7,,ONLINE,OFF
TEL-12867,2024-10-04 04:00:00,EQX1023,37.7749,-122.4194,0.0,3280.5,3280.5,796.9,38818.1,2.4,84.2,86.4,GOOD,7,177.7,,ONLINE,OFF
TEL-12868,2024-10-04 05:00:00,EQX1023,37.7749,-122.4194,0.0,3280.5,3280.5,796.9,38818.2,2.4,84.2,86.3,GOOD,11,77.9,,ONLINE,OFF
TEL-12869,2024-10-04 06:00:00,EQX1023,37.7749,-122.4194,0.0,3280.5,3280.5,796.9,38818.3,2.4,84.1,86.2,GOOD,21,243.6,,ONLINE,OFF
TEL-12870,2024-10-04 07:00:00,EQX1023,37.7749,-122.4194,0.0,3280.5,3280.5,796.9,38818.4,2.4,84.1,86.1,GOOD,4,88.7,,ONLINE,OFF
TEL-12871,2024-10-04 08:00:00,EQX1023,37.773598,-122.421598,13.8,3281.0,3281.0,797.0,38825.5,168.7,82.1,86.0,GOOD,1,107.4,,ONLINE,ON
TEL-12872,2024-10-04 09:00:00,EQX1023,37.778169,-122.419762,18.2,3281.5,3281.5,797.1,38829.6,98.6,80.9,85.9,GOOD,24,195.7,,ONLINE,ON
TEL-12873,2024-10-04 10:00:00,EQX1023,37.776546,-122.423788,20.9,3282.0,3282.0,797.2,38836.1,157.4,79.1,85.8,GOOD,7,159.0,,ONLINE,ON
TEL-12874,2024-10-04 11:00:00,EQX1023,37.770629,-122.421383,28.3,3282.5,3282.5,797.3,38843.7,181.2,76.9,85.7,GOOD,21,54.3,,ONLINE,ON
TEL-12875,2024-10-04 12:00:00,EQX1023,37.777606,-122.420456,6.5,3283.0,3283.0,797.4,38849.9,150.0,75.1,85.6,GOOD,28,135.3,,ONLINE,ON
TEL-12876,2025-04-29 08:00:00,EQX1024,36.750724,-119.770768,17.9,2076.5,2076.5,934.7,29050.0,109.0,83.7,77.8,GOOD,27,250.5,,ONLINE,ON
TEL-12877,2025-04-29 09:00:00,EQX1024,36.751469,-119.773591,11.2,2077.0,2077.0,934.8,29055.4,128.4,82.2,77.7,GOOD,19,37.6,,ONLINE,ON
TEL-12878,2025-04-29 10:00:00,EQX1024,36.746552,-119.777079,31.8,2077.5,2077.5,934.9,29061.1,137.3,80.5,77.6,GOOD,25,79.0,,ONLINE,ON
TEL-12879,2025-04-29 11:00:00,EQX1024,36.748594,-119.775836,32.6,2078.0,2078.0,935.0,29067.2,146.2,78.8,77.5,GOOD,24,70.6,,ONLINE,ON
TEL-12880,2025-04-29 12:00:00,EQX1024,36.751236,-119.77156,5.2,2078.5,2078.5,935.1,29074.4,171.6,76.8,77.4,GOOD,13,222.7,,ONLINE,ON
TEL-12881,2025-04-29 13:00:00,EQX1024,36.746091,-119.775026,33.7,2079.0,2079.0,935.2,29079.7,127.4,75.2,77.3,WARNING,21,196.9,P0087,ONLINE,ON
TEL-12882,2025-04-29 14:00:00,EQX1024,36.746802,-119.768782,14.7,2079.5,2079.5,935.3,29085.5,139.2,73.6,77.2,GOOD,8,47.6,,ONLINE,ON
TEL-12883,2025-04-29 15:00:00,EQX1024,36.744212,-119.769787,30.5,2080.0,2080.0,935.4,29091.8,152.4,71.8,77.1,GOOD,15,63.0,,ONLINE,ON
TEL-12884,2025-04-29 16:00:00,EQX1024,36.743862,-119.777004,17.1,2080.5,2080.5,935.5,29099.2,176.4,69.7,77.0,GOOD,4,144.6,,ONLINE,ON
TEL-12885,2025-04-29 17:00:00,EQX1024,36.74551,-119.76873,8.2,2081.0,2081.0,935.6,29103.5,103.2,68.4,76.9,GOOD,15,32.0,,ONLINE,ON
TEL-12886,2025-04-29 18:00:00,EQX1024,36.7468,-119.7726,0.0,2081.0,2081.0,935.6,29103.6,2.4,68.4,76.8,GOOD,28,163.0,,ONLINE,OFF
TEL-12887,2025-04-29 19:00:00,EQX1024,36.7468,-119.7726,0.0,2081.0,2081.0,935.6,29103.7,2.4,68.4,76.7,GOOD,18,166.0,,ONLINE,OFF
TEL-12888,2025-04-29 20:00:00,EQX1024,36.7468,-119.7726,0.0,2081.0,2081.0,935.6,29103.8,2.4,68.4,76.6,GOOD,13,286.6,,ONLINE,OFF
TEL-12889,2025-04-29 21:00:00,EQX1024,36.7468,-119.7726,0.0,2081.0,2081.0,935.6,29103.9,2.4,68.3,76.5,GOOD,5,8.9,,OFFLINE,OFF
TEL-12890,2025-04-29 22:00:00,EQX1024,36.7468,-119.7726,0.0,2081.0,2081.0,935.6,29104.0,2.4,68.3,76.4,GOOD,18,238.4,,ONLINE,OFF
TEL-12891,2025-04-29 23:00:00,EQX1024,36.7468,-119.7726,0.0,2081.0,2081.0,935.6,29104.1,2.4,68.3,76.3,GOOD,5,203.6,,OFFLINE,OFF
TEL-12892,2025-04-30 00:00:00,EQX1024,36.7468,-119.7726,0.0,2081.0,2081.0,935.6,29104.2,2.4,68.2,76.2,GOOD,17,7.6,,ONLINE,OFF
TEL-12893,2025-04-30 01:00:00,EQX1024,36.7468,-119.7726,0.0,2081.0,2081.0,935.6,29104.3,2.4,68.2,76.1,GOOD,0,276.5,,ONLINE,OFF
TEL-12894,2025-04-30 02:00:00,EQX1024,36.7468,-119.7726,0.0,2081.0,2081.0,935.6,29104.4,2.4,68.2,76.0,GOOD,14,266.1,,ONLINE,OFF
TEL-12895,2025-04-30 03:00:00,EQX1024,36.7468,-119.7726,0.0,2081.0,2081.0,935.6,29104.5,2.4,68.2,75.9,CRITICAL,9,175.0,P0017,ONLINE,OFF
TEL-12896,2025-04-30 04:00:00,EQX1024,36.7468,-119.7726,0.0,2081.0,2081.0,935.6,29104.6,2.4,68.1,75.8,GOOD,8,275.0,,ONLINE,OFF
TEL-12897,2025-04-30 05:00:00,EQX1024,36.7468,-119.7726,0.0,2081.0,2081.0,935.6,29104.7,2.4,68.1,75.7,GOOD,25,132.2,,ONLINE,OFF
TEL-12898,2025-04-30 06:00:00,EQX1024,36.7468,-119.7726,0.0,2081.0,2081.0,935.6,29104.8,2.4,68.1,75.6,GOOD,7,274.8,,ONLINE,OFF
TEL-12899,2025-04-30 07:00:00,EQX1024,36.7468,-119.7726,0.0,2081.0,2081.0,935.6,29104.9,2.4,68.0,75.5,GOOD,23,119.3,,OFFLINE,OFF
TEL-12900,2025-04-30 08:00:00,EQX1024,36.745298,-119.770315,32.9,2081.5,2081.5,935.7,29109.9,121.0,66.6,75.4,GOOD,3,209.7,,ONLINE,ON
TEL-12901,2025-04-30 09:00:00,EQX1024,36.748807,-119.767687,11.6,2082.0,2082.0,935.8,29116.3,154.1,64.8,75.3,GOOD,2,48.0,,ONLINE,ON
TEL-12902,2025-04-30 10:00:00,EQX1024,36.748322,-119.774615,22.2,2082.5,2082.5,935.9,29123.6,175.0,62.7,75.2,GOOD,1,37.6,,ONLINE,ON
TEL-12903,2025-04-30 11:00:00,EQX1024,36.745111,-119.775884,17.9,2083.0,2083.0,936.0,29129.3,136.3,61.1,75.1,GOOD,9,106.8,,ONLINE,ON
TEL-12904,2025-04-30 12:00:00,EQX1024,36.748066,-119.773864,11.2,2083.5,2083.5,936.1,29135.2,143.0,59.4,75.0,CRITICAL,13,90.4,P0420,ONLINE,ON
TEL-12905,2025-04-30 13:00:00,EQX1024,36.749335,-119.769135,5.1,2084.0,2084.0,936.2,29142.2,167.8,57.4,74.9,WARNING,17,3.1,P0017,ONLINE,ON
TEL-12906,2025-04-30 14:00:00,EQX1024,36.750244,-119.77165,26.4,2084.5,2084.5,936.3,29146.6,105.8,56.1,74.8,GOOD,28,111.4,,ONLINE,ON
TEL-12907,2025-04-30 15:00:00,EQX1024,36.747997,-119.774805,29.8,2085.0,2085.0,936.4,29151.8,124.8,54.6,74.7,GOOD,18,67.6,,ONLINE,ON
TEL-12908,2025-04-30 16:00:00,EQX1024,36.743863,-119.777534,32.0,2085.5,2085.5,936.5,29157.2,129.4,53.1,74.6,GOOD,1,46.2,,ONLINE,ON
TEL-12909,2025-04-30 17:00:00,EQX1024,36.750335,-119.777006,16.2,2086.0,2086.0,936.6,29163.8,158.6,51.2,74.5,GOOD,10,85.1,,ONLINE,ON
TEL-12910,2025-04-30 18:00:00,EQX1024,36.7468,-119.7726,0.0,2086.0,2086.0,936.6,29163.9,2.4,51.2,74.4,GOOD,27,121.4,,ONLINE,OFF
TEL-12911,2025-04-30 19:00:00,EQX1024,36.7468,-119.7726,0.0,2086.0,2086.0,936.6,29164.0,2.4,51.1,74.3,GOOD,22,235.0,,ONLINE,OFF
TEL-12912,2025-04-30 20:00:00,EQX1024,36.7468,-119.7726,0.0,2086.0,2086.0,936.6,29164.1,2.4,51.1,74.2,GOOD,28,48.7,,ONLINE,OFF
TEL-12913,2025-04-30 21:00:00,EQX1024,36.7468,-119.7726,0.0,2086.0,2086.0,936.6,29164.2,2.4,51.1,74.1,GOOD,13,39.7,,ONLINE,OFF
TEL-12914,2025-04-30 22:00:00,EQX1024,36.7468,-119.7726,0.0,2086.0,2086.0,936.6,29164.3,2.4,51.0,74.0,WARNING,23,222.1,P0420,ONLINE,OFF
TEL-12915,2025-04-30 23:00:00,EQX1024,36.7468,-119.7726,0.0,2086.0,2086.0,936.6,29164.4,2.4,51.0,73.9,GOOD,30,236.6,,ONLINE,OFF
TEL-12916,2025-05-01 00:00:00,EQX1024,36.7468,-119.7726,0.0,2086.0,2086.0,936.6,29164.5,2.4,51.0,73.8,GOOD,1,133.3,,ONLINE,OFF
TEL-12917,2025-05-01 01:00:00,EQX1024,36.7468,-119.7726,0.0,2086.0,2086.0,936.6,29164.6,2.4,51.0,73.7,GOOD,27,183.5,,ONLINE,OFF
TEL-12918,2025-05-01 02:00:00,EQX1024,36.7468,-119.7726,0.0,2086.0,2086.0,936.6,29164.7,2.4,50.9,73.6,GOOD,7,290.1,,ONLINE,OFF
TEL-12919,2025-05-01 03:00:00,EQX1024,36.7468,-119.7726,0.0,2086.0,2086.0,936.6,29164.8,2.4,50.9,73.5,GOOD,18,111.5,,ONLINE,OFF
TEL-12920,2025-05-01 04:00:00,EQX1024,36.7468,-119.7726,0.0,2086.0,2086.0,936.6,29164.9,2.4,50.9,73.4,GOOD,19,232.5,,ONLINE,OFF
TEL-12921,2025-05-01 05:00:00,EQX1024,36.7468,-119.7726,0.0,2086.0,2086.0,936.6,29165.0,2.4,50.8,73.3,GOOD,14,102.6,,ONLINE,OFF
TEL-12922,2025-05-01 06:00:00,EQX1024,36.7468,-119.7726,0.0,2086.0,2086.0,936.6,29165.1,2.4,50.8,73.2,GOOD,12,133.9,,ONLINE,OFF
TEL-12923,2025-05-01 07:00:00,EQX1024,36.7468,-119.7726,0.0,2086.0,2086.0,936.6,29165.2,2.4,50.8,73.1,GOOD,23,120.2,,ONLINE,OFF
TEL-12924,2025-05-01 08:00:00,EQX1024,36.744985,-119.770922,33.3,2086.5,2086.5,936.7,29172.7,178.1,48.7,73.0,GOOD,8,114.9,,ONLINE,ON
TEL-12925,2025-05-01 09:00:00,EQX1024,36.748008,-119.776395,31.9,2087.0,2087.0,936.8,29177.2,109.7,47.4,72.9,GOOD,0,171.3,,OFFLINE,ON
TEL-12926,2025-05-01 10:00:00,EQX1024,36.744486,-119.768854,9.8,2087.5,2087.5,936.9,29184.2,167.3,45.4,72.8,GOOD,22,31.8,,ONLINE,ON
TEL-12927,2025-05-01 11:00:00,EQX1024,36.741899,-119.776659,15.6,2088.0,2088.0,937.0,29189.1,118.1,44.0,72.7,GOOD,3,174.6,,ONLINE,ON
TEL-12928,2025-05-01 12:00:00,EQX1024,36.746974,-119.773184,8.2,2088.5,2088.5,937.1,29194.1,118.8,42.5,72.6,GOOD,4,78.3,,ONLINE,ON
TEL-12929,2025-05-01 13:00:00,EQX1024,36.744313,-119.776287,23.2,2089.0,2089.0,937.2,29198.6,108.2,41.3,72.5,GOOD,7,212.5,,ONLINE,ON
TEL-12930,2025-05-01 14:00:00,EQX1024,36.751118,-119.769688,12.6,2089.5,2089.5,937.3,29205.8,172.6,39.2,72.4,GOOD,0,90.8,,ONLINE,ON
TEL-12931,2025-05-01 15:00:00,EQX1024,36.74814,-119.769305,21.3,2090.0,2090.0,937.4,29211.7,143.3,37.5,72.3,GOOD,7,227.3,,ONLINE,ON
TEL-12932,2025-05-01 16:00:00,EQX1024,36.742753,-119.768874,22.7,2090.5,2090.5,937.5,29219.7,190.6,35.2,72.2,GOOD,14,214.9,,ONLINE,ON
TEL-12933,2025-05-01 17:00:00,EQX1024,36.750634,-119.774265,25.0,2091.0,2091.0,937.6,29227.5,188.2,33.0,72.1,GOOD,23,158.2,,ONLINE,ON
TEL-12934,2025-05-01 18:00:00,EQX1024,36.7468,-119.7726,0.0,2091.0,2091.0,937.6,29227.6,2.4,33.0,72.0,GOOD,24,96.2,,ONLINE,OFF
TEL-12935,2025-05-01 19:00:00,EQX1024,36.7468,-119.7726,0.0,2091.0,2091.0,937.6,29227.7,2.4,32.9,71.9,GOOD,25,51.6,,ONLINE,OFF
TEL-12936,2025-05-01 20:00:00,EQX1024,36.7468,-119.7726,0.0,2091.0,2091.0,937.6,29227.8,2.4,32.9,71.8,GOOD,21,175.4,,ONLINE,OFF
TEL-12937,2025-05-01 21:00:00,EQX1024,36.7468,-119.7726,0.0,2091.0,2091.0,937.6,29227.9,2.4,32.9,71.7,GOOD,24,191.3,,ONLINE,OFF
TEL-12938,2025-05-01 22:00:00,EQX1024,36.7468,-119.7726,0.0,2091.0,2091.0,937.6,29228.0,2.4,32.8,71.6,GOOD,12,50.6,,ONLINE,OFF
TEL-12939,2025-05-01 23:00:00,EQX1024,36.7468,-119.7726,0.0,2091.0,2091.0,937.6,29228.1,2.4,32.8,71.5,GOOD,24,31.9,,ONLINE,OFF
TEL-12940,2025-05-02 00:00:00,EQX1024,36.7468,-119.7726,0.0,2091.0,2091.0,937.6,29228.2,2.4,32.8,71.4,GOOD,20,121.7,,ONLINE,OFF
TEL-12941,2025-05-02 01:00:00,EQX1024,36.7468,-119.7726,0.0,2091.0,2091.0,937.6,29228.3,2.4,32.8,71.3,GOOD,17,123.4,,ONLINE,OFF
TEL-12942,2025-05-02 02:00:00,EQX1024,36.7468,-119.7726,0.0,2091.0,2091.0,937.6,29228.4,2.4,32.7,71.2,GOOD,0,27.2,,ONLINE,OFF
TEL-12943,2025-05-02 03:00:00,EQX1024,36.7468,-119.7726,0.0,2091.0,2091.0,937.6,29228.5,2.4,32.7,71.1,GOOD,8,26.2,,ONLINE,OFF
TEL-12944,2025-05-02 04:00:00,EQX1024,36.7468,-119.7726,0.0,2091.0,2091.0,937.6,29228.6,2.4,32.7,71.0,CRITICAL,19,210.6,P0017,ONLINE,OFF
TEL-12945,2025-05-02 05:00:00,EQX1024,36.7468,-119.7726,0.0,2091.0,2091.0,937.6,29228.7,2.4,32.6,70.9,GOOD,1,40.3,,ONLINE,OFF
TEL-12946,2025-05-02 06:00:00,EQX1024,36.7468,-119.7726,0.0,2091.0,2091.0,937.6,29228.8,2.4,32.6,70.8,GOOD,10,248.4,,ONLINE,OFF
TEL-12947,2025-05-02 07:00:00,EQX1024,36.7468,-119.7726,0.0,2091.0,2091.0,937.6,29228.9,2.4,32.6,70.7,GOOD,5,20.0,,ONLINE,OFF
TEL-12948,2025-05-02 08:00:00,EQX1024,36.744116,-119.776851,30.1,2091.5,2091.5,937.7,29235.5,158.2,30.7,70.6,GOOD,7,73.7,,OFFLINE,ON
TEL-12949,2025-05-02 09:00:00,EQX1024,36.743403,-119.769236,27.9,2092.0,2092.0,937.8,29241.7,147.6,29.0,70.5,GOOD,7,114.7,,ONLINE,ON
TEL-12950,2025-05-02 10:00:00,EQX1024,36.751118,-119.776164,5.2,2092.5,2092.5,937.9,29245.9,100.6,27.8,70.4,GOOD,12,84.3,,ONLINE,ON
TEL-12951,2025-05-02 11:00:00,EQX1024,36.750205,-119.77286,8.3,2093.0,2093.0,938.0,29252.6,161.8,25.8,70.3,GOOD,9,65.5,,ONLINE,ON
TEL-12952,2025-05-02 12:00:00,EQX1024,36.747524,-119.775317,20.8,2093.5,2093.5,938.1,29260.4,186.2,23.6,70.2,GOOD,2,133.4,,OFFLINE,ON
TEL-12953,2025-05-02 13:00:00,EQX1024,36.742913,-119.76777,17.8,2094.0,2094.0,938.2,29264.9,110.2,22.3,70.1,GOOD,3,3.7,,ONLINE,ON
TEL-12954,2025-05-02 14:00:00,EQX1024,36.742732,-119.773247,33.1,2094.5,2094.5,938.3,29271.4,155.3,20.5,70.0,GOOD,3,116.7,,ONLINE,ON
TEL-12955,2025-05-02 15:00:00,EQX1024,36.749289,-119.773002,13.3,2095.0,2095.0,938.4,29278.7,174.5,18.4,69.9,GOOD,12,157.0,,ONLINE,ON
TEL-12956,2025-05-02 16:00:00,EQX1024,36.742116,-119.769013,19.3,2095.5,2095.5,938.5,29284.4,136.3,16.8,69.8,GOOD,9,54.0,,ONLINE,ON
TEL-12957,2025-05-02 17:00:00,EQX1024,36.749889,-119.772866,34.2,2096.0,2096.0,938.6,29291.6,174.7,14.7,69.7,GOOD,17,132.4,,ONLINE,ON
TEL-12958,2025-05-02 18:00:00,EQX1024,36.7468,-119.7726,0.0,2096.0,2096.0,938.6,29291.7,2.4,14.6,69.6,GOOD,19,169.4,,ONLINE,OFF
TEL-12959,2025-05-02 19:00:00,EQX1024,36.7468,-119.7726,0.0,2096.0,2096.0,938.6,29291.8,2.4,14.6,69.5,GOOD,5,86.1,,ONLINE,OFF
TEL-12960,2025-05-02 20:00:00,EQX1024,36.7468,-119.7726,0.0,2096.0,2096.0,938.6,29291.9,2.4,14.6,69.4,GOOD,2,230.6,,ONLINE,OFF
TEL-12961,2025-05-02 21:00:00,EQX1024,36.7468,-119.7726,0.0,2096.0,2096.0,938.6,29292.0,2.4,14.6,69.3,GOOD,10,238.8,,ONLINE,OFF
TEL-12962,2025-05-02 22:00:00,EQX1024,36.7468,-119.7726,0.0,2096.0,2096.0,938.6,29292.1,2.4,14.5,69.2,GOOD,18,228.3,,ONLINE,OFF
TEL-12963,2025-05-02 23:00:00,EQX1024,36.7468,-119.7726,0.0,2096.0,2096.0,938.6,29292.2,2.4,14.5,69.1,GOOD,17,110.9,,OFFLINE,OFF
TEL-12964,2025-05-03 00:00:00,EQX1024,36.7468,-119.7726,0.0,2096.0,2096.0,938.6,29292.3,2.4,14.5,69.0,GOOD,17,170.3,,ONLINE,OFF
TEL-12965,2025-05-03 01:00:00,EQX1024,36.7468,-119.7726,0.0,2096.0,2096.0,938.6,29292.4,2.4,14.4,68.9,GOOD,13,220.2,,ONLINE,OFF
TEL-12966,2025-05-03 02:00:00,EQX1024,36.7468,-119.7726,0.0,2096.0,2096.0,938.6,29292.5,2.4,14.4,68.8,GOOD,0,178.7,,ONLINE,OFF
TEL-12967,2025-05-03 03:00:00,EQX1024,36.7468,-119.7726,0.0,2096.0,2096.0,938.6,29292.6,2.4,14.4,68.7,GOOD,10,144.5,,ONLINE,OFF
TEL-12968,2025-05-03 04:00:00,EQX1024,36.7468,-119.7726,0.0,2096.0,2096.0,938.6,29292.7,2.4,14.4,68.6,GOOD,8,70.3,,ONLINE,OFF
TEL-12969,2025-05-03 05:00:00,EQX1024,36.7468,-119.7726,0.0,2096.0,2096.0,938.6,29292.8,2.4,14.3,68.5,GOOD,1,174.5,,ONLINE,OFF
TEL-12970,2025-05-03 06:00:00,EQX1024,36.7468,-119.7726,0.0,2096.0,2096.0,938.6,29292.9,2.4,14.3,68.4,GOOD,13,15.0,,ONLINE,OFF
TEL-12971,2025-05-03 07:00:00,EQX1024,36.7468,-119.7726,0.0,2096.0,2096.0,938.6,29293.0,2.4,14.3,68.3,GOOD,3,88.1,,ONLINE,OFF
TEL-12972,2025-05-03 08:00:00,EQX1024,36.744558,-119.77303,18.7,2096.5,2096.5,938.7,29300.9,187.7,12.0,68.2,GOOD,17,225.7,,ONLINE,ON
TEL-12973,2025-05-03 09:00:00,EQX1024,36.745956,-119.768639,30.3,2097.0,2097.0,938.8,29308.7,188.4,95.0,68.1,GOOD,28,116.3,,ONLINE,ON
TEL-12974,2025-05-03 10:00:00,EQX1024,36.751447,-119.776929,12.0,2097.5,2097.5,938.9,29314.9,149.0,93.2,68.0,GOOD,2,155.8,,ONLINE,ON
TEL-12975,2025-05-03 11:00:00,EQX1024,36.751184,-119.776108,29.5,2098.0,2098.0,939.0,29321.9,167.8,91.2,67.9,GOOD,18,252.9,,ONLINE,ON
TEL-12976,2025-05-03 12:00:00,EQX1024,36.748775,-119.771102,5.3,2098.5,2098.5,939.1,29328.0,145.7,89.5,67.8,GOOD,9,292.9,,ONLINE,ON
TEL-12977,2025-05-03 13:00:00,EQX1024,36.745175,-119.777235,15.9,2099.0,2099.0,939.2,29335.0,168.2,87.5,67.7,GOOD,29,127.4,,ONLINE,ON
TEL-12978,2025-05-03 14:00:00,EQX1024,36.748246,-119.770941,20.3,2099.5,2099.5,939.3,29339.8,116.4,86.1,67.6,WARNING,15,210.3,P0300,ONLINE,ON
TEL-12979,2025-05-03 15:00:00,EQX1024,36.74363,-119.775766,31.6,2100.0,2100.0,939.4,29344.3,107.5,84.8,67.5,GOOD,29,172.4,,ONLINE,ON
TEL-12980,2025-05-03 16:00:00,EQX1024,36.746919,-119.772519,13.4,2100.5,2100.5,939.5,29348.7,103.9,83.6,67.4,GOOD,16,228.0,,OFFLINE,ON
TEL-12981,2025-05-03 17:00:00,EQX1024,36.746507,-119.775548,25.3,2101.0,2101.0,939.6,29355.9,173.5,81.5,67.3,GOOD,26,50.7,,ONLINE,ON
TEL-12982,2025-05-03 18:00:00,EQX1024,36.7468,-119.7726,0.0,2101.0,2101.0,939.6,29356.0,2.4,81.5,67.2,GOOD,24,144.5,,ONLINE,OFF
TEL-12983,2025-05-03 19:00:00,EQX1024,36.7468,-119.7726,0.0,2101.0,2101.0,939.6,29356.1,2.4,81.5,67.1,GOOD,20,96.8,,ONLINE,OFF
TEL-12984,2025-05-03 20:00:00,EQX1024,36.7468,-119.7726,0.0,2101.0,2101.0,939.6,29356.2,2.4,81.4,67.0,GOOD,4,41.7,,OFFLINE,OFF
TEL-12985,2025-05-03 21:00:00,EQX1024,36.7468,-119.7726,0.0,2101.0,2101.0,939.6,29356.3,2.4,81.4,66.9,GOOD,27,168.3,,ONLINE,OFF
TEL-12986,2025-05-03 22:00:00,EQX1024,36.7468,-119.7726,0.0,2101.0,2101.0,939.6,29356.4,2.4,81.4,66.8,GOOD,12,204.8,,ONLINE,OFF
TEL-12987,2025-05-03 23:00:00,EQX1024,36.7468,-119.7726,0.0,2101.0,2101.0,939.6,29356.5,2.4,81.4,66.7,GOOD,26,18.4,,ONLINE,OFF
TEL-12988,2025-05-04 00:00:00,EQX1024,36.7468,-119.7726,0.0,2101.0,2101.0,939.6,29356.6,2.4,81.3,66.6,GOOD,30,202.8,,ONLINE,OFF
TEL-12989,2025-05-04 01:00:00,EQX1024,36.7468,-119.7726,0.0,2101.0,2101.0,939.6,29356.7,2.4,81.3,66.5,GOOD,18,174.4,,ONLINE,OFF
TEL-12990,2025-05-04 02:00:00,EQX1024,36.7468,-119.7726,0.0,2101.0,2101.0,939.6,29356.8,2.4,81.3,66.4,GOOD,21,298.6,,ONLINE,OFF
TEL-12991,2025-05-04 03:00:00,EQX1024,36.7468,-119.7726,0.0,2101.0,2101.0,939.6,29356.9,2.4,81.2,66.3,GOOD,17,46.2,,ONLINE,OFF
TEL-12992,2025-05-04 04:00:00,EQX1024,36.7468,-119.7726,0.0,2101.0,2101.0,939.6,29357.0,2.4,81.2,66.2,GOOD,24,241.3,,ONLINE,OFF
TEL-12993,2025-05-04 05:00:00,EQX1024,36.7468,-119.7726,0.0,2101.0,2101.0,939.6,29357.1,2.4,81.2,66.1,GOOD,0,160.2,,ONLINE,OFF
TEL-12994,2025-05-04 06:00:00,EQX1024,36.7468,-119.7726,0.0,2101.0,2101.0,939.6,29357.2,2.4,81.2,66.0,GOOD,12,176.2,,ONLINE,OFF
TEL-12995,2025-05-04 07:00:00,EQX1024,36.7468,-119.7726,0.0,2101.0,2101.0,939.6,29357.3,2.4,81.1,65.9,GOOD,17,206.1,,ONLINE,OFF
TEL-12996,2025-05-04 08:00:00,EQX1024,36.749511,-119.768024,24.9,2101.5,2101.5,939.7,29365.2,189.4,78.9,65.8,GOOD,19,207.7,,ONLINE,ON
TEL-12997,2025-05-04 09:00:00,EQX1024,36.751584,-119.773104,8.4,2102.0,2102.0,939.8,29370.6,130.6,77.3,65.7,GOOD,2,185.1,,ONLINE,ON
TEL-12998,2025-05-04 10:00:00,EQX1024,36.744385,-119.771527,29.6,2102.5,2102.5,939.9,29376.4,138.2,75.7,65.6,GOOD,7,168.4,,OFFLINE,ON
TEL-12999,2025-05-04 11:00:00,EQX1024,36.744254,-119.777057,20.4,2103.0,2103.0,940.0,29383.5,170.4,73.6,65.5,GOOD,21,246.6,,ONLINE,ON
TEL-13000,2025-05-04 12:00:00,EQX1024,36.746515,-119.769,7.3,2103.5,2103.5,940.1,29390.4,165.6,71.7,65.4,WARNING,12,286.2,P0562,ONLINE,ON
TEL-13001,2024-08-10 08:00:00,EQX1025,35.377511,-119.02267,20.8,1168.0,1168.0,311.3,13248.9,178.8,82.9,95.2,GOOD,24,174.3,,ONLINE,ON
TEL-13002,2024-08-10 09:00:00,EQX1025,35.37341,-119.020414,26.7,1168.5,1168.5,311.4,13253.4,109.7,81.6,95.1,GOOD,1,34.3,,ONLINE,ON
TEL-13003,2024-08-10 10:00:00,EQX1025,35.374608,-119.023275,6.6,1169.0,1169.0,311.5,13259.8,153.6,79.7,95.0,GOOD,16,188.7,,ONLINE,ON
TEL-13004,2024-08-10 11:00:00,EQX1025,35.37689,-119.019157,5.9,1169.5,1169.5,311.6,13266.4,157.4,77.9,94.9,GOOD,19,283.8,,ONLINE,ON
TEL-13005,2024-08-10 12:00:00,EQX1025,35.376629,-119.015276,21.5,1170.0,1170.0,311.7,13273.0,158.6,76.0,94.8,GOOD,21,255.2,,ONLINE,ON
TEL-13006,2024-08-10 13:00:00,EQX1025,35.377959,-119.014186,18.7,1170.5,1170.5,311.8,13279.1,145.7,74.2,94.7,GOOD,20,82.7,,ONLINE,ON
TEL-13007,2024-08-10 14:00:00,EQX1025,35.374223,-119.022577,7.3,1171.0,1171.0,311.9,13285.2,147.8,72.5,94.6,GOOD,27,33.1,,ONLINE,ON
TEL-13008,2024-08-10 15:00:00,EQX1025,35.373875,-119.018396,29.0,1171.5,1171.5,312.0,13290.8,134.9,70.9,94.5,GOOD,3,136.9,,ONLINE,ON
TEL-13009,2024-08-10 16:00:00,EQX1025,35.372513,-119.016975,24.1,1172.0,1172.0,312.1,13298.1,173.3,68.8,94.4,GOOD,6,97.8,,ONLINE,ON
TEL-13010,2024-08-10 17:00:00,EQX1025,35.370831,-119.013717,22.8,1172.5,1172.5,312.2,13304.6,156.5,66.9,94.3,GOOD,28,1.8,,ONLINE,ON
TEL-13011,2024-08-10 18:00:00,EQX1025,35.3733,-119.0187,0.0,1172.5,1172.5,312.2,13304.7,2.4,66.9,94.2,GOOD,21,279.1,,ONLINE,OFF
TEL-13012,2024-08-10 19:00:00,EQX1025,35.3733,-119.0187,0.0,1172.5,1172.5,312.2,13304.8,2.4,66.9,94.1,GOOD,6,122.3,,ONLINE,OFF
TEL-13013,2024-08-10 20:00:00,EQX1025,35.3733,-119.0187,0.0,1172.5,1172.5,312.2,13304.9,2.4,66.9,94.0,GOOD,30,66.8,,OFFLINE,OFF
TEL-13014,2024-08-10 21:00:00,EQX1025,35.3733,-119.0187,0.0,1172.5,1172.5,312.2,13305.0,2.4,66.8,93.9,WARNING,29,79.9,P0420,ONLINE,OFF
TEL-13015,2024-08-10 22:00:00,EQX1025,35.3733,-119.0187,0.0,1172.5,1172.5,312.2,13305.1,2.4,66.8,93.8,GOOD,1,75.0,,ONLINE,OFF
TEL-13016,2024-08-10 23:00:00,EQX1025,35.3733,-119.0187,0.0,1172.5,1172.5,312.2,13305.2,2.4,66.8,93.7,CRITICAL,7,112.6,P0217,ONLINE,OFF
TEL-13017,2024-08-11 00:00:00,EQX1025,35.3733,-119.0187,0.0,1172.5,1172.5,312.2,13305.3,2.4,66.7,93.6,GOOD,1,105.6,,ONLINE,OFF
TEL-13018,2024-08-11 01:00:00,EQX1025,35.3733,-119.0187,0.0,1172.5,1172.5,312.2,13305.4,2.4,66.7,93.5,GOOD,24,23.7,,ONLINE,OFF
TEL-13019,2024-08-11 02:00:00,EQX1025,35.3733,-119.0187,0.0,1172.5,1172.5,312.2,13305.5,2.4,66.7,93.4,GOOD,30,83.5,,ONLINE,OFF
TEL-13020,2024-08-11 03:00:00,EQX1025,35.3733,-119.0187,0.0,1172.5,1172.5,312.2,13305.6,2.4,66.7,93.3,GOOD,22,81.6,,OFFLINE,OFF
TEL-13021,2024-08-11 04:00:00,EQX1025,35.3733,-119.0187,0.0,1172.5,1172.5,312.2,13305.7,2.4,66.6,93.2,GOOD,11,262.3,,ONLINE,OFF
TEL-13022,2024-08-11 05:00:00,EQX1025,35.3733,-119.0187,0.0,1172.5,1172.5,312.2,13305.8,2.4,66.6,93.1,GOOD,11,82.9,,ONLINE,OFF
TEL-13023,2024-08-11 06:00:00,EQX1025,35.3733,-119.0187,0.0,1172.5,1172.5,312.2,13305.9,2.4,66.6,93.0,GOOD,30,38.2,,ONLINE,OFF
TEL-13024,2024-08-11 07:00:00,EQX1025,35.3733,-119.0187,0.0,1172.5,1172.5,312.2,13306.0,2.4,66.5,92.9,GOOD,19,232.6,,ONLINE,OFF
TEL-13025,2024-08-11 08:00:00,EQX1025,35.369593,-119.017885,34.1,1173.0,1173.0,312.3,13311.6,135.1,64.9,92.8,GOOD,29,256.6,,ONLINE,ON
TEL-13026,2024-08-11 09:00:00,EQX1025,35.377813,-119.02184,25.0,1173.5,1173.5,312.4,13316.3,112.8,63.6,92.7,GOOD,30,123.2,,ONLINE,ON
TEL-13027,2024-08-11 10:00:00,EQX1025,35.369027,-119.019163,23.6,1174.0,1174.0,312.5,13320.4,97.0,62.4,92.6,GOOD,5,56.7,,ONLINE,ON
TEL-13028,2024-08-11 11:00:00,EQX1025,35.377197,-119.017692,15.3,1174.5,1174.5,312.6,13326.8,154.6,60.6,92.5,GOOD,23,181.0,,ONLINE,ON
TEL-13029,2024-08-11 12:00:00,EQX1025,35.375815,-119.016352,33.5,1175.0,1175.0,312.7,13333.0,148.6,58.8,92.4,GOOD,16,139.2,,ONLINE,ON
TEL-13030,2024-08-11 13:00:00,EQX1025,35.37611,-119.023576,19.9,1175.5,1175.5,312.8,13339.4,154.6,57.0,92.3,GOOD,5,14.7,,ONLINE,ON
TEL-13031,2024-08-11 14:00:00,EQX1025,35.376431,-119.022744,33.4,1176.0,1176.0,312.9,13346.7,173.5,54.9,92.2,GOOD,6,292.8,,ONLINE,ON
TEL-13032,2024-08-11 15:00:00,EQX1025,35.368398,-119.023656,23.0,1176.5,1176.5,313.0,13351.3,110.9,53.6,92.1,GOOD,20,293.7,,ONLINE,ON
TEL-13033,2024-08-11 16:00:00,EQX1025,35.374469,-119.01623,26.0,1177.0,1177.0,313.1,13359.0,185.3,51.4,92.0,GOOD,23,195.6,,ONLINE,ON
TEL-13034,2024-08-11 17:00:00,EQX1025,35.377658,-119.022993,11.8,1177.5,1177.5,313.2,13363.1,99.4,50.2,91.9,CRITICAL,25,172.5,P0420,ONLINE,ON
TEL-13035,2024-08-11 18:00:00,EQX1025,35.3733,-119.0187,0.0,1177.5,1177.5,313.2,13363.2,2.4,50.2,91.8,GOOD,15,39.7,,ONLINE,OFF
TEL-13036,2024-08-11 19:00:00,EQX1025,35.3733,-119.0187,0.0,1177.5,1177.5,313.2,13363.3,2.4,50.2,91.7,GOOD,26,201.4,,ONLINE,OFF
TEL-13037,2024-08-11 20:00:00,EQX1025,35.3733,-119.0187,0.0,1177.5,1177.5,313.2,13363.4,2.4,50.1,91.6,GOOD,22,40.6,,ONLINE,OFF
TEL-13038,2024-08-11 21:00:00,EQX1025,35.3733,-119.0187,0.0,1177.5,1177.5,313.2,13363.5,2.4,50.1,91.5,GOOD,20,45.4,,ONLINE,OFF
TEL-13039,2024-08-11 22:00:00,EQX1025,35.3733,-119.0187,0.0,1177.5,1177.5,313.2,13363.6,2.4,50.1,91.4,GOOD,0,171.1,,ONLINE,OFF
TEL-13040,2024-08-11 23:00:00,EQX1025,35.3733,-119.0187,0.0,1177.5,1177.5,313.2,13363.7,2.4,50.0,91.3,GOOD,25,30.7,,ONLINE,OFF
TEL-13041,2024-08-12 00:00:00,EQX1025,35.3733,-119.0187,0.0,1177.5,1177.5,313.2,13363.8,2.4,50.0,91.2,GOOD,4,274.6,,ONLINE,OFF
TEL-13042,2024-08-12 01:00:00,EQX1025,35.3733,-119.0187,0.0,1177.5,1177.5,313.2,13363.9,2.4,50.0,91.1,GOOD,29,291.8,,ONLINE,OFF
TEL-13043,2024-08-12 02:00:00,EQX1025,35.3733,-119.0187,0.0,1177.5,1177.5,313.2,13364.0,2.4,50.0,91.0,GOOD,12,160.2,,ONLINE,OFF
TEL-13044,2024-08-12 03:00:00,EQX1025,35.3733,-119.0187,0.0,1177.5,1177.5,313.2,13364.1,2.4,49.9,90.9,GOOD,7,188.4,,ONLINE,OFF
TEL-13045,2024-08-12 04:00:00,EQX1025,35.3733,-119.0187,0.0,1177.5,1177.5,313.2,13364.2,2.4,49.9,90.8,GOOD,29,157.9,,OFFLINE,OFF
TEL-13046,2024-08-12 05:00:00,EQX1025,35.3733,-119.0187,0.0,1177.5,1177.5,313.2,13364.3,2.4,49.9,90.7,GOOD,24,195.5,,ONLINE,OFF
TEL-13047,2024-08-12 06:00:00,EQX1025,35.3733,-119.0187,0.0,1177.5,1177.5,313.2,13364.4,2.4,49.8,90.6,GOOD,27,2.0,,ONLINE,OFF
TEL-13048,2024-08-12 07:00:00,EQX1025,35.3733,-119.0187,0.0,1177.5,1177.5,313.2,13364.5,2.4,49.8,90.5,GOOD,3,213.2,,ONLINE,OFF
TEL-13049,2024-08-12 08:00:00,EQX1025,35.373122,-119.017513,14.5,1178.0,1178.0,313.3,13372.4,188.6,47.6,90.4,GOOD,1,148.9,,ONLINE,ON
TEL-13050,2024-08-12 09:00:00,EQX1025,35.378206,-119.020204,19.9,1178.5,1178.5,313.4,13379.0,157.7,45.7,90.3,GOOD,18,228.5,,ONLINE,ON
TEL-13051,2024-08-12 10:00:00,EQX1025,35.376633,-119.016258,10.4,1179.0,1179.0,313.5,13383.1,100.3,44.5,90.2,GOOD,18,59.5,,ONLINE,ON
TEL-13052,2024-08-12 11:00:00,EQX1025,35.371283,-119.021862,19.5,1179.5,1179.5,313.6,13388.0,116.2,43.1,90.1,GOOD,8,254.0,,ONLINE,ON
TEL-13053,2024-08-12 12:00:00,EQX1025,35.373234,-119.023443,13.6,1180.0,1180.0,313.7,13394.4,154.6,41.3,90.0,GOOD,27,38.6,,ONLINE,ON
TEL-13054,2024-08-12 13:00:00,EQX1025,35.377149,-119.016782,11.8,1180.5,1180.5,313.8,13402.4,190.8,39.0,89.9,GOOD,24,227.1,,ONLINE,ON
TEL-13055,2024-08-12 14:00:00,EQX1025,35.377489,-119.018126,7.1,1181.0,1181.0,313.9,13408.3,141.1,37.3,89.8,GOOD,15,208.5,,ONLINE,ON
TEL-13056,2024-08-12 15:00:00,EQX1025,35.371771,-119.02102,33.8,1181.5,1181.5,314.0,13412.9,112.1,36.0,89.7,GOOD,1,181.5,,ONLINE,ON
TEL-13057,2024-08-12 16:00:00,EQX1025,35.371743,-119.018254,7.2,1182.0,1182.0,314.1,13420.1,172.3,33.9,89.6,GOOD,3,96.3,,ONLINE,ON
TEL-13058,2024-08-12 17:00:00,EQX1025,35.374492,-119.017009,30.1,1182.5,1182.5,314.2,13425.1,121.0,32.5,89.5,GOOD,29,119.5,,ONLINE,ON
TEL-13059,2024-08-12 18:00:00,EQX1025,35.3733,-119.0187,0.0,1182.5,1182.5,314.2,13425.2,2.4,32.5,89.4,CRITICAL,0,176.3,P0217,ONLINE,OFF
TEL-13060,2024-08-12 19:00:00,EQX1025,35.3733,-119.0187,0.0,1182.5,1182.5,314.2,13425.3,2.4,32.4,89.3,GOOD,10,267.8,,ONLINE,OFF
TEL-13061,2024-08-12 20:00:00,EQX1025,35.3733,-119.0187,0.0,1182.5,1182.5,314.2,13425.4,2.4,32.4,89.2,CRITICAL,19,276.9,P0087,ONLINE,OFF
TEL-13062,2024-08-12 21:00:00,EQX1025,35.3733,-119.0187,0.0,1182.5,1182.5,314.2,13425.5,2.4,32.4,89.1,GOOD,17,7.2,,ONLINE,OFF
TEL-13063,2024-08-12 22:00:00,EQX1025,35.3733,-119.0187,0.0,1182.5,1182.5,314.2,13425.6,2.4,32.4,89.0,GOOD,24,281.9,,ONLINE,OFF
TEL-13064,2024-08-12 23:00:00,EQX1025,35.3733,-119.0187,0.0,1182.5,1182.5,314.2,13425.7,2.4,32.3,88.9,GOOD,26,163.2,,ONLINE,OFF
TEL-13065,2024-08-13 00:00:00,EQX1025,35.3733,-119.0187,0.0,1182.5,1182.5,314.2,13425.8,2.4,32.3,88.8,GOOD,22,223.1,,ONLINE,OFF
TEL-13066,2024-08-13 01:00:00,EQX1025,35.3733,-119.0187,0.0,1182.5,1182.5,314.2,13425.9,2.4,32.3,88.7,CRITICAL,10,47.2,P0300,ONLINE,OFF
TEL-13067,2024-08-13 02:00:00,EQX1025,35.3733,-119.0187,0.0,1182.5,1182.5,314.2,13426.0,2.4,32.2,88.6,GOOD,9,207.6,,ONLINE,OFF
TEL-13068,2024-08-13 03:00:00,EQX1025,35.3733,-119.0187,0.0,1182.5,1182.5,314.2,13426.1,2.4,32.2,88.5,GOOD,7,102.8,,ONLINE,OFF
TEL-13069,2024-08-13 04:00:00,EQX1025,35.3733,-119.0187,0.0,1182.5,1182.5,314.2,13426.2,2.4,32.2,88.4,GOOD,19,295.6,,ONLINE,OFF
TEL-13070,2024-08-13 05:00:00,EQX1025,35.3733,-119.0187,0.0,1182.5,1182.5,314.2,13426.3,2.4,32.2,88.3,GOOD,16,270.0,,ONLINE,OFF
TEL-13071,2024-08-13 06:00:00,EQX1025,35.3733,-119.0187,0.0,1182.5,1182.5,314.2,13426.4,2.4,32.1,88.2,GOOD,16,216.0,,ONLINE,OFF
TEL-13072,2024-08-13 07:00:00,EQX1025,35.3733,-119.0187,0.0,1182.5,1182.5,314.2,13426.5,2.4,32.1,88.1,GOOD,19,50.5,,ONLINE,OFF
TEL-13073,2024-08-13 08:00:00,EQX1025,35.374451,-119.018291,34.4,1183.0,1183.0,314.3,13433.4,164.6,30.1,88.0,GOOD,28,293.7,,ONLINE,ON
TEL-13074,2024-08-13 09:00:00,EQX1025,35.376862,-119.022247,31.0,1183.5,1183.5,314.4,13437.7,103.7,28.9,87.9,GOOD,10,161.1,,ONLINE,ON
TEL-13075,2024-08-13 10:00:00,EQX1025,35.376303,-119.02129,21.6,1184.0,1184.0,314.5,13444.0,149.8,27.1,87.8,GOOD,20,121.0,,ONLINE,ON
TEL-13076,2024-08-13 11:00:00,EQX1025,35.378178,-119.022233,13.9,1184.5,1184.5,314.6,13449.8,139.7,25.5,87.7,GOOD,15,203.4,,ONLINE,ON
TEL-13077,2024-08-13 12:00:00,EQX1025,35.371085,-119.018898,19.3,1185.0,1185.0,314.7,13457.6,187.4,23.2,87.6,GOOD,27,159.5,,ONLINE,ON
TEL-13078,2024-08-13 13:00:00,EQX1025,35.377254,-119.022901,31.8,1185.5,1185.5,314.8,13464.7,170.2,21.2,87.5,GOOD,23,22.0,,ONLINE,ON
TEL-13079,2024-08-13 14:00:00,EQX1025,35.371023,-119.014936,23.5,1186.0,1186.0,314.9,13470.0,128.6,19.7,87.4,GOOD,13,39.7,,ONLINE,ON
TEL-13080,2024-08-13 15:00:00,EQX1025,35.374062,-119.014472,17.2,1186.5,1186.5,315.0,13475.0,119.8,18.2,87.3,GOOD,4,224.7,,ONLINE,ON
TEL-13081,2024-08-13 16:00:00,EQX1025,35.37204,-119.01557,7.2,1187.0,1187.0,315.1,13481.2,147.4,16.5,87.2,CRITICAL,16,120.4,P0300,OFFLINE,ON
TEL-13082,2024-08-13 17:00:00,EQX1025,35.368715,-119.019742,14.9,1187.5,1187.5,315.2,13488.4,174.0,14.4,87.1,CRITICAL,4,219.3,P0017,ONLINE,ON
TEL-13083,2024-08-13 18:00:00,EQX1025,35.3733,-119.0187,0.0,1187.5,1187.5,315.2,13488.5,2.4,14.4,87.0,GOOD,8,251.2,,ONLINE,OFF
TEL-13084,2024-08-13 19:00:00,EQX1025,35.3733,-119.0187,0.0,1187.5,1187.5,315.2,13488.6,2.4,14.4,86.9,CRITICAL,18,13.1,P0087,ONLINE,OFF
TEL-13085,2024-08-13 20:00:00,EQX1025,35.3733,-119.0187,0.0,1187.5,1187.5,315.2,13488.7,2.4,14.3,86.8,GOOD,7,191.7,,ONLINE,OFF
TEL-13086,2024-08-13 21:00:00,EQX1025,35.3733,-119.0187,0.0,1187.5,1187.5,315.2,13488.8,2.4,14.3,86.7,GOOD,10,47.4,,ONLINE,OFF
TEL-13087,2024-08-13 22:00:00,EQX1025,35.3733,-119.0187,0.0,1187.5,1187.5,315.2,13488.9,2.4,14.3,86.6,GOOD,18,140.2,,ONLINE,OFF
TEL-13088,2024-08-13 23:00:00,EQX1025,35.3733,-119.0187,0.0,1187.5,1187.5,315.2,13489.0,2.4,14.3,86.5,GOOD,20,247.3,,ONLINE,OFF
TEL-13089,2024-08-14 00:00:00,EQX1025,35.3733,-119.0187,0.0,1187.5,1187.5,315.2,13489.1,2.4,14.2,86.4,WARNING,22,160.0,P0420,ONLINE,OFF
TEL-13090,2024-08-14 01:00:00,EQX1025,35.3733,-119.0187,0.0,1187.5,1187.5,315.2,13489.2,2.4,14.2,86.3,GOOD,29,244.4,,ONLINE,OFF
TEL-13091,2024-08-14 02:00:00,EQX1025,35.3733,-119.0187,0.0,1187.5,1187.5,315.2,13489.3,2.4,14.2,86.2,GOOD,25,82.0,,ONLINE,OFF
TEL-13092,2024-08-14 03:00:00,EQX1025,35.3733,-119.0187,0.0,1187.5,1187.5,315.2,13489.4,2.4,14.1,86.1,GOOD,9,224.1,,ONLINE,OFF
TEL-13093,2024-08-14 04:00:00,EQX1025,35.3733,-119.0187,0.0,1187.5,1187.5,315.2,13489.5,2.4,14.1,86.0,GOOD,10,67.5,,ONLINE,OFF
TEL-13094,2024-08-14 05:00:00,EQX1025,35.3733,-119.0187,0.0,1187.5,1187.5,315.2,13489.6,2.4,14.1,85.9,GOOD,3,215.5,,ONLINE,OFF
TEL-13095,2024-08-14 06:00:00,EQX1025,35.3733,-119.0187,0.0,1187.5,1187.5,315.2,13489.7,2.4,14.1,85.8,GOOD,6,85.0,,ONLINE,OFF
TEL-13096,2024-08-14 07:00:00,EQX1025,35.3733,-119.0187,0.0,1187.5,1187.5,315.2,13489.8,2.4,14.0,85.7,GOOD,12,47.1,,ONLINE,OFF
TEL-13097,2024-08-14 08:00:00,EQX1025,35.369533,-119.017535,10.0,1188.0,1188.0,315.3,13497.0,172.3,12.0,85.6,GOOD,12,3.6,,ONLINE,ON
TEL-13098,2024-08-14 09:00:00,EQX1025,35.376704,-119.020604,34.1,1188.5,1188.5,315.4,13502.6,135.1,10.4,85.5,GOOD,9,134.7,,ONLINE,ON
TEL-13099,2024-08-14 10:00:00,EQX1025,35.372361,-119.022389,24.2,1189.0,1189.0,315.5,13509.7,168.7,95.0,85.4,GOOD,11,151.2,,ONLINE,ON
TEL-13100,2024-08-14 11:00:00,EQX1025,35.368344,-119.019288,5.8,1189.5,1189.5,315.6,13515.2,132.0,93.4,85.3,GOOD,2,126.9,,ONLINE,ON
TEL-13101,2024-08-14 12:00:00,EQX1025,35.373566,-119.017979,29.3,1190.0,1190.0,315.7,13520.4,126.2,91.9,85.2,GOOD,9,22.5,,ONLINE,ON
TEL-13102,2024-08-14 13:00:00,EQX1025,35.370953,-119.016603,12.4,1190.5,1190.5,315.8,13525.7,127.4,90.4,85.1,GOOD,11,64.1,,ONLINE,ON
TEL-13103,2024-08-14 14:00:00,EQX1025,35.377479,-119.017865,25.4,1191.0,1191.0,315.9,13531.0,126.7,88.9,85.0,GOOD,18,280.1,,ONLINE,ON
TEL-13104,2024-08-14 15:00:00,EQX1025,35.374056,-119.019721,7.4,1191.5,1191.5,316.0,13537.6,157.7,87.0,84.9,GOOD,27,215.6,,ONLINE,ON
TEL-13105,2024-08-14 16:00:00,EQX1025,35.369531,-119.021349,22.4,1192.0,1192.0,316.1,13543.3,137.3,85.4,84.8,GOOD,15,79.2,,ONLINE,ON
TEL-13106,2024-08-14 17:00:00,EQX1025,35.368369,-119.016833,25.1,1192.5,1192.5,316.2,13549.1,140.2,83.7,84.7,WARNING,7,298.1,P0087,ONLINE,ON
TEL-13107,2024-08-14 18:00:00,EQX1025,35.3733,-119.0187,0.0,1192.5,1192.5,316.2,13549.2,2.4,83.7,84.6,GOOD,2,162.6,,ONLINE,OFF
TEL-13108,2024-08-14 19:00:00,EQX1025,35.3733,-119.0187,0.0,1192.5,1192.5,316.2,13549.3,2.4,83.7,84.5,WARNING,3,169.1,P0562,ONLINE,OFF
TEL-13109,2024-08-14 20:00:00,EQX1025,35.3733,-119.0187,0.0,1192.5,1192.5,316.2,13549.4,2.4,83.6,84.4,GOOD,7,65.1,,ONLINE,OFF
TEL-13110,2024-08-14 21:00:00,EQX1025,35.3733,-119.0187,0.0,1192.5,1192.5,316.2,13549.5,2.4,83.6,84.3,GOOD,22,143.7,,ONLINE,OFF
TEL-13111,2024-08-14 22:00:00,EQX1025,35.3733,-119.0187,0.0,1192.5,1192.5,316.2,13549.6,2.4,83.6,84.2,GOOD,27,121.5,,ONLINE,OFF
TEL-13112,2024-08-14 23:00:00,EQX1025,35.3733,-119.0187,0.0,1192.5,1192.5,316.2,13549.7,2.4,83.5,84.1,GOOD,4,96.6,,ONLINE,OFF
TEL-13113,2024-08-15 00:00:00,EQX1025,35.3733,-119.0187,0.0,1192.5,1192.5,316.2,13549.8,2.4,83.5,84.0,GOOD,28,289.2,,ONLINE,OFF
TEL-13114,2024-08-15 01:00:00,EQX1025,35.3733,-119.0187,0.0,1192.5,1192.5,316.2,13549.9,2.4,83.5,83.9,GOOD,8,49.6,,ONLINE,OFF
TEL-13115,2024-08-15 02:00:00,EQX1025,35.3733,-119.0187,0.0,1192.5,1192.5,316.2,13550.0,2.4,83.5,83.8,GOOD,5,67.2,,ONLINE,OFF
TEL-13116,2024-08-15 03:00:00,EQX1025,35.3733,-119.0187,0.0,1192.5,1192.5,316.2,13550.1,2.4,83.4,83.7,GOOD,4,71.5,,ONLINE,OFF
TEL-13117,2024-08-15 04:00:00,EQX1025,35.3733,-119.0187,0.0,1192.5,1192.5,316.2,13550.2,2.4,83.4,83.6,GOOD,0,19.6,,ONLINE,OFF
TEL-13118,2024-08-15 05:00:00,EQX1025,35.3733,-119.0187,0.0,1192.5,1192.5,316.2,13550.3,2.4,83.4,83.5,GOOD,16,83.7,,ONLINE,OFF
TEL-13119,2024-08-15 06:00:00,EQX1025,35.3733,-119.0187,0.0,1192.5,1192.5,316.2,13550.4,2.4,83.3,83.4,GOOD,2,181.4,,ONLINE,OFF
TEL-13120,2024-08-15 07:00:00,EQX1025,35.3733,-119.0187,0.0,1192.5,1192.5,316.2,13550.5,2.4,83.3,83.3,CRITICAL,15,99.4,P0562,ONLINE,OFF
TEL-13121,2024-08-15 08:00:00,EQX1025,35.3752,-119.022432,14.6,1193.0,1193.0,316.3,13554.9,104.2,82.1,83.2,GOOD,14,97.1,,ONLINE,ON
TEL-13122,2024-08-15 09:00:00,EQX1025,35.373811,-119.021489,22.1,1193.5,1193.5,316.4,13561.3,154.6,80.2,83.1,WARNING,26,118.0,P0562,ONLINE,ON
TEL-13123,2024-08-15 10:00:00,EQX1025,35.370143,-119.016116,13.5,1194.0,1194.0,316.5,13566.3,119.5,78.8,83.0,GOOD,4,274.1,,ONLINE,ON
TEL-13124,2024-08-15 11:00:00,EQX1025,35.377692,-119.019558,19.8,1194.5,1194.5,316.6,13572.2,140.9,77.1,82.9,GOOD,1,286.5,,ONLINE,ON
TEL-13125,2024-08-15 12:00:00,EQX1025,35.377555,-119.019271,17.1,1195.0,1195.0,316.7,13577.4,124.6,75.7,82.8,GOOD,7,113.5,,ONLINE,ON
TEL-13126,2025-01-15 08:00:00,EQX1026,37.778141,-122.417997,14.1,411.1,411.1,157.9,4731.8,156.5,83.1,80.0,GOOD,1,39.7,,ONLINE,ON
TEL-13127,2025-01-15 09:00:00,EQX1026,37.774243,-122.416585,19.9,411.6,411.6,158.0,4735.9,97.7,82.0,79.9,GOOD,14,126.1,,ONLINE,ON
TEL-13128,2025-01-15 10:00:00,EQX1026,37.774197,-122.422801,16.1,412.1,412.1,158.1,4743.6,184.8,79.8,79.8,GOOD,12,57.3,,ONLINE,ON
TEL-13129,2025-01-15 11:00:00,EQX1026,37.777839,-122.414962,20.3,412.6,412.6,158.2,4751.5,190.3,77.5,79.7,GOOD,30,123.5,,ONLINE,ON
TEL-13130,2025-01-15 12:00:00,EQX1026,37.77585,-122.417943,7.1,413.1,413.1,158.3,4757.8,151.0,75.7,79.6,GOOD,6,294.3,,ONLINE,ON
TEL-13131,2025-01-15 13:00:00,EQX1026,37.775643,-122.418983,26.0,413.6,413.6,158.4,4764.1,150.7,73.9,79.5,GOOD,25,23.2,,ONLINE,ON
TEL-13132,2025-01-15 14:00:00,EQX1026,37.775793,-122.418198,23.0,414.1,414.1,158.5,4770.9,163.7,72.0,79.4,GOOD,27,84.6,,ONLINE,ON
TEL-13133,2025-01-15 15:00:00,EQX1026,37.774069,-122.415676,26.1,414.6,414.6,158.6,4777.6,159.6,70.1,79.3,GOOD,23,66.7,,ONLINE,ON
TEL-13134,2025-01-15 16:00:00,EQX1026,37.770908,-122.417214,22.7,415.1,415.1,158.7,4785.1,181.7,67.9,79.2,GOOD,17,241.7,,ONLINE,ON
TEL-13135,2025-01-15 17:00:00,EQX1026,37.776059,-122.418776,7.2,415.6,415.6,158.8,4792.6,179.3,65.8,79.1,GOOD,0,209.9,,ONLINE,ON
TEL-13136,2025-01-15 18:00:00,EQX1026,37.7749,-122.4194,0.0,415.6,415.6,158.8,4792.7,2.4,65.7,79.0,GOOD,29,262.7,,ONLINE,OFF
TEL-13137,2025-01-15 19:00:00,EQX1026,37.7749,-122.4194,0.0,415.6,415.6,158.8,4792.8,2.4,65.7,78.9,GOOD,16,211.0,,ONLINE,OFF
TEL-13138,2025-01-15 20:00:00,EQX1026,37.7749,-122.4194,0.0,415.6,415.6,158.8,4792.9,2.4,65.7,78.8,GOOD,28,278.7,,ONLINE,OFF
TEL-13139,2025-01-15 21:00:00,EQX1026,37.7749,-122.4194,0.0,415.6,415.6,158.8,4793.0,2.4,65.7,78.7,GOOD,16,208.8,,ONLINE,OFF
TEL-13140,2025-01-15 22:00:00,EQX1026,37.7749,-122.4194,0.0,415.6,415.6,158.8,4793.1,2.4,65.6,78.6,GOOD,4,272.7,,ONLINE,OFF
TEL-13141,2025-01-15 23:00:00,EQX1026,37.7749,-122.4194,0.0,415.6,415.6,158.8,4793.2,2.4,65.6,78.5,GOOD,20,144.9,,ONLINE,OFF
TEL-13142,2025-01-16 00:00:00,EQX1026,37.7749,-122.4194,0.0,415.6,415.6,158.8,4793.3,2.4,65.6,78.4,GOOD,2,116.4,,ONLINE,OFF
TEL-13143,2025-01-16 01:00:00,EQX1026,37.7749,-122.4194,0.0,415.6,415.6,158.8,4793.4,2.4,65.5,78.3,GOOD,6,209.4,,ONLINE,OFF
TEL-13144,2025-01-16 02:00:00,EQX1026,37.7749,-122.4194,0.0,415.6,415.6,158.8,4793.5,2.4,65.5,78.2,GOOD,14,224.3,,ONLINE,OFF
TEL-13145,2025-01-16 03:00:00,EQX1026,37.7749,-122.4194,0.0,415.6,415.6,158.8,4793.6,2.4,65.5,78.1,GOOD,8,117.4,,ONLINE,OFF
TEL-13146,2025-01-16 04:00:00,EQX1026,37.7749,-122.4194,0.0,415.6,415.6,158.8,4793.7,2.4,65.5,78.0,GOOD,14,187.1,,ONLINE,OFF
TEL-13147,2025-01-16 05:00:00,EQX1026,37.7749,-122.4194,0.0,415.6,415.6,158.8,4793.8,2.4,65.4,77.9,GOOD,21,162.5,,ONLINE,OFF
TEL-13148,2025-01-16 06:00:00,EQX1026,37.7749,-122.4194,0.0,415.6,415.6,158.8,4793.9,2.4,65.4,77.8,GOOD,14,46.2,,ONLINE,OFF
TEL-13149,2025-01-16 07:00:00,EQX1026,37.7749,-122.4194,0.0,415.6,415.6,158.8,4794.0,2.4,65.4,77.7,GOOD,1,172.2,,ONLINE,OFF
TEL-13150,2025-01-16 08:00:00,EQX1026,37.769974,-122.420213,9.2,416.1,416.1,158.9,4798.3,103.9,64.1,77.6,GOOD,14,205.3,,ONLINE,ON
TEL-13151,2025-01-16 09:00:00,EQX1026,37.779168,-122.41493,17.2,416.6,416.6,159.0,4803.4,122.6,62.7,77.5,GOOD,11,266.5,,ONLINE,ON
TEL-13152,2025-01-16 10:00:00,EQX1026,37.774603,-122.421654,15.6,417.1,417.1,159.1,4811.4,191.0,60.4,77.4,WARNING,16,133.9,P0300,ONLINE,ON
TEL-13153,2025-01-16 11:00:00,EQX1026,37.778458,-122.421488,20.6,417.6,417.6,159.2,4818.6,173.8,58.3,77.3,GOOD,12,105.9,,ONLINE,ON
TEL-13154,2025-01-16 12:00:00,EQX1026,37.778516,-122.4218,14.8,418.1,418.1,159.3,4823.3,110.9,57.0,77.2,GOOD,15,279.9,,ONLINE,ON
TEL-13155,2025-01-16 13:00:00,EQX1026,37.771916,-122.420335,5.1,418.6,418.6,159.4,4830.5,173.0,55.0,77.1,GOOD,16,232.7,,ONLINE,ON
TEL-13156,2025-01-16 14:00:00,EQX1026,37.777202,-122.419874,30.1,419.1,419.1,159.5,4837.8,174.7,52.9,77.0,GOOD,1,264.6,,ONLINE,ON
TEL-13157,2025-01-16 15:00:00,EQX1026,37.772022,-122.41797,13.9,419.6,419.6,159.6,4845.5,186.0,50.7,76.9,GOOD,22,99.8,,ONLINE,ON
TEL-13158,2025-01-16 16:00:00,EQX1026,37.770204,-122.418313,6.5,420.1,420.1,159.7,4852.0,154.8,48.8,76.8,GOOD,6,80.7,,ONLINE,ON
TEL-13159,2025-01-16 17:00:00,EQX1026,37.770562,-122.418326,22.4,420.6,420.6,159.8,4858.3,152.2,47.0,76.7,GOOD,29,246.4,,ONLINE,ON
TEL-13160,2025-01-16 18:00:00,EQX1026,37.7749,-122.4194,0.0,420.6,420.6,159.8,4858.4,2.4,47.0,76.6,GOOD,10,297.0,,ONLINE,OFF
TEL-13161,2025-01-16 19:00:00,EQX1026,37.7749,-122.4194,0.0,420.6,420.6,159.8,4858.5,2.4,46.9,76.5,GOOD,19,81.1,,ONLINE,OFF
TEL-13162,2025-01-16 20:00:00,EQX1026,37.7749,-122.4194,0.0,420.6,420.6,159.8,4858.6,2.4,46.9,76.4,GOOD,6,106.2,,OFFLINE,OFF
TEL-13163,2025-01-16 21:00:00,EQX1026,37.7749,-122.4194,0.0,420.6,420.6,159.8,4858.7,2.4,46.9,76.3,GOOD,16,292.1,,ONLINE,OFF
TEL-13164,2025-01-16 22:00:00,EQX1026,37.7749,-122.4194,0.0,420.6,420.6,159.8,4858.8,2.4,46.9,76.2,GOOD,30,66.8,,OFFLINE,OFF
TEL-13165,2025-01-16 23:00:00,EQX1026,37.7749,-122.4194,0.0,420.6,420.6,159.8,4858.9,2.4,46.8,76.1,WARNING,18,248.5,P0217,ONLINE,OFF
TEL-13166,2025-01-17 00:00:00,EQX1026,37.7749,-122.4194,0.0,420.6,420.6,159.8,4859.0,2.4,46.8,76.0,WARNING,13,0.3,P0562,ONLINE,OFF
TEL-13167,2025-01-17 01:00:00,EQX1026,37.7749,-122.4194,0.0,420.6,420.6,159.8,4859.1,2.4,46.8,75.9,GOOD,27,242.6,,ONLINE,OFF
TEL-13168,2025-01-17 02:00:00,EQX1026,37.7749,-122.4194,0.0,420.6,420.6,159.8,4859.2,2.4,46.7,75.8,GOOD,29,159.1,,ONLINE,OFF
TEL-13169,2025-01-17 03:00:00,EQX1026,37.7749,-122.4194,0.0,420.6,420.6,159.8,4859.3,2.4,46.7,75.7,GOOD,19,252.5,,ONLINE,OFF
TEL-13170,2025-01-17 04:00:00,EQX1026,37.7749,-122.4194,0.0,420.6,420.6,159.8,4859.4,2.4,46.7,75.6,GOOD,1,68.2,,OFFLINE,OFF
TEL-13171,2025-01-17 05:00:00,EQX1026,37.7749,-122.4194,0.0,420.6,420.6,159.8,4859.5,2.4,46.7,75.5,GOOD,9,159.8,,ONLINE,OFF
TEL-13172,2025-01-17 06:00:00,EQX1026,37.7749,-122.4194,0.0,420.6,420.6,159.8,4859.6,2.4,46.6,75.4,GOOD,3,196.9,,ONLINE,OFF
TEL-13173,2025-01-17 07:00:00,EQX1026,37.7749,-122.4194,0.0,420.6,420.6,159.8,4859.7,2.4,46.6,75.3,GOOD,29,206.0,,ONLINE,OFF
TEL-13174,2025-01-17 08:00:00,EQX1026,37.777446,-122.423109,26.6,421.1,421.1,159.9,4864.5,115.4,45.2,75.2,GOOD,16,262.1,,ONLINE,ON
TEL-13175,2025-01-17 09:00:00,EQX1026,37.775606,-122.422808,25.9,421.6,421.6,160.0,4871.7,173.3,43.2,75.1,GOOD,28,128.8,,ONLINE,ON
TEL-13176,2025-01-17 10:00:00,EQX1026,37.777064,-122.416833,27.1,422.1,422.1,160.1,4877.2,130.6,41.6,75.0,GOOD,15,87.8,,ONLINE,ON
TEL-13177,2025-01-17 11:00:00,EQX1026,37.771825,-122.424375,20.5,422.6,422.6,160.2,4881.6,105.4,40.4,74.9,GOOD,6,197.2,,ONLINE,ON
TEL-13178,2025-01-17 12:00:00,EQX1026,37.779717,-122.419104,24.3,423.1,423.1,160.3,4888.3,161.5,38.4,74.8,GOOD,14,162.3,,ONLINE,ON
TEL-13179,2025-01-17 13:00:00,EQX1026,37.778133,-122.416183,9.5,423.6,423.6,160.4,4895.4,170.9,36.4,74.7,GOOD,17,178.1,,ONLINE,ON
TEL-13180,2025-01-17 14:00:00,EQX1026,37.771235,-122.417151,5.7,424.1,424.1,160.5,4901.1,136.3,34.8,74.6,GOOD,14,187.4,,ONLINE,ON
TEL-13181,2025-01-17 15:00:00,EQX1026,37.771613,-122.419685,33.4,424.6,424.6,160.6,4905.2,98.6,33.6,74.5,GOOD,22,243.8,,ONLINE,ON
TEL-13182,2025-01-17 16:00:00,EQX1026,37.778629,-122.417255,27.9,425.1,425.1,160.7,4910.9,137.0,32.0,74.4,GOOD,21,266.6,,ONLINE,ON
TEL-13183,2025-01-17 17:00:00,EQX1026,37.77313,-122.421805,13.4,425.6,425.6,160.8,4916.8,140.6,30.3,74.3,GOOD,15,94.2,,ONLINE,ON
TEL-13184,2025-01-17 18:00:00,EQX1026,37.7749,-122.4194,0.0,425.6,425.6,160.8,4916.9,2.4,30.3,74.2,GOOD,28,259.5,,ONLINE,OFF
TEL-13185,2025-01-17 19:00:00,EQX1026,37.7749,-122.4194,0.0,425.6,425.6,160.8,4917.0,2.4,30.2,74.1,GOOD,23,63.0,,ONLINE,OFF
TEL-13186,2025-01-17 20:00:00,EQX1026,37.7749,-122.4194,0.0,425.6,425.6,160.8,4917.1,2.4,30.2,74.0,GOOD,15,180.8,,ONLINE,OFF
TEL-13187,2025-01-17 21:00:00,EQX1026,37.7749,-122.4194,0.0,425.6,425.6,160.8,4917.2,2.4,30.2,73.9,GOOD,19,228.6,,ONLINE,OFF
TEL-13188,2025-01-17 22:00:00,EQX1026,37.7749,-122.4194,0.0,425.6,425.6,160.8,4917.3,2.4,30.2,73.8,GOOD,6,151.7,,ONLINE,OFF
TEL-13189,2025-01-17 23:00:00,EQX1026,37.7749,-122.4194,0.0,425.6,425.6,160.8,4917.4,2.4,30.1,73.7,GOOD,0,258.4,,ONLINE,OFF
TEL-13190,2025-01-18 00:00:00,EQX1026,37.7749,-122.4194,0.0,425.6,425.6,160.8,4917.5,2.4,30.1,73.6,GOOD,4,71.3,,ONLINE,OFF
TEL-13191,2025-01-18 01:00:00,EQX1026,37.7749,-122.4194,0.0,425.6,425.6,160.8,4917.6,2.4,30.1,73.5,GOOD,20,235.9,,ONLINE,OFF
TEL-13192,2025-01-18 02:00:00,EQX1026,37.7749,-122.4194,0.0,425.6,425.6,160.8,4917.7,2.4,30.0,73.4,GOOD,2,164.2,,ONLINE,OFF
TEL-13193,2025-01-18 03:00:00,EQX1026,37.7749,-122.4194,0.0,425.6,425.6,160.8,4917.8,2.4,30.0,73.3,GOOD,20,236.7,,ONLINE,OFF
TEL-13194,2025-01-18 04:00:00,EQX1026,37.7749,-122.4194,0.0,425.6,425.6,160.8,4917.9,2.4,30.0,73.2,GOOD,24,29.5,,ONLINE,OFF
TEL-13195,2025-01-18 05:00:00,EQX1026,37.7749,-122.4194,0.0,425.6,425.6,160.8,4918.0,2.4,30.0,73.1,GOOD,26,146.5,,ONLINE,OFF
TEL-13196,2025-01-18 06:00:00,EQX1026,37.7749,-122.4194,0.0,425.6,425.6,160.8,4918.1,2.4,29.9,73.0,GOOD,30,178.8,,ONLINE,OFF
TEL-13197,2025-01-18 07:00:00,EQX1026,37.7749,-122.4194,0.0,425.6,425.6,160.8,4918.2,2.4,29.9,72.9,WARNING,4,65.8,P0420,ONLINE,OFF
TEL-13198,2025-01-18 08:00:00,EQX1026,37.775433,-122.415465,28.4,426.1,426.1,160.9,4924.5,152.6,28.1,72.8,GOOD,16,198.8,,ONLINE,ON
TEL-13199,2025-01-18 09:00:00,EQX1026,37.774441,-122.423938,30.5,426.6,426.6,161.0,4931.2,159.6,26.2,72.7,GOOD,15,98.4,,ONLINE,ON
TEL-13200,2025-01-18 10:00:00,EQX1026,37.777196,-122.422147,20.3,427.1,427.1,161.1,4936.8,135.8,24.6,72.6,GOOD,22,133.8,,ONLINE,ON
TEL-13201,2025-01-18 11:00:00,EQX1026,37.777559,-122.416001,29.0,427.6,427.6,161.2,4942.6,138.5,22.9,72.5,GOOD,3,96.9,,ONLINE,ON
TEL-13202,2025-01-18 12:00:00,EQX1026,37.773083,-122.417639,15.2,428.1,428.1,161.3,4946.8,100.1,21.7,72.4,WARNING,20,28.1,P0087,ONLINE,ON
TEL-13203,2025-01-18 13:00:00,EQX1026,37.772126,-122.421662,19.4,428.6,428.6,161.4,4953.2,153.8,19.9,72.3,GOOD,9,110.3,,ONLINE,ON
TEL-13204,2025-01-18 14:00:00,EQX1026,37.773014,-122.421314,20.3,429.1,429.1,161.5,4958.0,116.2,18.5,72.2,GOOD,29,210.5,,ONLINE,ON
TEL-13205,2025-01-18 15:00:00,EQX1026,37.777833,-122.415892,27.6,429.6,429.6,161.6,4965.8,185.8,16.3,72.1,GOOD,14,34.1,,ONLINE,ON
TEL-13206,2025-01-18 16:00:00,EQX1026,37.775238,-122.423654,23.8,430.1,430.1,161.7,4971.3,133.7,14.7,72.0,WARNING,14,263.5,P0562,ONLINE,ON
TEL-13207,2025-01-18 17:00:00,EQX1026,37.778725,-122.422079,18.5,430.6,430.6,161.8,4977.1,139.0,13.1,71.9,GOOD,20,80.1,,ONLINE,ON
TEL-13208,2025-01-18 18:00:00,EQX1026,37.7749,-122.4194,0.0,430.6,430.6,161.8,4977.2,2.4,13.0,71.8,GOOD,15,172.4,,ONLINE,OFF
TEL-13209,2025-01-18 19:00:00,EQX1026,37.7749,-122.4194,0.0,430.6,430.6,161.8,4977.3,2.4,13.0,71.7,GOOD,26,231.6,,ONLINE,OFF
TEL-13210,2025-01-18 20:00:00,EQX1026,37.7749,-122.4194,0.0,430.6,430.6,161.8,4977.4,2.4,13.0,71.6,GOOD,0,19.9,,ONLINE,OFF
TEL-13211,2025-01-18 21:00:00,EQX1026,37.7749,-122.4194,0.0,430.6,430.6,161.8,4977.5,2.4,12.9,71.5,GOOD,6,227.5,,ONLINE,OFF
TEL-13212,2025-01-18 22:00:00,EQX1026,37.7749,-122.4194,0.0,430.6,430.6,161.8,4977.6,2.4,12.9,71.4,GOOD,18,283.5,,ONLINE,OFF
TEL-13213,2025-01-18 23:00:00,EQX1026,37.7749,-122.4194,0.0,430.6,430.6,161.8,4977.7,2.4,12.9,71.3,GOOD,29,211.0,,ONLINE,OFF
TEL-13214,2025-01-19 00:00:00,EQX1026,37.7749,-122.4194,0.0,430.6,430.6,161.8,4977.8,2.4,12.9,71.2,GOOD,12,288.5,,ONLINE,OFF
TEL-13215,2025-01-19 01:00:00,EQX1026,37.7749,-122.4194,0.0,430.6,430.6,161.8,4977.9,2.4,12.8,71.1,GOOD,18,249.0,,ONLINE,OFF
TEL-13216,2025-01-19 02:00:00,EQX1026,37.7749,-122.4194,0.0,430.6,430.6,161.8,4978.0,2.4,12.8,71.0,GOOD,9,192.8,,ONLINE,OFF
TEL-13217,2025-01-19 03:00:00,EQX1026,37.7749,-122.4194,0.0,430.6,430.6,161.8,4978.1,2.4,12.8,70.9,GOOD,2,112.8,,ONLINE,OFF
TEL-13218,2025-01-19 04:00:00,EQX1026,37.7749,-122.4194,0.0,430.6,430.6,161.8,4978.2,2.4,12.7,70.8,GOOD,20,221.7,,ONLINE,OFF
TEL-13219,2025-01-19 05:00:00,EQX1026,37.7749,-122.4194,0.0,430.6,430.6,161.8,4978.3,2.4,12.7,70.7,GOOD,0,284.0,,ONLINE,OFF
TEL-13220,2025-01-19 06:00:00,EQX1026,37.7749,-122.4194,0.0,430.6,430.6,161.8,4978.4,2.4,12.7,70.6,GOOD,27,141.3,,ONLINE,OFF
TEL-13221,2025-01-19 07:00:00,EQX1026,37.7749,-122.4194,0.0,430.6,430.6,161.8,4978.5,2.4,12.7,70.5,GOOD,23,189.7,,ONLINE,OFF
TEL-13222,2025-01-19 08:00:00,EQX1026,37.776171,-122.421723,15.7,431.1,431.1,161.9,4983.7,123.1,11.2,70.4,GOOD,3,127.4,,ONLINE,ON
TEL-13223,2025-01-19 09:00:00,EQX1026,37.778876,-122.423631,18.3,431.6,431.6,162.0,4989.0,128.4,95.0,70.3,GOOD,17,21.5,,ONLINE,ON
TEL-13224,2025-01-19 10:00:00,EQX1026,37.772179,-122.416768,30.0,432.1,432.1,162.1,4994.2,123.6,93.5,70.2,GOOD,12,209.7,,ONLINE,ON
TEL-13225,2025-01-19 11:00:00,EQX1026,37.771934,-122.419531,6.8,432.6,432.6,162.2,5000.5,152.6,91.7,70.1,GOOD,4,177.4,,ONLINE,ON
TEL-13226,2025-01-19 12:00:00,EQX1026,37.776544,-122.414431,26.6,433.1,433.1,162.3,5005.0,108.0,90.4,70.0,GOOD,0,243.6,,ONLINE,ON
TEL-13227,2025-01-19 13:00:00,EQX1026,37.779228,-122.424104,17.7,433.6,433.6,162.4,5012.4,177.8,88.3,69.9,GOOD,22,245.8,,ONLINE,ON
TEL-13228,2025-01-19 14:00:00,EQX1026,37.774424,-122.423169,8.5,434.1,434.1,162.5,5020.0,181.4,86.1,69.8,GOOD,13,130.7,,ONLINE,ON
TEL-13229,2025-01-19 15:00:00,EQX1026,37.773842,-122.421995,7.3,434.6,434.6,162.6,5024.5,109.4,84.8,69.7,GOOD,1,40.3,,ONLINE,ON
TEL-13230,2025-01-19 16:00:00,EQX1026,37.779688,-122.421713,30.5,435.1,435.1,162.7,5029.1,108.2,83.6,69.6,GOOD,28,296.6,,ONLINE,ON
TEL-13231,2025-01-19 17:00:00,EQX1026,37.778811,-122.419518,26.8,435.6,435.6,162.8,5036.9,189.4,81.3,69.5,CRITICAL,27,135.7,P0300,ONLINE,ON
TEL-13232,2025-01-19 18:00:00,EQX1026,37.7749,-122.4194,0.0,435.6,435.6,162.8,5037.0,2.4,81.3,69.4,GOOD,26,121.1,,ONLINE,OFF
TEL-13233,2025-01-19 19:00:00,EQX1026,37.7749,-122.4194,0.0,435.6,435.6,162.8,5037.1,2.4,81.2,69.3,WARNING,6,73.6,P0087,ONLINE,OFF
TEL-13234,2025-01-19 20:00:00,EQX1026,37.7749,-122.4194,0.0,435.6,435.6,162.8,5037.2,2.4,81.2,69.2,GOOD,12,272.4,,ONLINE,OFF
TEL-13235,2025-01-19 21:00:00,EQX1026,37.7749,-122.4194,0.0,435.6,435.6,162.8,5037.3,2.4,81.2,69.1,GOOD,12,244.1,,ONLINE,OFF
TEL-13236,2025-01-19 22:00:00,EQX1026,37.7749,-122.4194,0.0,435.6,435.6,162.8,5037.4,2.4,81.2,69.0,GOOD,4,113.9,,ONLINE,OFF
TEL-13237,2025-01-19 23:00:00,EQX1026,37.7749,-122.4194,0.0,435.6,435.6,162.8,5037.5,2.4,81.1,68.9,GOOD,23,271.4,,ONLINE,OFF
TEL-13238,2025-01-20 00:00:00,EQX1026,37.7749,-122.4194,0.0,435.6,435.6,162.8,5037.6,2.4,81.1,68.8,GOOD,18,227.4,,ONLINE,OFF
TEL-13239,2025-01-20 01:00:00,EQX1026,37.7749,-122.4194,0.0,435.6,435.6,162.8,5037.7,2.4,81.1,68.7,GOOD,27,264.2,,ONLINE,OFF
TEL-13240,2025-01-20 02:00:00,EQX1026,37.7749,-122.4194,0.0,435.6,435.6,162.8,5037.8,2.4,81.0,68.6,GOOD,6,278.2,,ONLINE,OFF
TEL-13241,2025-01-20 03:00:00,EQX1026,37.7749,-122.4194,0.0,435.6,435.6,162.8,5037.9,2.4,81.0,68.5,GOOD,0,291.8,,ONLINE,OFF
TEL-13242,2025-01-20 04:00:00,EQX1026,37.7749,-122.4194,0.0,435.6,435.6,162.8,5038.0,2.4,81.0,68.4,GOOD,23,293.6,,ONLINE,OFF
TEL-13243,2025-01-20 05:00:00,EQX1026,37.7749,-122.4194,0.0,435.6,435.6,162.8,5038.1,2.4,81.0,68.3,GOOD,9,277.6,,ONLINE,OFF
TEL-13244,2025-01-20 06:00:00,EQX1026,37.7749,-122.4194,0.0,435.6,435.6,162.8,5038.2,2.4,80.9,68.2,GOOD,5,160.0,,ONLINE,OFF
TEL-13245,2025-01-20 07:00:00,EQX1026,37.7749,-122.4194,0.0,435.6,435.6,162.8,5038.3,2.4,80.9,68.1,GOOD,24,72.4,,ONLINE,OFF
TEL-13246,2025-01-20 08:00:00,EQX1026,37.77368,-122.417011,12.0,436.1,436.1,162.9,5043.4,120.2,79.5,68.0,GOOD,9,174.1,,ONLINE,ON
TEL-13247,2025-01-20 09:00:00,EQX1026,37.776867,-122.418516,10.9,436.6,436.6,163.0,5048.8,130.3,77.9,67.9,GOOD,26,95.0,,ONLINE,ON
TEL-13248,2025-01-20 10:00:00,EQX1026,37.77004,-122.421178,6.9,437.1,437.1,163.1,5056.3,180.0,75.8,67.8,GOOD,13,127.5,,OFFLINE,ON
TEL-13249,2025-01-20 11:00:00,EQX1026,37.77364,-122.423884,20.4,437.6,437.6,163.2,5060.5,101.0,74.6,67.7,GOOD,15,289.5,,ONLINE,ON
TEL-13250,2025-01-20 12:00:00,EQX1026,37.770821,-122.423751,7.6,438.1,438.1,163.3,5065.3,115.7,73.2,67.6,GOOD,13,51.2,,ONLINE,ON
TEL-13251,2025-02-05 08:00:00,EQX1027,38.580654,-121.494155,21.5,632.9,632.9,278.4,7882.6,105.4,83.7,81.8,GOOD,24,136.2,,ONLINE,ON
TEL-13252,2025-02-05 09:00:00,EQX1027,38.576623,-121.490763,6.6,633.4,633.4,278.5,7889.2,157.7,81.9,81.7,GOOD,7,277.3,,ONLINE,ON
TEL-13253,2025-02-05 10:00:00,EQX1027,38.583667,-121.497438,26.6,633.9,633.9,278.6,7894.6,131.8,80.3,81.6,GOOD,6,16.3,,ONLINE,ON
TEL-13254,2025-02-05 11:00:00,EQX1027,38.58307,-121.489976,33.8,634.4,634.4,278.7,7900.4,137.5,78.7,81.5,CRITICAL,29,249.3,P0217,ONLINE,ON
TEL-13255,2025-02-05 12:00:00,EQX1027,38.584483,-121.499127,10.0,634.9,634.9,278.8,7907.3,167.0,76.7,81.4,GOOD,10,22.6,,ONLINE,ON
TEL-13256,2025-02-05 13:00:00,EQX1027,38.577554,-121.490801,14.6,635.4,635.4,278.9,7913.7,152.6,74.9,81.3,GOOD,27,222.1,,ONLINE,ON
TEL-13257,2025-02-05 14:00:00,EQX1027,38.576974,-121.489488,9.2,635.9,635.9,279.0,7918.2,109.0,73.6,81.2,GOOD,4,55.3,,ONLINE,ON
TEL-13258,2025-02-05 15:00:00,EQX1027,38.576875,-121.489791,10.3,636.4,636.4,279.1,7923.7,131.8,72.0,81.1,GOOD,27,22.7,,ONLINE,ON
TEL-13259,2025-02-05 16:00:00,EQX1027,38.578836,-121.49839,27.7,636.9,636.9,279.2,7928.7,120.5,70.6,81.0,GOOD,5,155.1,,ONLINE,ON
TEL-13260,2025-02-05 17:00:00,EQX1027,38.579033,-121.493423,33.7,637.4,637.4,279.3,7933.2,107.3,69.3,80.9,GOOD,21,85.0,,ONLINE,ON
TEL-13261,2025-02-05 18:00:00,EQX1027,38.5816,-121.4944,0.0,637.4,637.4,279.3,7933.3,2.4,69.3,80.8,GOOD,9,231.8,,ONLINE,OFF
TEL-13262,2025-02-05 19:00:00,EQX1027,38.5816,-121.4944,0.0,637.4,637.4,279.3,7933.4,2.4,69.2,80.7,GOOD,5,79.1,,ONLINE,OFF
TEL-13263,2025-02-05 20:00:00,EQX1027,38.5816,-121.4944,0.0,637.4,637.4,279.3,7933.5,2.4,69.2,80.6,GOOD,23,16.4,,ONLINE,OFF
TEL-13264,2025-02-05 21:00:00,EQX1027,38.5816,-121.4944,0.0,637.4,637.4,279.3,7933.6,2.4,69.2,80.5,GOOD,24,136.1,,ONLINE,OFF
TEL-13265,2025-02-05 22:00:00,EQX1027,38.5816,-121.4944,0.0,637.4,637.4,279.3,7933.7,2.4,69.1,80.4,GOOD,7,83.0,,ONLINE,OFF
TEL-13266,2025-02-05 23:00:00,EQX1027,38.5816,-121.4944,0.0,637.4,637.4,279.3,7933.8,2.4,69.1,80.3,GOOD,19,141.6,,ONLINE,OFF
TEL-13267,2025-02-06 00:00:00,EQX1027,38.5816,-121.4944,0.0,637.4,637.4,279.3,7933.9,2.4,69.1,80.2,GOOD,10,206.5,,ONLINE,OFF
TEL-13268,2025-02-06 01:00:00,EQX1027,38.5816,-121.4944,0.0,637.4,637.4,279.3,7934.0,2.4,69.1,80.1,GOOD,26,99.8,,ONLINE,OFF
TEL-13269,2025-02-06 02:00:00,EQX1027,38.5816,-121.4944,0.0,637.4,637.4,279.3,7934.1,2.4,69.0,80.0,GOOD,12,288.1,,ONLINE,OFF
TEL-13270,2025-02-06 03:00:00,EQX1027,38.5816,-121.4944,0.0,637.4,637.4,279.3,7934.2,2.4,69.0,79.9,GOOD,1,185.9,,ONLINE,OFF
TEL-13271,2025-02-06 04:00:00,EQX1027,38.5816,-121.4944,0.0,637.4,637.4,279.3,7934.3,2.4,69.0,79.8,GOOD,25,297.8,,ONLINE,OFF
TEL-13272,2025-02-06 05:00:00,EQX1027,38.5816,-121.4944,0.0,637.4,637.4,279.3,7934.4,2.4,68.9,79.7,GOOD,11,47.8,,ONLINE,OFF
TEL-13273,2025-02-06 06:00:00,EQX1027,38.5816,-121.4944,0.0,637.4,637.4,279.3,7934.5,2.4,68.9,79.6,GOOD,29,229.4,,ONLINE,OFF
TEL-13274,2025-02-06 07:00:00,EQX1027,38.5816,-121.4944,0.0,637.4,637.4,279.3,7934.6,2.4,68.9,79.5,GOOD,6,168.4,,ONLINE,OFF
TEL-13275,2025-02-06 08:00:00,EQX1027,38.584219,-121.490593,26.0,637.9,637.9,279.4,7941.4,163.2,66.9,79.4,GOOD,23,75.0,,ONLINE,ON
TEL-13276,2025-02-06 09:00:00,EQX1027,38.586499,-121.494461,13.7,638.4,638.4,279.5,7948.9,180.2,64.8,79.3,GOOD,10,142.4,,ONLINE,ON
TEL-13277,2025-02-06 10:00:00,EQX1027,38.58594,-121.489891,9.7,638.9,638.9,279.6,7954.8,139.9,63.1,79.2,GOOD,7,97.2,,ONLINE,ON
TEL-13278,2025-02-06 11:00:00,EQX1027,38.579885,-121.491909,11.4,639.4,639.4,279.7,7961.4,159.4,61.2,79.1,GOOD,13,235.4,,ONLINE,ON
TEL-13279,2025-02-06 12:00:00,EQX1027,38.581304,-121.493011,16.8,639.9,639.9,279.8,7967.6,147.6,59.5,79.0,GOOD,24,163.9,,ONLINE,ON
TEL-13280,2025-02-06 13:00:00,EQX1027,38.578846,-121.489937,24.7,640.4,640.4,279.9,7973.2,135.8,57.9,78.9,GOOD,25,154.6,,ONLINE,ON
TEL-13281,2025-02-06 14:00:00,EQX1027,38.576831,-121.491336,10.9,640.9,640.9,280.0,7979.1,140.4,56.2,78.8,GOOD,15,207.3,,OFFLINE,ON
TEL-13282,2025-02-06 15:00:00,EQX1027,38.579339,-121.493265,28.3,641.4,641.4,280.1,7986.2,170.2,54.2,78.7,GOOD,28,213.5,,ONLINE,ON
TEL-13283,2025-02-06 16:00:00,EQX1027,38.582338,-121.498222,21.7,641.9,641.9,280.2,7990.7,109.4,52.9,78.6,GOOD,12,235.1,,ONLINE,ON
TEL-13284,2025-02-06 17:00:00,EQX1027,38.580569,-121.496167,22.8,642.4,642.4,280.3,7995.9,124.6,51.4,78.5,GOOD,18,297.4,,ONLINE,ON
TEL-13285,2025-02-06 18:00:00,EQX1027,38.5816,-121.4944,0.0,642.4,642.4,280.3,7996.0,2.4,51.3,78.4,GOOD,11,225.2,,ONLINE,OFF
TEL-13286,2025-02-06 19:00:00,EQX1027,38.5816,-121.4944,0.0,642.4,642.4,280.3,7996.1,2.4,51.3,78.3,GOOD,14,41.6,,ONLINE,OFF
TEL-13287,2025-02-06 20:00:00,EQX1027,38.5816,-121.4944,0.0,642.4,642.4,280.3,7996.2,2.4,51.3,78.2,GOOD,28,90.2,,ONLINE,OFF
TEL-13288,2025-02-06 21:00:00,EQX1027,38.5816,-121.4944,0.0,642.4,642.4,280.3,7996.3,2.4,51.3,78.1,GOOD,27,199.5,,ONLINE,OFF
TEL-13289,2025-02-06 22:00:00,EQX1027,38.5816,-121.4944,0.0,642.4,642.4,280.3,7996.4,2.4,51.2,78.0,GOOD,22,273.3,,ONLINE,OFF
TEL-13290,2025-02-06 23:00:00,EQX1027,38.5816,-121.4944,0.0,642.4,642.4,280.3,7996.5,2.4,51.2,77.9,GOOD,13,135.4,,ONLINE,OFF
TEL-13291,2025-02-07 00:00:00,EQX1027,38.5816,-121.4944,0.0,642.4,642.4,280.3,7996.6,2.4,51.2,77.8,GOOD,7,65.5,,ONLINE,OFF
TEL-13292,2025-02-07 01:00:00,EQX1027,38.5816,-121.4944,0.0,642.4,642.4,280.3,7996.7,2.4,51.1,77.7,GOOD,12,32.2,,ONLINE,OFF
TEL-13293,2025-02-07 02:00:00,EQX1027,38.5816,-121.4944,0.0,642.4,642.4,280.3,7996.8,2.4,51.1,77.6,GOOD,12,232.8,,ONLINE,OFF
TEL-13294,2025-02-07 03:00:00,EQX1027,38.5816,-121.4944,0.0,642.4,642.4,280.3,7996.9,2.4,51.1,77.5,GOOD,1,228.4,,ONLINE,OFF
TEL-13295,2025-02-07 04:00:00,EQX1027,38.5816,-121.4944,0.0,642.4,642.4,280.3,7997.0,2.4,51.1,77.4,GOOD,8,64.6,,ONLINE,OFF
TEL-13296,2025-02-07 05:00:00,EQX1027,38.5816,-121.4944,0.0,642.4,642.4,280.3,7997.1,2.4,51.0,77.3,GOOD,25,61.5,,ONLINE,OFF
TEL-13297,2025-02-07 06:00:00,EQX1027,38.5816,-121.4944,0.0,642.4,642.4,280.3,7997.2,2.4,51.0,77.2,GOOD,1,247.7,,ONLINE,OFF
TEL-13298,2025-02-07 07:00:00,EQX1027,38.5816,-121.4944,0.0,642.4,642.4,280.3,7997.3,2.4,51.0,77.1,GOOD,1,286.5,,ONLINE,OFF
TEL-13299,2025-02-07 08:00:00,EQX1027,38.577339,-121.49689,30.9,642.9,642.9,280.4,8003.3,143.3,49.3,77.0,GOOD,0,292.6,,ONLINE,ON
TEL-13300,2025-02-07 09:00:00,EQX1027,38.57743,-121.499151,22.4,643.4,643.4,280.5,8010.1,164.2,47.3,76.9,GOOD,29,48.5,,ONLINE,ON
TEL-13301,2025-02-07 10:00:00,EQX1027,38.585417,-121.490868,32.4,643.9,643.9,280.6,8014.7,110.4,46.0,76.8,GOOD,17,299.8,,ONLINE,ON
TEL-13302,2025-02-07 11:00:00,EQX1027,38.576996,-121.49648,27.4,644.4,644.4,280.7,8019.0,103.0,44.8,76.7,GOOD,6,77.3,,ONLINE,ON
TEL-13303,2025-02-07 12:00:00,EQX1027,38.579211,-121.497841,31.9,644.9,644.9,280.8,8026.7,185.8,42.6,76.6,GOOD,2,127.6,,ONLINE,ON
TEL-13304,2025-02-07 13:00:00,EQX1027,38.581457,-121.490008,25.9,645.4,645.4,280.9,8033.0,150.2,40.8,76.5,GOOD,17,114.6,,ONLINE,ON
TEL-13305,2025-02-07 14:00:00,EQX1027,38.583619,-121.498536,7.4,645.9,645.9,281.0,8040.2,171.6,38.7,76.4,GOOD,4,234.8,,ONLINE,ON
TEL-13306,2025-02-07 15:00:00,EQX1027,38.584769,-121.489436,7.9,646.4,646.4,281.1,8046.9,161.5,36.8,76.3,GOOD,27,1.3,,ONLINE,ON
TEL-13307,2025-02-07 16:00:00,EQX1027,38.577483,-121.49848,34.1,646.9,646.9,281.2,8053.0,145.9,35.1,76.2,GOOD,27,189.6,,ONLINE,ON
TEL-13308,2025-02-07 17:00:00,EQX1027,38.577351,-121.490106,14.5,647.4,647.4,281.3,8060.6,183.1,32.9,76.1,GOOD,27,153.0,,ONLINE,ON
TEL-13309,2025-02-07 18:00:00,EQX1027,38.5816,-121.4944,0.0,647.4,647.4,281.3,8060.7,2.4,32.9,76.0,GOOD,19,21.5,,ONLINE,OFF
TEL-13310,2025-02-07 19:00:00,EQX1027,38.5816,-121.4944,0.0,647.4,647.4,281.3,8060.8,2.4,32.8,75.9,GOOD,20,149.8,,ONLINE,OFF
TEL-13311,2025-02-07 20:00:00,EQX1027,38.5816,-121.4944,0.0,647.4,647.4,281.3,8060.9,2.4,32.8,75.8,GOOD,3,234.7,,ONLINE,OFF
TEL-13312,2025-02-07 21:00:00,EQX1027,38.5816,-121.4944,0.0,647.4,647.4,281.3,8061.0,2.4,32.8,75.7,GOOD,3,104.5,,ONLINE,OFF
TEL-13313,2025-02-07 22:00:00,EQX1027,38.5816,-121.4944,0.0,647.4,647.4,281.3,8061.1,2.4,32.7,75.6,GOOD,29,100.7,,ONLINE,OFF
TEL-13314,2025-02-07 23:00:00,EQX1027,38.5816,-121.4944,0.0,647.4,647.4,281.3,8061.2,2.4,32.7,75.5,GOOD,30,198.6,,ONLINE,OFF
TEL-13315,2025-02-08 00:00:00,EQX1027,38.5816,-121.4944,0.0,647.4,647.4,281.3,8061.3,2.4,32.7,75.4,GOOD,11,101.1,,ONLINE,OFF
TEL-13316,2025-02-08 01:00:00,EQX1027,38.5816,-121.4944,0.0,647.4,647.4,281.3,8061.4,2.4,32.7,75.3,GOOD,23,93.6,,ONLINE,OFF
TEL-13317,2025-02-08 02:00:00,EQX1027,38.5816,-121.4944,0.0,647.4,647.4,281.3,8061.5,2.4,32.6,75.2,GOOD,15,216.2,,ONLINE,OFF
TEL-13318,2025-02-08 03:00:00,EQX1027,38.5816,-121.4944,0.0,647.4,647.4,281.3,8061.6,2.4,32.6,75.1,GOOD,19,211.4,,ONLINE,OFF
TEL-13319,2025-02-08 04:00:00,EQX1027,38.5816,-121.4944,0.0,647.4,647.4,281.3,8061.7,2.4,32.6,75.0,GOOD,13,117.1,,ONLINE,OFF
TEL-13320,2025-02-08 05:00:00,EQX1027,38.5816,-121.4944,0.0,647.4,647.4,281.3,8061.8,2.4,32.5,74.9,GOOD,7,294.3,,ONLINE,OFF
TEL-13321,2025-02-08 06:00:00,EQX1027,38.5816,-121.4944,0.0,647.4,647.4,281.3,8061.9,2.4,32.5,74.8,GOOD,22,219.1,,ONLINE,OFF
TEL-13322,2025-02-08 07:00:00,EQX1027,38.5816,-121.4944,0.0,647.4,647.4,281.3,8062.0,2.4,32.5,74.7,GOOD,12,62.5,,ONLINE,OFF
TEL-13323,2025-02-08 08:00:00,EQX1027,38.585117,-121.497558,15.9,647.9,647.9,281.4,8068.0,144.5,30.8,74.6,GOOD,4,116.9,,ONLINE,ON
TEL-13324,2025-02-08 09:00:00,EQX1027,38.576859,-121.495572,9.0,648.4,648.4,281.5,8074.6,158.6,28.9,74.5,WARNING,21,12.9,P0017,ONLINE,ON
TEL-13325,2025-02-08 10:00:00,EQX1027,38.577712,-121.497175,13.8,648.9,648.9,281.6,8082.6,192.0,26.6,74.4,GOOD,20,286.7,,ONLINE,ON
TEL-13326,2025-02-08 11:00:00,EQX1027,38.583604,-121.494949,17.6,649.4,649.4,281.7,8087.3,113.3,25.2,74.3,GOOD,0,290.5,,ONLINE,ON
TEL-13327,2025-02-08 12:00:00,EQX1027,38.57719,-121.496681,34.4,649.9,649.9,281.8,8093.0,135.6,23.6,74.2,GOOD,15,40.7,,ONLINE,ON
TEL-13328,2025-02-08 13:00:00,EQX1027,38.581615,-121.498287,9.2,650.4,650.4,281.9,8098.9,141.4,21.9,74.1,GOOD,5,42.0,,ONLINE,ON
TEL-13329,2025-02-08 14:00:00,EQX1027,38.57815,-121.499268,9.3,650.9,650.9,282.0,8103.5,110.2,20.6,74.0,GOOD,4,157.8,,ONLINE,ON
TEL-13330,2025-02-08 15:00:00,EQX1027,38.576919,-121.496671,15.7,651.4,651.4,282.1,8109.9,154.1,18.8,73.9,WARNING,8,135.7,P0420,ONLINE,ON
TEL-13331,2025-02-08 16:00:00,EQX1027,38.577618,-121.498245,29.1,651.9,651.9,282.2,8114.8,117.8,17.4,73.8,GOOD,26,255.9,,ONLINE,ON
TEL-13332,2025-02-08 17:00:00,EQX1027,38.586037,-121.490124,28.2,652.4,652.4,282.3,8119.6,114.7,16.0,73.7,GOOD,18,39.4,,ONLINE,ON
TEL-13333,2025-02-08 18:00:00,EQX1027,38.5816,-121.4944,0.0,652.4,652.4,282.3,8119.7,2.4,16.0,73.6,GOOD,3,191.9,,ONLINE,OFF
TEL-13334,2025-02-08 19:00:00,EQX1027,38.5816,-121.4944,0.0,652.4,652.4,282.3,8119.8,2.4,16.0,73.5,GOOD,1,179.6,,ONLINE,OFF
TEL-13335,2025-02-08 20:00:00,EQX1027,38.5816,-121.4944,0.0,652.4,652.4,282.3,8119.9,2.4,15.9,73.4,GOOD,17,5.2,,ONLINE,OFF
TEL-13336,2025-02-08 21:00:00,EQX1027,38.5816,-121.4944,0.0,652.4,652.4,282.3,8120.0,2.4,15.9,73.3,GOOD,9,273.0,,ONLINE,OFF
TEL-13337,2025-02-08 22:00:00,EQX1027,38.5816,-121.4944,0.0,652.4,652.4,282.3,8120.1,2.4,15.9,73.2,GOOD,19,99.9,,ONLINE,OFF
TEL-13338,2025-02-08 23:00:00,EQX1027,38.5816,-121.4944,0.0,652.4,652.4,282.3,8120.2,2.4,15.9,73.1,GOOD,29,28.7,,ONLINE,OFF
TEL-13339,2025-02-09 00:00:00,EQX1027,38.5816,-121.4944,0.0,652.4,652.4,282.3,8120.3,2.4,15.8,73.0,GOOD,25,136.2,,ONLINE,OFF
TEL-13340,2025-02-09 01:00:00,EQX1027,38.5816,-121.4944,0.0,652.4,652.4,282.3,8120.4,2.4,15.8,72.9,GOOD,5,25.5,,ONLINE,OFF
TEL-13341,2025-02-09 02:00:00,EQX1027,38.5816,-121.4944,0.0,652.4,652.4,282.3,8120.5,2.4,15.8,72.8,GOOD,0,115.7,,ONLINE,OFF
TEL-13342,2025-02-09 03:00:00,EQX1027,38.5816,-121.4944,0.0,652.4,652.4,282.3,8120.6,2.4,15.7,72.7,GOOD,20,213.1,,ONLINE,OFF
TEL-13343,2025-02-09 04:00:00,EQX1027,38.5816,-121.4944,0.0,652.4,652.4,282.3,8120.7,2.4,15.7,72.6,GOOD,18,231.9,,OFFLINE,OFF
TEL-13344,2025-02-09 05:00:00,EQX1027,38.5816,-121.4944,0.0,652.4,652.4,282.3,8120.8,2.4,15.7,72.5,GOOD,19,217.6,,ONLINE,OFF
TEL-13345,2025-02-09 06:00:00,EQX1027,38.5816,-121.4944,0.0,652.4,652.4,282.3,8120.9,2.4,15.7,72.4,GOOD,7,246.6,,ONLINE,OFF
TEL-13346,2025-02-09 07:00:00,EQX1027,38.5816,-121.4944,0.0,652.4,652.4,282.3,8121.0,2.4,15.6,72.3,GOOD,10,165.8,,ONLINE,OFF
TEL-13347,2025-02-09 08:00:00,EQX1027,38.582524,-121.496339,33.7,652.9,652.9,282.4,8128.6,183.8,13.4,72.2,GOOD,8,56.0,,ONLINE,ON
TEL-13348,2025-02-09 09:00:00,EQX1027,38.586247,-121.493736,31.8,653.4,653.4,282.5,8132.6,96.0,12.3,72.1,WARNING,11,268.2,P0217,ONLINE,ON
TEL-13349,2025-02-09 10:00:00,EQX1027,38.580373,-121.492121,20.6,653.9,653.9,282.6,8139.8,172.8,10.2,72.0,GOOD,7,70.1,,ONLINE,ON
TEL-13350,2025-02-09 11:00:00,EQX1027,38.57743,-121.496217,27.7,654.4,654.4,282.7,8145.3,131.8,95.0,71.9,GOOD,7,125.5,,ONLINE,ON
TEL-13351,2025-02-09 12:00:00,EQX1027,38.577186,-121.495823,21.8,654.9,654.9,282.8,8150.5,124.8,93.5,71.8,GOOD,6,143.7,,ONLINE,ON
TEL-13352,2025-02-09 13:00:00,EQX1027,38.585089,-121.496442,17.0,655.4,655.4,282.9,8157.0,155.0,91.7,71.7,GOOD,15,257.9,,ONLINE,ON
TEL-13353,2025-02-09 14:00:00,EQX1027,38.581915,-121.492647,10.4,655.9,655.9,283.0,8164.2,173.0,89.6,71.6,GOOD,8,52.2,,ONLINE,ON
TEL-13354,2025-02-09 15:00:00,EQX1027,38.5774,-121.492306,14.0,656.4,656.4,283.1,8168.2,96.5,88.5,71.5,GOOD,10,74.0,,ONLINE,ON
TEL-13355,2025-02-09 16:00:00,EQX1027,38.57998,-121.494815,31.2,656.9,656.9,283.2,8174.6,153.6,86.6,71.4,GOOD,0,115.3,,ONLINE,ON
TEL-13356,2025-02-09 17:00:00,EQX1027,38.578222,-121.497755,30.0,657.4,657.4,283.3,8180.9,150.0,84.8,71.3,GOOD,24,63.9,,ONLINE,ON
TEL-13357,2025-02-09 18:00:00,EQX1027,38.5816,-121.4944,0.0,657.4,657.4,283.3,8181.0,2.4,84.8,71.2,GOOD,19,87.3,,ONLINE,OFF
TEL-13358,2025-02-09 19:00:00,EQX1027,38.5816,-121.4944,0.0,657.4,657.4,283.3,8181.1,2.4,84.8,71.1,GOOD,20,161.3,,ONLINE,OFF
TEL-13359,2025-02-09 20:00:00,EQX1027,38.5816,-121.4944,0.0,657.4,657.4,283.3,8181.2,2.4,84.8,71.0,GOOD,8,6.1,,ONLINE,OFF
TEL-13360,2025-02-09 21:00:00,EQX1027,38.5816,-121.4944,0.0,657.4,657.4,283.3,8181.3,2.4,84.7,70.9,GOOD,28,264.5,,ONLINE,OFF
TEL-13361,2025-02-09 22:00:00,EQX1027,38.5816,-121.4944,0.0,657.4,657.4,283.3,8181.4,2.4,84.7,70.8,GOOD,15,88.6,,ONLINE,OFF
TEL-13362,2025-02-09 23:00:00,EQX1027,38.5816,-121.4944,0.0,657.4,657.4,283.3,8181.5,2.4,84.7,70.7,GOOD,9,26.1,,ONLINE,OFF
TEL-13363,2025-02-10 00:00:00,EQX1027,38.5816,-121.4944,0.0,657.4,657.4,283.3,8181.6,2.4,84.6,70.6,GOOD,3,107.8,,ONLINE,OFF
TEL-13364,2025-02-10 01:00:00,EQX1027,38.5816,-121.4944,0.0,657.4,657.4,283.3,8181.7,2.4,84.6,70.5,GOOD,19,63.0,,ONLINE,OFF
TEL-13365,2025-02-10 02:00:00,EQX1027,38.5816,-121.4944,0.0,657.4,657.4,283.3,8181.8,2.4,84.6,70.4,GOOD,4,245.8,,ONLINE,OFF
TEL-13366,2025-02-10 03:00:00,EQX1027,38.5816,-121.4944,0.0,657.4,657.4,283.3,8181.9,2.4,84.6,70.3,GOOD,7,175.9,,ONLINE,OFF
TEL-13367,2025-02-10 04:00:00,EQX1027,38.5816,-121.4944,0.0,657.4,657.4,283.3,8182.0,2.4,84.5,70.2,GOOD,26,107.5,,ONLINE,OFF
TEL-13368,2025-02-10 05:00:00,EQX1027,38.5816,-121.4944,0.0,657.4,657.4,283.3,8182.1,2.4,84.5,70.1,WARNING,21,175.5,P0017,ONLINE,OFF
TEL-13369,2025-02-10 06:00:00,EQX1027,38.5816,-121.4944,0.0,657.4,657.4,283.3,8182.2,2.4,84.5,70.0,GOOD,11,185.7,,ONLINE,OFF
TEL-13370,2025-02-10 07:00:00,EQX1027,38.5816,-121.4944,0.0,657.4,657.4,283.3,8182.3,2.4,84.4,69.9,GOOD,0,17.4,,ONLINE,OFF
TEL-13371,2025-02-10 08:00:00,EQX1027,38.580903,-121.495632,5.7,657.9,657.9,283.4,8189.1,163.9,82.5,69.8,GOOD,22,215.4,,ONLINE,ON
TEL-13372,2025-02-10 09:00:00,EQX1027,38.580285,-121.489702,13.4,658.4,658.4,283.5,8195.1,143.3,80.8,69.7,GOOD,18,299.3,,ONLINE,ON
TEL-13373,2025-02-10 10:00:00,EQX1027,38.584539,-121.495959,29.4,658.9,658.9,283.6,8199.6,109.7,79.5,69.6,GOOD,23,70.3,,OFFLINE,ON
TEL-13374,2025-02-10 11:00:00,EQX1027,38.58576,-121.494055,33.9,659.4,659.4,283.7,8206.2,158.4,77.6,69.5,GOOD,9,132.3,,ONLINE,ON
TEL-13375,2025-02-10 12:00:00,EQX1027,38.584001,-121.493251,13.6,659.9,659.9,283.8,8211.2,119.5,76.2,69.4,GOOD,21,184.3,,OFFLINE,ON
TEL-13376,2025-02-17 08:00:00,EQX1028,37.333784,-121.889532,17.8,3220.3,3220.3,1532.7,41896.1,136.3,83.4,98.9,GOOD,13,20.1,,ONLINE,ON
TEL-13377,2025-02-17 09:00:00,EQX1028,37.341414,-121.88482,5.8,3220.8,3220.8,1532.8,41902.4,151.2,81.6,98.8,GOOD,21,22.3,,ONLINE,ON
TEL-13378,2025-02-17 10:00:00,EQX1028,37.333892,-121.890161,26.6,3221.3,3221.3,1532.9,41906.6,101.8,80.4,98.7,GOOD,29,132.5,,ONLINE,ON
TEL-13379,2025-02-17 11:00:00,EQX1028,37.335245,-121.888839,16.6,3221.8,3221.8,1533.0,41913.9,175.2,78.3,98.6,GOOD,3,161.7,,ONLINE,ON
TEL-13380,2025-02-17 12:00:00,EQX1028,37.341387,-121.886132,22.6,3222.3,3222.3,1533.1,41918.2,103.0,77.1,98.5,GOOD,13,66.2,,ONLINE,ON
TEL-13381,2025-02-17 13:00:00,EQX1028,37.339263,-121.889374,19.9,3222.8,3222.8,1533.2,41922.5,103.9,75.8,98.4,WARNING,7,136.1,P0562,ONLINE,ON
TEL-13382,2025-02-17 14:00:00,EQX1028,37.338579,-121.882221,15.1,3223.3,3223.3,1533.3,41930.2,183.1,73.6,98.3,GOOD,22,21.9,,ONLINE,ON
TEL-13383,2025-02-17 15:00:00,EQX1028,37.339464,-121.882785,9.3,3223.8,3223.8,1533.4,41935.9,138.0,72.0,98.2,GOOD,15,226.5,,ONLINE,ON
TEL-13384,2025-02-17 16:00:00,EQX1028,37.338737,-121.883286,21.1,3224.3,3224.3,1533.5,41941.0,120.7,70.6,98.1,GOOD,2,264.7,,ONLINE,ON
TEL-13385,2025-02-17 17:00:00,EQX1028,37.333612,-121.890316,15.2,3224.8,3224.8,1533.6,41945.8,116.2,69.2,98.0,GOOD,26,116.4,,ONLINE,ON
TEL-13386,2025-02-17 18:00:00,EQX1028,37.3382,-121.8863,0.0,3224.8,3224.8,1533.6,41945.9,2.4,69.1,97.9,GOOD,5,129.3,,ONLINE,OFF
TEL-13387,2025-02-17 19:00:00,EQX1028,37.3382,-121.8863,0.0,3224.8,3224.8,1533.6,41946.0,2.4,69.1,97.8,GOOD,11,19.1,,ONLINE,OFF
TEL-13388,2025-02-17 20:00:00,EQX1028,37.3382,-121.8863,0.0,3224.8,3224.8,1533.6,41946.1,2.4,69.1,97.7,GOOD,30,103.6,,ONLINE,OFF
TEL-13389,2025-02-17 21:00:00,EQX1028,37.3382,-121.8863,0.0,3224.8,3224.8,1533.6,41946.2,2.4,69.1,97.6,GOOD,26,109.6,,ONLINE,OFF
TEL-13390,2025-02-17 22:00:00,EQX1028,37.3382,-121.8863,0.0,3224.8,3224.8,1533.6,41946.3,2.4,69.0,97.5,GOOD,15,293.2,,ONLINE,OFF
TEL-13391,2025-02-17 23:00:00,EQX1028,37.3382,-121.8863,0.0,3224.8,3224.8,1533.6,41946.4,2.4,69.0,97.4,GOOD,13,47.9,,ONLINE,OFF
TEL-13392,2025-02-18 00:00:00,EQX1028,37.3382,-121.8863,0.0,3224.8,3224.8,1533.6,41946.5,2.4,69.0,97.3,GOOD,11,249.1,,ONLINE,OFF
TEL-13393,2025-02-18 01:00:00,EQX1028,37.3382,-121.8863,0.0,3224.8,3224.8,1533.6,41946.6,2.4,68.9,97.2,GOOD,0,287.6,,OFFLINE,OFF
TEL-13394,2025-02-18 02:00:00,EQX1028,37.3382,-121.8863,0.0,3224.8,3224.8,1533.6,41946.7,2.4,68.9,97.1,GOOD,12,160.1,,ONLINE,OFF
TEL-13395,2025-02-18 03:00:00,EQX1028,37.3382,-121.8863,0.0,3224.8,3224.8,1533.6,41946.8,2.4,68.9,97.0,GOOD,1,259.9,,ONLINE,OFF
TEL-13396,2025-02-18 04:00:00,EQX1028,37.3382,-121.8863,0.0,3224.8,3224.8,1533.6,41946.9,2.4,68.9,96.9,GOOD,22,147.7,,ONLINE,OFF
TEL-13397,2025-02-18 05:00:00,EQX1028,37.3382,-121.8863,0.0,3224.8,3224.8,1533.6,41947.0,2.4,68.8,96.8,GOOD,0,184.2,,ONLINE,OFF
TEL-13398,2025-02-18 06:00:00,EQX1028,37.3382,-121.8863,0.0,3224.8,3224.8,1533.6,41947.1,2.4,68.8,96.7,GOOD,8,259.9,,ONLINE,OFF
TEL-13399,2025-02-18 07:00:00,EQX1028,37.3382,-121.8863,0.0,3224.8,3224.8,1533.6,41947.2,2.4,68.8,96.6,GOOD,27,234.8,,ONLINE,OFF
TEL-13400,2025-02-18 08:00:00,EQX1028,37.335159,-121.88237,16.1,3225.3,3225.3,1533.7,41951.2,96.5,67.6,96.5,GOOD,22,280.5,,ONLINE,ON
TEL-13401,2025-02-18 09:00:00,EQX1028,37.342307,-121.881575,26.0,3225.8,3225.8,1533.8,41958.1,166.1,65.6,96.4,GOOD,28,41.1,,OFFLINE,ON
TEL-13402,2025-02-18 10:00:00,EQX1028,37.333719,-121.891058,8.5,3226.3,3226.3,1533.9,41964.2,145.9,63.9,96.3,GOOD,4,28.1,,ONLINE,ON
TEL-13403,2025-02-18 11:00:00,EQX1028,37.34305,-121.88986,18.6,3226.8,3226.8,1534.0,41970.9,161.3,62.0,96.2,GOOD,23,264.2,,ONLINE,ON
TEL-13404,2025-02-18 12:00:00,EQX1028,37.335897,-121.89066,25.8,3227.3,3227.3,1534.1,41978.6,185.0,59.8,96.1,GOOD,24,219.0,,ONLINE,ON
TEL-13405,2025-02-18 13:00:00,EQX1028,37.339909,-121.882813,5.4,3227.8,3227.8,1534.2,41983.4,115.0,58.4,96.0,GOOD,13,60.1,,ONLINE,ON
TEL-13406,2025-02-18 14:00:00,EQX1028,37.341454,-121.891029,8.4,3228.3,3228.3,1534.3,41991.4,190.8,56.1,95.9,GOOD,28,216.0,,ONLINE,ON
TEL-13407,2025-02-18 15:00:00,EQX1028,37.337077,-121.888769,20.5,3228.8,3228.8,1534.4,41997.4,144.2,54.4,95.8,GOOD,6,297.9,,ONLINE,ON
TEL-13408,2025-02-18 16:00:00,EQX1028,37.33701,-121.88183,11.4,3229.3,3229.3,1534.5,42004.8,177.6,52.3,95.7,GOOD,22,162.1,,ONLINE,ON
TEL-13409,2025-02-18 17:00:00,EQX1028,37.340173,-121.887488,17.2,3229.8,3229.8,1534.6,42011.7,165.6,50.3,95.6,GOOD,8,182.0,,ONLINE,ON
TEL-13410,2025-02-18 18:00:00,EQX1028,37.3382,-121.8863,0.0,3229.8,3229.8,1534.6,42011.8,2.4,50.3,95.5,GOOD,4,7.2,,ONLINE,OFF
TEL-13411,2025-02-18 19:00:00,EQX1028,37.3382,-121.8863,0.0,3229.8,3229.8,1534.6,42011.9,2.4,50.3,95.4,GOOD,22,250.2,,ONLINE,OFF
TEL-13412,2025-02-18 20:00:00,EQX1028,37.3382,-121.8863,0.0,3229.8,3229.8,1534.6,42012.0,2.4,50.3,95.3,GOOD,11,229.1,,ONLINE,OFF
TEL-13413,2025-02-18 21:00:00,EQX1028,37.3382,-121.8863,0.0,3229.8,3229.8,1534.6,42012.1,2.4,50.2,95.2,GOOD,1,247.5,,ONLINE,OFF
TEL-13414,2025-02-18 22:00:00,EQX1028,37.3382,-121.8863,0.0,3229.8,3229.8,1534.6,42012.2,2.4,50.2,95.1,GOOD,28,99.5,,ONLINE,OFF
TEL-13415,2025-02-18 23:00:00,EQX1028,37.3382,-121.8863,0.0,3229.8,3229.8,1534.6,42012.3,2.4,50.2,95.0,GOOD,16,214.6,,ONLINE,OFF
TEL-13416,2025-02-19 00:00:00,EQX1028,37.3382,-121.8863,0.0,3229.8,3229.8,1534.6,42012.4,2.4,50.1,94.9,GOOD,1,65.0,,ONLINE,OFF
TEL-13417,2025-02-19 01:00:00,EQX1028,37.3382,-121.8863,0.0,3229.8,3229.8,1534.6,42012.5,2.4,50.1,94.8,GOOD,23,220.6,,ONLINE,OFF
TEL-13418,2025-02-19 02:00:00,EQX1028,37.3382,-121.8863,0.0,3229.8,3229.8,1534.6,42012.6,2.4,50.1,94.7,GOOD,1,81.6,,ONLINE,OFF
TEL-13419,2025-02-19 03:00:00,EQX1028,37.3382,-121.8863,0.0,3229.8,3229.8,1534.6,42012.7,2.4,50.1,94.6,GOOD,10,22.8,,ONLINE,OFF
TEL-13420,2025-02-19 04:00:00,EQX1028,37.3382,-121.8863,0.0,3229.8,3229.8,1534.6,42012.8,2.4,50.0,94.5,GOOD,20,30.9,,ONLINE,OFF
TEL-13421,2025-02-19 05:00:00,EQX1028,37.3382,-121.8863,0.0,3229.8,3229.8,1534.6,42012.9,2.4,50.0,94.4,GOOD,10,105.7,,ONLINE,OFF
TEL-13422,2025-02-19 06:00:00,EQX1028,37.3382,-121.8863,0.0,3229.8,3229.8,1534.6,42013.0,2.4,50.0,94.3,WARNING,0,30.9,P0562,ONLINE,OFF
TEL-13423,2025-02-19 07:00:00,EQX1028,37.3382,-121.8863,0.0,3229.8,3229.8,1534.6,42013.1,2.4,49.9,94.2,GOOD,14,33.0,,ONLINE,OFF
TEL-13424,2025-02-19 08:00:00,EQX1028,37.334112,-121.882029,30.2,3230.3,3230.3,1534.7,42018.9,139.2,48.3,94.1,WARNING,25,273.6,P0300,ONLINE,ON
TEL-13425,2025-02-19 09:00:00,EQX1028,37.338788,-121.884267,8.1,3230.8,3230.8,1534.8,42026.5,182.2,46.1,94.0,GOOD,2,32.0,,ONLINE,ON
TEL-13426,2025-02-19 10:00:00,EQX1028,37.338374,-121.887076,20.5,3231.3,3231.3,1534.9,42032.0,133.4,44.5,93.9,GOOD,26,249.5,,ONLINE,ON
TEL-13427,2025-02-19 11:00:00,EQX1028,37.33522,-121.889308,18.2,3231.8,3231.8,1535.0,42038.4,151.7,42.7,93.8,GOOD,1,215.8,,ONLINE,ON
TEL-13428,2025-02-19 12:00:00,EQX1028,37.335274,-121.889404,30.9,3232.3,3232.3,1535.1,42043.7,127.9,41.2,93.7,GOOD,18,104.3,,ONLINE,ON
TEL-13429,2025-02-19 13:00:00,EQX1028,37.335669,-121.881781,14.8,3232.8,3232.8,1535.2,42050.5,163.7,39.3,93.6,GOOD,18,231.1,,ONLINE,ON
TEL-13430,2025-02-19 14:00:00,EQX1028,37.339795,-121.890357,20.3,3233.3,3233.3,1535.3,42055.6,123.1,37.8,93.5,GOOD,10,167.9,,ONLINE,ON
TEL-13431,2025-02-19 15:00:00,EQX1028,37.34249,-121.887022,7.0,3233.8,3233.8,1535.4,42061.0,127.7,36.3,93.4,GOOD,0,244.4,,ONLINE,ON
TEL-13432,2025-02-19 16:00:00,EQX1028,37.33661,-121.889724,28.3,3234.3,3234.3,1535.5,42065.0,96.7,35.1,93.3,GOOD,24,115.3,,ONLINE,ON
TEL-13433,2025-02-19 17:00:00,EQX1028,37.336367,-121.88492,22.8,3234.8,3234.8,1535.6,42072.2,173.8,33.0,93.2,GOOD,5,96.0,,ONLINE,ON
TEL-13434,2025-02-19 18:00:00,EQX1028,37.3382,-121.8863,0.0,3234.8,3234.8,1535.6,42072.3,2.4,33.0,93.1,GOOD,3,290.5,,ONLINE,OFF
TEL-13435,2025-02-19 19:00:00,EQX1028,37.3382,-121.8863,0.0,3234.8,3234.8,1535.6,42072.4,2.4,33.0,93.0,GOOD,30,274.6,,OFFLINE,OFF
TEL-13436,2025-02-19 20:00:00,EQX1028,37.3382,-121.8863,0.0,3234.8,3234.8,1535.6,42072.5,2.4,33.0,92.9,GOOD,28,216.6,,ONLINE,OFF
TEL-13437,2025-02-19 21:00:00,EQX1028,37.3382,-121.8863,0.0,3234.8,3234.8,1535.6,42072.6,2.4,32.9,92.8,GOOD,17,259.5,,OFFLINE,OFF
TEL-13438,2025-02-19 22:00:00,EQX1028,37.3382,-121.8863,0.0,3234.8,3234.8,1535.6,42072.7,2.4,32.9,92.7,GOOD,15,136.8,,ONLINE,OFF
TEL-13439,2025-02-19 23:00:00,EQX1028,37.3382,-121.8863,0.0,3234.8,3234.8,1535.6,42072.8,2.4,32.9,92.6,GOOD,24,150.4,,ONLINE,OFF
TEL-13440,2025-02-20 00:00:00,EQX1028,37.3382,-121.8863,0.0,3234.8,3234.8,1535.6,42072.9,2.4,32.8,92.5,GOOD,20,151.2,,ONLINE,OFF
TEL-13441,2025-02-20 01:00:00,EQX1028,37.3382,-121.8863,0.0,3234.8,3234.8,1535.6,42073.0,2.4,32.8,92.4,WARNING,1,2.6,P0420,ONLINE,OFF
TEL-13442,2025-02-20 02:00:00,EQX1028,37.3382,-121.8863,0.0,3234.8,3234.8,1535.6,42073.1,2.4,32.8,92.3,GOOD,4,214.9,,ONLINE,OFF
TEL-13443,2025-02-20 03:00:00,EQX1028,37.3382,-121.8863,0.0,3234.8,3234.8,1535.6,42073.2,2.4,32.8,92.2,GOOD,15,65.0,,ONLINE,OFF
TEL-13444,2025-02-20 04:00:00,EQX1028,37.3382,-121.8863,0.0,3234.8,3234.8,1535.6,42073.3,2.4,32.7,92.1,GOOD,15,254.6,,ONLINE,OFF
TEL-13445,2025-02-20 05:00:00,EQX1028,37.3382,-121.8863,0.0,3234.8,3234.8,1535.6,42073.4,2.4,32.7,92.0,GOOD,24,185.7,,ONLINE,OFF
TEL-13446,2025-02-20 06:00:00,EQX1028,37.3382,-121.8863,0.0,3234.8,3234.8,1535.6,42073.5,2.4,32.7,91.9,GOOD,3,203.4,,ONLINE,OFF
TEL-13447,2025-02-20 07:00:00,EQX1028,37.3382,-121.8863,0.0,3234.8,3234.8,1535.6,42073.6,2.4,32.6,91.8,GOOD,22,183.0,,ONLINE,OFF
TEL-13448,2025-02-20 08:00:00,EQX1028,37.337267,-121.890893,15.5,3235.3,3235.3,1535.7,42079.2,134.4,31.0,91.7,GOOD,16,256.4,,ONLINE,ON
TEL-13449,2025-02-20 09:00:00,EQX1028,37.33935,-121.887634,10.8,3235.8,3235.8,1535.8,42086.3,170.9,29.0,91.6,GOOD,9,283.5,,OFFLINE,ON
TEL-13450,2025-02-20 10:00:00,EQX1028,37.335163,-121.886711,34.6,3236.3,3236.3,1535.9,42091.9,132.5,27.4,91.5,GOOD,4,251.3,,ONLINE,ON
TEL-13451,2025-02-20 11:00:00,EQX1028,37.339438,-121.891167,22.4,3236.8,3236.8,1536.0,42098.9,169.0,25.4,91.4,WARNING,9,143.5,P0562,ONLINE,ON
TEL-13452,2025-02-20 12:00:00,EQX1028,37.338128,-121.884895,12.3,3237.3,3237.3,1536.1,42103.1,100.8,24.2,91.3,GOOD,10,11.1,,ONLINE,ON
TEL-13453,2025-02-20 13:00:00,EQX1028,37.341488,-121.889786,26.1,3237.8,3237.8,1536.2,42107.3,100.3,23.0,91.2,WARNING,1,40.4,P0420,ONLINE,ON
TEL-13454,2025-02-20 14:00:00,EQX1028,37.335817,-121.886613,15.5,3238.3,3238.3,1536.3,42113.6,151.0,21.2,91.1,GOOD,17,275.6,,ONLINE,ON
TEL-13455,2025-02-20 15:00:00,EQX1028,37.340337,-121.887718,11.1,3238.8,3238.8,1536.4,42118.8,126.5,19.7,91.0,GOOD,3,85.1,,ONLINE,ON
TEL-13456,2025-02-20 16:00:00,EQX1028,37.337044,-121.881597,17.1,3239.3,3239.3,1536.5,42125.1,150.7,17.9,90.9,GOOD,20,116.2,,ONLINE,ON
TEL-13457,2025-02-20 17:00:00,EQX1028,37.333429,-121.889223,13.5,3239.8,3239.8,1536.6,42132.5,175.9,15.8,90.8,GOOD,22,41.6,,ONLINE,ON
TEL-13458,2025-02-20 18:00:00,EQX1028,37.3382,-121.8863,0.0,3239.8,3239.8,1536.6,42132.6,2.4,15.8,90.7,GOOD,16,42.6,,ONLINE,OFF
TEL-13459,2025-02-20 19:00:00,EQX1028,37.3382,-121.8863,0.0,3239.8,3239.8,1536.6,42132.7,2.4,15.8,90.6,GOOD,18,270.5,,ONLINE,OFF
TEL-13460,2025-02-20 20:00:00,EQX1028,37.3382,-121.8863,0.0,3239.8,3239.8,1536.6,42132.8,2.4,15.8,90.5,GOOD,0,11.8,,ONLINE,OFF
TEL-13461,2025-02-20 21:00:00,EQX1028,37.3382,-121.8863,0.0,3239.8,3239.8,1536.6,42132.9,2.4,15.7,90.4,GOOD,4,6.2,,ONLINE,OFF
TEL-13462,2025-02-20 22:00:00,EQX1028,37.3382,-121.8863,0.0,3239.8,3239.8,1536.6,42133.0,2.4,15.7,90.3,WARNING,21,223.9,P0217,ONLINE,OFF
TEL-13463,2025-02-20 23:00:00,EQX1028,37.3382,-121.8863,0.0,3239.8,3239.8,1536.6,42133.1,2.4,15.7,90.2,GOOD,17,229.7,,ONLINE,OFF
TEL-13464,2025-02-21 00:00:00,EQX1028,37.3382,-121.8863,0.0,3239.8,3239.8,1536.6,42133.2,2.4,15.6,90.1,GOOD,3,120.2,,ONLINE,OFF
TEL-13465,2025-02-21 01:00:00,EQX1028,37.3382,-121.8863,0.0,3239.8,3239.8,1536.6,42133.3,2.4,15.6,90.0,GOOD,22,217.6,,ONLINE,OFF
TEL-13466,2025-02-21 02:00:00,EQX1028,37.3382,-121.8863,0.0,3239.8,3239.8,1536.6,42133.4,2.4,15.6,89.9,GOOD,20,272.9,,ONLINE,OFF
TEL-13467,2025-02-21 03:00:00,EQX1028,37.3382,-121.8863,0.0,3239.8,3239.8,1536.6,42133.5,2.4,15.6,89.8,GOOD,6,243.5,,ONLINE,OFF
TEL-13468,2025-02-21 04:00:00,EQX1028,37.3382,-121.8863,0.0,3239.8,3239.8,1536.6,42133.6,2.4,15.5,89.7,GOOD,18,15.7,,ONLINE,OFF
TEL-13469,2025-02-21 05:00:00,EQX1028,37.3382,-121.8863,0.0,3239.8,3239.8,1536.6,42133.7,2.4,15.5,89.6,GOOD,14,156.3,,ONLINE,OFF
TEL-13470,2025-02-21 06:00:00,EQX1028,37.3382,-121.8863,0.0,3239.8,3239.8,1536.6,42133.8,2.4,15.5,89.5,GOOD,26,159.5,,ONLINE,OFF
TEL-13471,2025-02-21 07:00:00,EQX1028,37.3382,-121.8863,0.0,3239.8,3239.8,1536.6,42133.9,2.4,15.4,89.4,GOOD,7,100.8,,ONLINE,OFF
TEL-13472,2025-02-21 08:00:00,EQX1028,37.342633,-121.88374,33.6,3240.3,3240.3,1536.7,42138.1,102.2,14.2,89.3,GOOD,23,69.0,,ONLINE,ON
TEL-13473,2025-02-21 09:00:00,EQX1028,37.337372,-121.890415,32.7,3240.8,3240.8,1536.8,42144.9,163.9,12.3,89.2,GOOD,17,274.9,,ONLINE,ON
TEL-13474,2025-02-21 10:00:00,EQX1028,37.34305,-121.884556,5.7,3241.3,3241.3,1536.9,42152.1,171.8,10.2,89.1,GOOD,27,295.2,,ONLINE,ON
TEL-13475,2025-02-21 11:00:00,EQX1028,37.340174,-121.888736,27.8,3241.8,3241.8,1537.0,42157.3,125.0,95.0,89.0,CRITICAL,29,215.3,P0217,ONLINE,ON
TEL-13476,2025-02-21 12:00:00,EQX1028,37.333563,-121.887811,7.2,3242.3,3242.3,1537.1,42164.6,175.4,92.9,88.9,GOOD,24,222.5,,ONLINE,ON
TEL-13477,2025-02-21 13:00:00,EQX1028,37.335228,-121.886821,5.3,3242.8,3242.8,1537.2,42171.1,154.8,91.1,88.8,GOOD,3,167.3,,ONLINE,ON
TEL-13478,2025-02-21 14:00:00,EQX1028,37.337422,-121.888972,34.6,3243.3,3243.3,1537.3,42178.1,167.8,89.1,88.7,GOOD,11,194.3,,ONLINE,ON
TEL-13479,2025-02-21 15:00:00,EQX1028,37.337471,-121.884399,27.7,3243.8,3243.8,1537.4,42182.5,106.1,87.8,88.6,GOOD,12,260.9,,ONLINE,ON
TEL-13480,2025-02-21 16:00:00,EQX1028,37.335367,-121.882032,8.8,3244.3,3244.3,1537.5,42188.6,146.9,86.1,88.5,GOOD,21,200.0,,ONLINE,ON
TEL-13481,2025-02-21 17:00:00,EQX1028,37.340959,-121.884901,5.7,3244.8,3244.8,1537.6,42195.5,165.8,84.1,88.4,GOOD,18,47.7,,ONLINE,ON
TEL-13482,2025-02-21 18:00:00,EQX1028,37.3382,-121.8863,0.0,3244.8,3244.8,1537.6,42195.6,2.4,84.1,88.3,GOOD,22,154.5,,ONLINE,OFF
TEL-13483,2025-02-21 19:00:00,EQX1028,37.3382,-121.8863,0.0,3244.8,3244.8,1537.6,42195.7,2.4,84.0,88.2,GOOD,12,25.7,,ONLINE,OFF
TEL-13484,2025-02-21 20:00:00,EQX1028,37.3382,-121.8863,0.0,3244.8,3244.8,1537.6,42195.8,2.4,84.0,88.1,GOOD,17,275.0,,ONLINE,OFF
TEL-13485,2025-02-21 21:00:00,EQX1028,37.3382,-121.8863,0.0,3244.8,3244.8,1537.6,42195.9,2.4,84.0,88.0,GOOD,19,0.2,,ONLINE,OFF
TEL-13486,2025-02-21 22:00:00,EQX1028,37.3382,-121.8863,0.0,3244.8,3244.8,1537.6,42196.0,2.4,83.9,87.9,GOOD,18,160.6,,ONLINE,OFF
TEL-13487,2025-02-21 23:00:00,EQX1028,37.3382,-121.8863,0.0,3244.8,3244.8,1537.6,42196.1,2.4,83.9,87.8,GOOD,14,45.7,,ONLINE,OFF
TEL-13488,2025-02-22 00:00:00,EQX1028,37.3382,-121.8863,0.0,3244.8,3244.8,1537.6,42196.2,2.4,83.9,87.7,GOOD,9,7.5,,ONLINE,OFF
TEL-13489,2025-02-22 01:00:00,EQX1028,37.3382,-121.8863,0.0,3244.8,3244.8,1537.6,42196.3,2.4,83.9,87.6,GOOD,23,159.7,,ONLINE,OFF
TEL-13490,2025-02-22 02:00:00,EQX1028,37.3382,-121.8863,0.0,3244.8,3244.8,1537.6,42196.4,2.4,83.8,87.5,GOOD,30,280.5,,ONLINE,OFF
TEL-13491,2025-02-22 03:00:00,EQX1028,37.3382,-121.8863,0.0,3244.8,3244.8,1537.6,42196.5,2.4,83.8,87.4,GOOD,24,116.3,,ONLINE,OFF
TEL-13492,2025-02-22 04:00:00,EQX1028,37.3382,-121.8863,0.0,3244.8,3244.8,1537.6,42196.6,2.4,83.8,87.3,GOOD,30,246.9,,ONLINE,OFF
TEL-13493,2025-02-22 05:00:00,EQX1028,37.3382,-121.8863,0.0,3244.8,3244.8,1537.6,42196.7,2.4,83.7,87.2,GOOD,12,105.3,,ONLINE,OFF
TEL-13494,2025-02-22 06:00:00,EQX1028,37.3382,-121.8863,0.0,3244.8,3244.8,1537.6,42196.8,2.4,83.7,87.1,GOOD,3,252.5,,ONLINE,OFF
TEL-13495,2025-02-22 07:00:00,EQX1028,37.3382,-121.8863,0.0,3244.8,3244.8,1537.6,42196.9,2.4,83.7,87.0,GOOD,20,108.3,,ONLINE,OFF
TEL-13496,2025-02-22 08:00:00,EQX1028,37.335898,-121.88426,6.3,3245.3,3245.3,1537.7,42203.8,164.9,81.7,86.9,GOOD,17,250.6,,ONLINE,ON
TEL-13497,2025-02-22 09:00:00,EQX1028,37.339465,-121.884874,19.7,3245.8,3245.8,1537.8,42210.3,157.4,79.8,86.8,GOOD,0,37.0,,ONLINE,ON
TEL-13498,2025-02-22 10:00:00,EQX1028,37.333838,-121.886228,26.9,3246.3,3246.3,1537.9,42214.9,110.4,78.5,86.7,GOOD,8,51.3,,ONLINE,ON
TEL-13499,2025-02-22 11:00:00,EQX1028,37.339207,-121.889808,27.6,3246.8,3246.8,1538.0,42219.0,98.2,77.4,86.6,GOOD,6,122.4,,ONLINE,ON
TEL-13500,2025-02-22 12:00:00,EQX1028,37.337044,-121.882436,11.3,3247.3,3247.3,1538.1,42223.5,107.5,76.1,86.5,WARNING,20,58.7,P0300,ONLINE,ON
TEL-13501,2024-12-22 08:00:00,EQX1029,40.589549,-122.392188,24.5,3309.8,3309.8,1468.5,44206.3,136.6,83.4,96.1,GOOD,23,190.5,,ONLINE,ON
TEL-13502,2024-12-22 09:00:00,EQX1029,40.590341,-122.389796,34.8,3310.3,3310.3,1468.6,44213.1,163.0,81.4,96.0,GOOD,9,117.3,,ONLINE,ON
TEL-13503,2024-12-22 10:00:00,EQX1029,40.588283,-122.387617,24.9,3310.8,3310.8,1468.7,44219.5,153.4,79.6,95.9,GOOD,17,271.0,,ONLINE,ON
TEL-13504,2024-12-22 11:00:00,EQX1029,40.590897,-122.394511,28.7,3311.3,3311.3,1468.8,44224.9,130.8,78.1,95.8,GOOD,12,196.6,,ONLINE,ON
TEL-13505,2024-12-22 12:00:00,EQX1029,40.585688,-122.387425,31.9,3311.8,3311.8,1468.9,44232.8,189.6,75.8,95.7,GOOD,27,80.3,,ONLINE,ON
TEL-13506,2024-12-22 13:00:00,EQX1029,40.583786,-122.387302,10.9,3312.3,3312.3,1469.0,44238.0,124.6,74.3,95.6,GOOD,13,189.0,,ONLINE,ON
TEL-13507,2024-12-22 14:00:00,EQX1029,40.591286,-122.388401,30.6,3312.8,3312.8,1469.1,44245.3,175.9,72.2,95.5,GOOD,0,258.2,,ONLINE,ON
TEL-13508,2024-12-22 15:00:00,EQX1029,40.581546,-122.391621,29.3,3313.3,3313.3,1469.2,44251.2,141.4,70.5,95.4,GOOD,24,265.1,,ONLINE,ON
TEL-13509,2024-12-22 16:00:00,EQX1029,40.588069,-122.390212,17.3,3313.8,3313.8,1469.3,44258.5,173.3,68.5,95.3,GOOD,23,129.2,,ONLINE,ON
TEL-13510,2024-12-22 17:00:00,EQX1029,40.58506,-122.389068,22.9,3314.3,3314.3,1469.4,44263.8,128.4,66.9,95.2,GOOD,1,108.4,,ONLINE,ON
TEL-13511,2024-12-22 18:00:00,EQX1029,40.5865,-122.3917,0.0,3314.3,3314.3,1469.4,44263.9,2.4,66.9,95.1,GOOD,12,139.0,,ONLINE,OFF
TEL-13512,2024-12-22 19:00:00,EQX1029,40.5865,-122.3917,0.0,3314.3,3314.3,1469.4,44264.0,2.4,66.9,95.0,WARNING,6,84.1,P0300,ONLINE,OFF
TEL-13513,2024-12-22 20:00:00,EQX1029,40.5865,-122.3917,0.0,3314.3,3314.3,1469.4,44264.1,2.4,66.9,94.9,GOOD,18,13.7,,ONLINE,OFF
TEL-13514,2024-12-22 21:00:00,EQX1029,40.5865,-122.3917,0.0,3314.3,3314.3,1469.4,44264.2,2.4,66.8,94.8,GOOD,29,42.6,,ONLINE,OFF
TEL-13515,2024-12-22 22:00:00,EQX1029,40.5865,-122.3917,0.0,3314.3,3314.3,1469.4,44264.3,2.4,66.8,94.7,GOOD,29,103.6,,ONLINE,OFF
TEL-13516,2024-12-22 23:00:00,EQX1029,40.5865,-122.3917,0.0,3314.3,3314.3,1469.4,44264.4,2.4,66.8,94.6,GOOD,29,8.6,,ONLINE,OFF
TEL-13517,2024-12-23 00:00:00,EQX1029,40.5865,-122.3917,0.0,3314.3,3314.3,1469.4,44264.5,2.4,66.7,94.5,GOOD,3,106.3,,ONLINE,OFF
TEL-13518,2024-12-23 01:00:00,EQX1029,40.5865,-122.3917,0.0,3314.3,3314.3,1469.4,44264.6,2.4,66.7,94.4,GOOD,9,297.7,,ONLINE,OFF
TEL-13519,2024-12-23 02:00:00,EQX1029,40.5865,-122.3917,0.0,3314.3,3314.3,1469.4,44264.7,2.4,66.7,94.3,GOOD,9,62.9,,OFFLINE,OFF
TEL-13520,2024-12-23 03:00:00,EQX1029,40.5865,-122.3917,0.0,3314.3,3314.3,1469.4,44264.8,2.4,66.7,94.2,GOOD,19,79.4,,ONLINE,OFF
TEL-13521,2024-12-23 04:00:00,EQX1029,40.5865,-122.3917,0.0,3314.3,3314.3,1469.4,44264.9,2.4,66.6,94.1,GOOD,7,225.2,,ONLINE,OFF
TEL-13522,2024-12-23 05:00:00,EQX1029,40.5865,-122.3917,0.0,3314.3,3314.3,1469.4,44265.0,2.4,66.6,94.0,GOOD,2,239.2,,ONLINE,OFF
TEL-13523,2024-12-23 06:00:00,EQX1029,40.5865,-122.3917,0.0,3314.3,3314.3,1469.4,44265.1,2.4,66.6,93.9,GOOD,21,105.8,,ONLINE,OFF
TEL-13524,2024-12-23 07:00:00,EQX1029,40.5865,-122.3917,0.0,3314.3,3314.3,1469.4,44265.2,2.4,66.5,93.8,GOOD,11,55.4,,OFFLINE,OFF
TEL-13525,2024-12-23 08:00:00,EQX1029,40.589905,-122.392897,18.8,3314.8,3314.8,1469.5,44270.3,121.4,65.1,93.7,GOOD,3,207.6,,ONLINE,ON
TEL-13526,2024-12-23 09:00:00,EQX1029,40.58704,-122.389931,20.7,3315.3,3315.3,1469.6,44276.2,143.5,63.4,93.6,GOOD,2,77.9,,ONLINE,ON
TEL-13527,2024-12-23 10:00:00,EQX1029,40.589738,-122.390442,27.7,3315.8,3315.8,1469.7,44284.1,189.8,61.1,93.5,GOOD,2,143.0,,ONLINE,ON
TEL-13528,2024-12-23 11:00:00,EQX1029,40.584627,-122.389857,32.1,3316.3,3316.3,1469.8,44289.4,125.3,59.6,93.4,GOOD,29,229.5,,ONLINE,ON
TEL-13529,2024-12-23 12:00:00,EQX1029,40.585657,-122.394702,9.1,3316.8,3316.8,1469.9,44294.1,114.0,58.3,93.3,GOOD,26,42.1,,ONLINE,ON
TEL-13530,2024-12-23 13:00:00,EQX1029,40.591133,-122.389509,7.6,3317.3,3317.3,1470.0,44299.4,126.5,56.8,93.2,GOOD,24,127.6,,ONLINE,ON
TEL-13531,2024-12-23 14:00:00,EQX1029,40.586637,-122.391443,31.5,3317.8,3317.8,1470.1,44304.1,112.8,55.4,93.1,GOOD,14,117.7,,ONLINE,ON
TEL-13532,2024-12-23 15:00:00,EQX1029,40.58721,-122.395862,5.4,3318.3,3318.3,1470.2,44310.6,155.8,53.6,93.0,GOOD,25,253.2,,ONLINE,ON
TEL-13533,2024-12-23 16:00:00,EQX1029,40.585858,-122.391759,32.7,3318.8,3318.8,1470.3,44317.0,153.4,51.8,92.9,GOOD,22,99.0,,ONLINE,ON
TEL-13534,2024-12-23 17:00:00,EQX1029,40.589709,-122.387556,23.5,3319.3,3319.3,1470.4,44323.3,152.6,49.9,92.8,GOOD,7,203.0,,ONLINE,ON
TEL-13535,2024-12-23 18:00:00,EQX1029,40.5865,-122.3917,0.0,3319.3,3319.3,1470.4,44323.4,2.4,49.9,92.7,GOOD,8,234.5,,ONLINE,OFF
TEL-13536,2024-12-23 19:00:00,EQX1029,40.5865,-122.3917,0.0,3319.3,3319.3,1470.4,44323.5,2.4,49.9,92.6,GOOD,30,11.5,,ONLINE,OFF
TEL-13537,2024-12-23 20:00:00,EQX1029,40.5865,-122.3917,0.0,3319.3,3319.3,1470.4,44323.6,2.4,49.8,92.5,GOOD,9,195.1,,ONLINE,OFF
TEL-13538,2024-12-23 21:00:00,EQX1029,40.5865,-122.3917,0.0,3319.3,3319.3,1470.4,44323.7,2.4,49.8,92.4,GOOD,12,89.3,,ONLINE,OFF
TEL-13539,2024-12-23 22:00:00,EQX1029,40.5865,-122.3917,0.0,3319.3,3319.3,1470.4,44323.8,2.4,49.8,92.3,GOOD,25,216.7,,ONLINE,OFF
TEL-13540,2024-12-23 23:00:00,EQX1029,40.5865,-122.3917,0.0,3319.3,3319.3,1470.4,44323.9,2.4,49.8,92.2,GOOD,24,111.3,,ONLINE,OFF
TEL-13541,2024-12-24 00:00:00,EQX1029,40.5865,-122.3917,0.0,3319.3,3319.3,1470.4,44324.0,2.4,49.7,92.1,GOOD,3,215.5,,ONLINE,OFF
TEL-13542,2024-12-24 01:00:00,EQX1029,40.5865,-122.3917,0.0,3319.3,3319.3,1470.4,44324.1,2.4,49.7,92.0,WARNING,20,77.6,P0217,ONLINE,OFF
TEL-13543,2024-12-24 02:00:00,EQX1029,40.5865,-122.3917,0.0,3319.3,3319.3,1470.4,44324.2,2.4,49.7,91.9,GOOD,20,89.7,,ONLINE,OFF
TEL-13544,2024-12-24 03:00:00,EQX1029,40.5865,-122.3917,0.0,3319.3,3319.3,1470.4,44324.3,2.4,49.6,91.8,GOOD,25,25.4,,ONLINE,OFF
TEL-13545,2024-12-24 04:00:00,EQX1029,40.5865,-122.3917,0.0,3319.3,3319.3,1470.4,44324.4,2.4,49.6,91.7,GOOD,18,145.1,,ONLINE,OFF
TEL-13546,2024-12-24 05:00:00,EQX1029,40.5865,-122.3917,0.0,3319.3,3319.3,1470.4,44324.5,2.4,49.6,91.6,GOOD,13,44.1,,ONLINE,OFF
TEL-13547,2024-12-24 06:00:00,EQX1029,40.5865,-122.3917,0.0,3319.3,3319.3,1470.4,44324.6,2.4,49.6,91.5,GOOD,19,38.0,,ONLINE,OFF
TEL-13548,2024-12-24 07:00:00,EQX1029,40.5865,-122.3917,0.0,3319.3,3319.3,1470.4,44324.7,2.4,49.5,91.4,GOOD,29,135.6,,ONLINE,OFF
TEL-13549,2024-12-24 08:00:00,EQX1029,40.582913,-122.390556,30.7,3319.8,3319.8,1470.5,44330.8,145.0,47.8,91.3,GOOD,15,68.6,,ONLINE,ON
TEL-13550,2024-12-24 09:00:00,EQX1029,40.583962,-122.391028,23.6,3320.3,3320.3,1470.6,44335.4,111.1,46.5,91.2,GOOD,6,203.8,,ONLINE,ON
TEL-13551,2024-12-24 10:00:00,EQX1029,40.58509,-122.391051,18.1,3320.8,3320.8,1470.7,44341.3,142.6,44.8,91.1,GOOD,14,193.0,,ONLINE,ON
TEL-13552,2024-12-24 11:00:00,EQX1029,40.58879,-122.392968,15.4,3321.3,3321.3,1470.8,44347.7,153.1,43.0,91.0,GOOD,10,15.3,,ONLINE,ON
TEL-13553,2024-12-24 12:00:00,EQX1029,40.587962,-122.389276,29.3,3321.8,3321.8,1470.9,44352.4,113.0,41.6,90.9,GOOD,17,183.9,,ONLINE,ON
TEL-13554,2024-12-24 13:00:00,EQX1029,40.584962,-122.396147,31.6,3322.3,3322.3,1471.0,44359.4,167.5,39.6,90.8,GOOD,14,228.4,,ONLINE,ON
TEL-13555,2024-12-24 14:00:00,EQX1029,40.581585,-122.388891,6.4,3322.8,3322.8,1471.1,44366.0,158.2,37.7,90.7,GOOD,21,206.9,,ONLINE,ON
TEL-13556,2024-12-24 15:00:00,EQX1029,40.58861,-122.395238,25.4,3323.3,3323.3,1471.2,44371.2,124.6,36.3,90.6,GOOD,3,13.4,,ONLINE,ON
TEL-13557,2024-12-24 16:00:00,EQX1029,40.585964,-122.395983,31.7,3323.8,3323.8,1471.3,44378.5,175.7,34.2,90.5,GOOD,7,73.4,,ONLINE,ON
TEL-13558,2024-12-24 17:00:00,EQX1029,40.582989,-122.395715,16.3,3324.3,3324.3,1471.4,44382.9,105.6,32.9,90.4,GOOD,11,238.8,,ONLINE,ON
TEL-13559,2024-12-24 18:00:00,EQX1029,40.5865,-122.3917,0.0,3324.3,3324.3,1471.4,44383.0,2.4,32.9,90.3,GOOD,21,219.4,,ONLINE,OFF
TEL-13560,2024-12-24 19:00:00,EQX1029,40.5865,-122.3917,0.0,3324.3,3324.3,1471.4,44383.1,2.4,32.9,90.2,GOOD,23,233.9,,ONLINE,OFF
TEL-13561,2024-12-24 20:00:00,EQX1029,40.5865,-122.3917,0.0,3324.3,3324.3,1471.4,44383.2,2.4,32.8,90.1,CRITICAL,18,203.0,P0420,ONLINE,OFF
TEL-13562,2024-12-24 21:00:00,EQX1029,40.5865,-122.3917,0.0,3324.3,3324.3,1471.4,44383.3,2.4,32.8,90.0,GOOD,7,221.5,,ONLINE,OFF
TEL-13563,2024-12-24 22:00:00,EQX1029,40.5865,-122.3917,0.0,3324.3,3324.3,1471.4,44383.4,2.4,32.8,89.9,GOOD,22,91.9,,ONLINE,OFF
TEL-13564,2024-12-24 23:00:00,EQX1029,40.5865,-122.3917,0.0,3324.3,3324.3,1471.4,44383.5,2.4,32.7,89.8,GOOD,0,106.1,,ONLINE,OFF
TEL-13565,2024-12-25 00:00:00,EQX1029,40.5865,-122.3917,0.0,3324.3,3324.3,1471.4,44383.6,2.4,32.7,89.7,GOOD,1,290.0,,ONLINE,OFF
TEL-13566,2024-12-25 01:00:00,EQX1029,40.5865,-122.3917,0.0,3324.3,3324.3,1471.4,44383.7,2.4,32.7,89.6,GOOD,8,168.2,,ONLINE,OFF
TEL-13567,2024-12-25 02:00:00,EQX1029,40.5865,-122.3917,0.0,3324.3,3324.3,1471.4,44383.8,2.4,32.7,89.5,WARNING,21,159.9,P0562,ONLINE,OFF
TEL-13568,2024-12-25 03:00:00,EQX1029,40.5865,-122.3917,0.0,3324.3,3324.3,1471.4,44383.9,2.4,32.6,89.4,GOOD,0,158.7,,ONLINE,OFF
TEL-13569,2024-12-25 04:00:00,EQX1029,40.5865,-122.3917,0.0,3324.3,3324.3,1471.4,44384.0,2.4,32.6,89.3,GOOD,24,24.2,,ONLINE,OFF
TEL-13570,2024-12-25 05:00:00,EQX1029,40.5865,-122.3917,0.0,3324.3,3324.3,1471.4,44384.1,2.4,32.6,89.2,GOOD,29,109.0,,ONLINE,OFF
TEL-13571,2024-12-25 06:00:00,EQX1029,40.5865,-122.3917,0.0,3324.3,3324.3,1471.4,44384.2,2.4,32.5,89.1,GOOD,10,116.8,,ONLINE,OFF
TEL-13572,2024-12-25 07:00:00,EQX1029,40.5865,-122.3917,0.0,3324.3,3324.3,1471.4,44384.3,2.4,32.5,89.0,GOOD,2,70.9,,ONLINE,OFF
TEL-13573,2024-12-25 08:00:00,EQX1029,40.589052,-122.39169,18.4,3324.8,3324.8,1471.5,44391.0,161.8,30.6,88.9,GOOD,13,72.2,,ONLINE,ON
TEL-13574,2024-12-25 09:00:00,EQX1029,40.589149,-122.392883,15.6,3325.3,3325.3,1471.6,44395.5,106.3,29.3,88.8,GOOD,30,7.6,,ONLINE,ON
TEL-13575,2024-12-25 10:00:00,EQX1029,40.586945,-122.388179,15.9,3325.8,3325.8,1471.7,44400.3,115.9,27.9,88.7,GOOD,1,49.8,,ONLINE,ON
TEL-13576,2024-12-25 11:00:00,EQX1029,40.589114,-122.393813,9.2,3326.3,3326.3,1471.8,44407.1,162.0,26.0,88.6,GOOD,9,236.2,,ONLINE,ON
TEL-13577,2024-12-25 12:00:00,EQX1029,40.588775,-122.396692,31.6,3326.8,3326.8,1471.9,44411.8,112.8,24.7,88.5,GOOD,25,137.1,,ONLINE,ON
TEL-13578,2024-12-25 13:00:00,EQX1029,40.588209,-122.392954,28.4,3327.3,3327.3,1472.0,44418.5,161.8,22.7,88.4,GOOD,19,119.0,,ONLINE,ON
TEL-13579,2024-12-25 14:00:00,EQX1029,40.585657,-122.391908,21.0,3327.8,3327.8,1472.1,44424.2,136.6,21.1,88.3,GOOD,12,161.6,,ONLINE,ON
TEL-13580,2024-12-25 15:00:00,EQX1029,40.59077,-122.394535,22.0,3328.3,3328.3,1472.2,44430.6,152.9,19.3,88.2,GOOD,7,0.9,,ONLINE,ON
TEL-13581,2024-12-25 16:00:00,EQX1029,40.590705,-122.394422,13.3,3328.8,3328.8,1472.3,44435.4,117.1,17.9,88.1,GOOD,2,229.7,,ONLINE,ON
TEL-13582,2024-12-25 17:00:00,EQX1029,40.589295,-122.389631,22.3,3329.3,3329.3,1472.4,44440.2,113.3,16.6,88.0,GOOD,20,50.3,,ONLINE,ON
TEL-13583,2024-12-25 18:00:00,EQX1029,40.5865,-122.3917,0.0,3329.3,3329.3,1472.4,44440.3,2.4,16.5,87.9,GOOD,8,19.3,,ONLINE,OFF
TEL-13584,2024-12-25 19:00:00,EQX1029,40.5865,-122.3917,0.0,3329.3,3329.3,1472.4,44440.4,2.4,16.5,87.8,WARNING,29,205.7,P0562,ONLINE,OFF
TEL-13585,2024-12-25 20:00:00,EQX1029,40.5865,-122.3917,0.0,3329.3,3329.3,1472.4,44440.5,2.4,16.5,87.7,GOOD,4,154.1,,ONLINE,OFF
TEL-13586,2024-12-25 21:00:00,EQX1029,40.5865,-122.3917,0.0,3329.3,3329.3,1472.4,44440.6,2.4,16.4,87.6,GOOD,2,160.9,,ONLINE,OFF
TEL-13587,2024-12-25 22:00:00,EQX1029,40.5865,-122.3917,0.0,3329.3,3329.3,1472.4,44440.7,2.4,16.4,87.5,GOOD,12,195.6,,ONLINE,OFF
TEL-13588,2024-12-25 23:00:00,EQX1029,40.5865,-122.3917,0.0,3329.3,3329.3,1472.4,44440.8,2.4,16.4,87.4,GOOD,16,183.8,,ONLINE,OFF
TEL-13589,2024-12-26 00:00:00,EQX1029,40.5865,-122.3917,0.0,3329.3,3329.3,1472.4,44440.9,2.4,16.4,87.3,GOOD,26,173.0,,ONLINE,OFF
TEL-13590,2024-12-26 01:00:00,EQX1029,40.5865,-122.3917,0.0,3329.3,3329.3,1472.4,44441.0,2.4,16.3,87.2,GOOD,19,17.1,,ONLINE,OFF
TEL-13591,2024-12-26 02:00:00,EQX1029,40.5865,-122.3917,0.0,3329.3,3329.3,1472.4,44441.1,2.4,16.3,87.1,GOOD,3,33.1,,ONLINE,OFF
TEL-13592,2024-12-26 03:00:00,EQX1029,40.5865,-122.3917,0.0,3329.3,3329.3,1472.4,44441.2,2.4,16.3,87.0,GOOD,13,106.8,,ONLINE,OFF
TEL-13593,2024-12-26 04:00:00,EQX1029,40.5865,-122.3917,0.0,3329.3,3329.3,1472.4,44441.3,2.4,16.2,86.9,GOOD,3,298.5,,ONLINE,OFF
TEL-13594,2024-12-26 05:00:00,EQX1029,40.5865,-122.3917,0.0,3329.3,3329.3,1472.4,44441.4,2.4,16.2,86.8,WARNING,15,63.4,P0017,ONLINE,OFF
TEL-13595,2024-12-26 06:00:00,EQX1029,40.5865,-122.3917,0.0,3329.3,3329.3,1472.4,44441.5,2.4,16.2,86.7,GOOD,10,121.9,,ONLINE,OFF
TEL-13596,2024-12-26 07:00:00,EQX1029,40.5865,-122.3917,0.0,3329.3,3329.3,1472.4,44441.6,2.4,16.2,86.6,GOOD,3,50.4,,ONLINE,OFF
TEL-13597,2024-12-26 08:00:00,EQX1029,40.585986,-122.39492,18.8,3329.8,3329.8,1472.5,44449.4,187.7,13.9,86.5,GOOD,13,179.0,,ONLINE,ON
TEL-13598,2024-12-26 09:00:00,EQX1029,40.586571,-122.395813,23.3,3330.3,3330.3,1472.6,44454.2,116.9,12.5,86.4,GOOD,27,206.9,,ONLINE,ON
TEL-13599,2024-12-26 10:00:00,EQX1029,40.58542,-122.38692,22.7,3330.8,3330.8,1472.7,44460.6,151.7,10.7,86.3,GOOD,24,62.2,,ONLINE,ON
TEL-13600,2024-12-26 11:00:00,EQX1029,40.586438,-122.394815,29.7,3331.3,3331.3,1472.8,44466.6,144.0,95.0,86.2,GOOD,12,66.5,,ONLINE,ON
TEL-13601,2024-12-26 12:00:00,EQX1029,40.589523,-122.394279,34.5,3331.8,3331.8,1472.9,44471.3,114.7,93.6,86.1,GOOD,10,80.3,,ONLINE,ON
TEL-13602,2024-12-26 13:00:00,EQX1029,40.587521,-122.396137,6.1,3332.3,3332.3,1473.0,44478.7,177.4,91.5,86.0,GOOD,11,224.9,,ONLINE,ON
TEL-13603,2024-12-26 14:00:00,EQX1029,40.584917,-122.392489,16.1,3332.8,3332.8,1473.1,44485.8,170.6,89.5,85.9,GOOD,21,179.3,,ONLINE,ON
TEL-13604,2024-12-26 15:00:00,EQX1029,40.586318,-122.393915,22.6,3333.3,3333.3,1473.2,44492.9,168.7,87.5,85.8,GOOD,4,43.6,,ONLINE,ON
TEL-13605,2024-12-26 16:00:00,EQX1029,40.585879,-122.393977,14.7,3333.8,3333.8,1473.3,44500.7,188.2,85.2,85.7,GOOD,5,96.8,,ONLINE,ON
TEL-13606,2024-12-26 17:00:00,EQX1029,40.591315,-122.387213,31.4,3334.3,3334.3,1473.4,44505.0,102.5,84.0,85.6,GOOD,13,269.4,,ONLINE,ON
TEL-13607,2024-12-26 18:00:00,EQX1029,40.5865,-122.3917,0.0,3334.3,3334.3,1473.4,44505.1,2.4,84.0,85.5,GOOD,5,212.0,,ONLINE,OFF
TEL-13608,2024-12-26 19:00:00,EQX1029,40.5865,-122.3917,0.0,3334.3,3334.3,1473.4,44505.2,2.4,84.0,85.4,WARNING,17,118.5,P0562,ONLINE,OFF
TEL-13609,2024-12-26 20:00:00,EQX1029,40.5865,-122.3917,0.0,3334.3,3334.3,1473.4,44505.3,2.4,83.9,85.3,GOOD,26,62.4,,ONLINE,OFF
TEL-13610,2024-12-26 21:00:00,EQX1029,40.5865,-122.3917,0.0,3334.3,3334.3,1473.4,44505.4,2.4,83.9,85.2,GOOD,10,116.9,,ONLINE,OFF
TEL-13611,2024-12-26 22:00:00,EQX1029,40.5865,-122.3917,0.0,3334.3,3334.3,1473.4,44505.5,2.4,83.9,85.1,CRITICAL,19,120.0,P0300,ONLINE,OFF
TEL-13612,2024-12-26 23:00:00,EQX1029,40.5865,-122.3917,0.0,3334.3,3334.3,1473.4,44505.6,2.4,83.9,85.0,GOOD,1,195.2,,ONLINE,OFF
TEL-13613,2024-12-27 00:00:00,EQX1029,40.5865,-122.3917,0.0,3334.3,3334.3,1473.4,44505.7,2.4,83.8,84.9,GOOD,25,173.8,,ONLINE,OFF
TEL-13614,2024-12-27 01:00:00,EQX1029,40.5865,-122.3917,0.0,3334.3,3334.3,1473.4,44505.8,2.4,83.8,84.8,GOOD,1,168.7,,ONLINE,OFF
TEL-13615,2024-12-27 02:00:00,EQX1029,40.5865,-122.3917,0.0,3334.3,3334.3,1473.4,44505.9,2.4,83.8,84.7,GOOD,3,138.3,,ONLINE,OFF
TEL-13616,2024-12-27 03:00:00,EQX1029,40.5865,-122.3917,0.0,3334.3,3334.3,1473.4,44506.0,2.4,83.7,84.6,GOOD,30,228.1,,ONLINE,OFF
TEL-13617,2024-12-27 04:00:00,EQX1029,40.5865,-122.3917,0.0,3334.3,3334.3,1473.4,44506.1,2.4,83.7,84.5,GOOD,28,61.9,,ONLINE,OFF
TEL-13618,2024-12-27 05:00:00,EQX1029,40.5865,-122.3917,0.0,3334.3,3334.3,1473.4,44506.2,2.4,83.7,84.4,GOOD,14,8.6,,ONLINE,OFF
TEL-13619,2024-12-27 06:00:00,EQX1029,40.5865,-122.3917,0.0,3334.3,3334.3,1473.4,44506.3,2.4,83.7,84.3,GOOD,22,88.1,,ONLINE,OFF
TEL-13620,2024-12-27 07:00:00,EQX1029,40.5865,-122.3917,0.0,3334.3,3334.3,1473.4,44506.4,2.4,83.6,84.2,GOOD,20,51.5,,OFFLINE,OFF
TEL-13621,2024-12-27 08:00:00,EQX1029,40.588383,-122.391448,10.1,3334.8,3334.8,1473.5,44513.8,177.6,81.5,84.1,GOOD,25,242.8,,ONLINE,ON
TEL-13622,2024-12-27 09:00:00,EQX1029,40.583847,-122.393573,17.4,3335.3,3335.3,1473.6,44521.4,183.6,79.3,84.0,GOOD,17,30.0,,ONLINE,ON
TEL-13623,2024-12-27 10:00:00,EQX1029,40.589108,-122.391173,28.7,3335.8,3335.8,1473.7,44526.6,123.8,77.8,83.9,GOOD,21,9.2,,ONLINE,ON
TEL-13624,2024-12-27 11:00:00,EQX1029,40.585179,-122.389723,25.8,3336.3,3336.3,1473.8,44531.6,119.5,76.4,83.8,GOOD,22,268.3,,ONLINE,ON
TEL-13625,2024-12-27 12:00:00,EQX1029,40.588074,-122.386901,7.7,3336.8,3336.8,1473.9,44538.2,160.1,74.5,83.7,GOOD,19,240.8,,ONLINE,ON
TEL-13626,2025-01-15 08:00:00,EQX1030,35.368689,-119.02059,23.6,1212.5,1212.5,354.8,14614.5,102.2,83.8,84.7,GOOD,10,297.0,,ONLINE,ON
TEL-13627,2025-01-15 09:00:00,EQX1030,35.376547,-119.019845,25.5,1213.0,1213.0,354.9,14621.0,155.8,81.9,84.6,GOOD,24,21.2,,ONLINE,ON
TEL-13628,2025-01-15 10:00:00,EQX1030,35.370972,-119.016207,24.3,1213.5,1213.5,355.0,14626.2,126.5,80.4,84.5,GOOD,20,287.0,,ONLINE,ON
TEL-13629,2025-01-15 11:00:00,EQX1030,35.374131,-119.014335,12.3,1214.0,1214.0,355.1,14631.8,132.7,78.8,84.4,GOOD,5,171.0,,ONLINE,ON
TEL-13630,2025-01-15 12:00:00,EQX1030,35.3708,-119.015352,12.0,1214.5,1214.5,355.2,14637.9,147.6,77.1,84.3,GOOD,24,57.6,,ONLINE,ON
TEL-13631,2025-01-15 13:00:00,EQX1030,35.376134,-119.020645,25.3,1215.0,1215.0,355.3,14645.2,176.2,75.0,84.2,GOOD,4,88.2,,ONLINE,ON
TEL-13632,2025-01-15 14:00:00,EQX1030,35.370178,-119.019599,16.4,1215.5,1215.5,355.4,14651.9,160.6,73.1,84.1,GOOD,16,161.6,,ONLINE,ON
TEL-13633,2025-01-15 15:00:00,EQX1030,35.372009,-119.014309,11.9,1216.0,1216.0,355.5,14656.9,118.8,71.7,84.0,GOOD,28,183.7,,ONLINE,ON
TEL-13634,2025-01-15 16:00:00,EQX1030,35.37192,-119.02082,26.9,1216.5,1216.5,355.6,14662.9,144.7,69.9,83.9,GOOD,5,115.1,,ONLINE,ON
TEL-13635,2025-01-15 17:00:00,EQX1030,35.368508,-119.02101,23.6,1217.0,1217.0,355.7,14667.4,108.7,68.6,83.8,GOOD,18,258.6,,ONLINE,ON
TEL-13636,2025-01-15 18:00:00,EQX1030,35.3733,-119.0187,0.0,1217.0,1217.0,355.7,14667.5,2.4,68.6,83.7,GOOD,28,280.8,,ONLINE,OFF
TEL-13637,2025-01-15 19:00:00,EQX1030,35.3733,-119.0187,0.0,1217.0,1217.0,355.7,14667.6,2.4,68.6,83.6,GOOD,28,295.7,,ONLINE,OFF
TEL-13638,2025-01-15 20:00:00,EQX1030,35.3733,-119.0187,0.0,1217.0,1217.0,355.7,14667.7,2.4,68.6,83.5,CRITICAL,13,242.0,P0420,ONLINE,OFF
TEL-13639,2025-01-15 21:00:00,EQX1030,35.3733,-119.0187,0.0,1217.0,1217.0,355.7,14667.8,2.4,68.5,83.4,GOOD,6,96.8,,ONLINE,OFF
TEL-13640,2025-01-15 22:00:00,EQX1030,35.3733,-119.0187,0.0,1217.0,1217.0,355.7,14667.9,2.4,68.5,83.3,GOOD,1,77.6,,ONLINE,OFF
TEL-13641,2025-01-15 23:00:00,EQX1030,35.3733,-119.0187,0.0,1217.0,1217.0,355.7,14668.0,2.4,68.5,83.2,GOOD,1,228.6,,ONLINE,OFF
TEL-13642,2025-01-16 00:00:00,EQX1030,35.3733,-119.0187,0.0,1217.0,1217.0,355.7,14668.1,2.4,68.4,83.1,GOOD,16,284.9,,ONLINE,OFF
TEL-13643,2025-01-16 01:00:00,EQX1030,35.3733,-119.0187,0.0,1217.0,1217.0,355.7,14668.2,2.4,68.4,83.0,GOOD,23,183.2,,ONLINE,OFF
TEL-13644,2025-01-16 02:00:00,EQX1030,35.3733,-119.0187,0.0,1217.0,1217.0,355.7,14668.3,2.4,68.4,82.9,GOOD,13,135.0,,ONLINE,OFF
TEL-13645,2025-01-16 03:00:00,EQX1030,35.3733,-119.0187,0.0,1217.0,1217.0,355.7,14668.4,2.4,68.4,82.8,GOOD,13,210.2,,ONLINE,OFF
TEL-13646,2025-01-16 04:00:00,EQX1030,35.3733,-119.0187,0.0,1217.0,1217.0,355.7,14668.5,2.4,68.3,82.7,GOOD,27,259.0,,ONLINE,OFF
TEL-13647,2025-01-16 05:00:00,EQX1030,35.3733,-119.0187,0.0,1217.0,1217.0,355.7,14668.6,2.4,68.3,82.6,GOOD,8,186.4,,ONLINE,OFF
TEL-13648,2025-01-16 06:00:00,EQX1030,35.3733,-119.0187,0.0,1217.0,1217.0,355.7,14668.7,2.4,68.3,82.5,GOOD,6,239.5,,ONLINE,OFF
TEL-13649,2025-01-16 07:00:00,EQX1030,35.3733,-119.0187,0.0,1217.0,1217.0,355.7,14668.8,2.4,68.2,82.4,GOOD,30,134.4,,ONLINE,OFF
TEL-13650,2025-01-16 08:00:00,EQX1030,35.372621,-119.020442,15.1,1217.5,1217.5,355.8,14674.8,142.1,66.6,82.3,GOOD,23,151.6,,ONLINE,ON
TEL-13651,2025-01-16 09:00:00,EQX1030,35.374922,-119.021092,33.3,1218.0,1218.0,355.9,14681.5,161.8,64.6,82.2,GOOD,6,85.2,,ONLINE,ON
TEL-13652,2025-01-16 10:00:00,EQX1030,35.374697,-119.019351,11.2,1218.5,1218.5,356.0,14689.4,188.6,62.4,82.1,CRITICAL,10,227.8,P0217,ONLINE,ON
TEL-13653,2025-01-16 11:00:00,EQX1030,35.376869,-119.017934,5.5,1219.0,1219.0,356.1,14694.7,128.2,60.9,82.0,GOOD,9,13.7,,ONLINE,ON
TEL-13654,2025-01-16 12:00:00,EQX1030,35.370079,-119.01809,29.7,1219.5,1219.5,356.2,14701.7,168.0,58.9,81.9,GOOD,17,176.3,,ONLINE,ON
TEL-13655,2025-01-16 13:00:00,EQX1030,35.37789,-119.015255,32.0,1220.0,1220.0,356.3,14708.9,173.0,56.8,81.8,GOOD,21,257.8,,ONLINE,ON
TEL-13656,2025-01-16 14:00:00,EQX1030,35.372578,-119.021976,21.2,1220.5,1220.5,356.4,14716.4,179.8,54.7,81.7,GOOD,16,297.8,,ONLINE,ON
TEL-13657,2025-01-16 15:00:00,EQX1030,35.373473,-119.020825,7.1,1221.0,1221.0,356.5,14722.1,135.6,53.0,81.6,GOOD,27,167.8,,ONLINE,ON
TEL-13658,2025-01-16 16:00:00,EQX1030,35.371808,-119.023511,6.6,1221.5,1221.5,356.6,14727.6,133.0,51.5,81.5,GOOD,2,255.0,,ONLINE,ON
TEL-13659,2025-01-16 17:00:00,EQX1030,35.371635,-119.014032,9.2,1222.0,1222.0,356.7,14733.8,148.8,49.7,81.4,GOOD,24,88.2,,ONLINE,ON
TEL-13660,2025-01-16 18:00:00,EQX1030,35.3733,-119.0187,0.0,1222.0,1222.0,356.7,14733.9,2.4,49.7,81.3,GOOD,27,271.1,,ONLINE,OFF
TEL-13661,2025-01-16 19:00:00,EQX1030,35.3733,-119.0187,0.0,1222.0,1222.0,356.7,14734.0,2.4,49.6,81.2,GOOD,15,14.6,,ONLINE,OFF
TEL-13662,2025-01-16 20:00:00,EQX1030,35.3733,-119.0187,0.0,1222.0,1222.0,356.7,14734.1,2.4,49.6,81.1,GOOD,30,58.3,,ONLINE,OFF
TEL-13663,2025-01-16 21:00:00,EQX1030,35.3733,-119.0187,0.0,1222.0,1222.0,356.7,14734.2,2.4,49.6,81.0,GOOD,6,188.7,,ONLINE,OFF
TEL-13664,2025-01-16 22:00:00,EQX1030,35.3733,-119.0187,0.0,1222.0,1222.0,356.7,14734.3,2.4,49.5,80.9,GOOD,23,221.6,,ONLINE,OFF
TEL-13665,2025-01-16 23:00:00,EQX1030,35.3733,-119.0187,0.0,1222.0,1222.0,356.7,14734.4,2.4,49.5,80.8,GOOD,30,45.2,,ONLINE,OFF
TEL-13666,2025-01-17 00:00:00,EQX1030,35.3733,-119.0187,0.0,1222.0,1222.0,356.7,14734.5,2.4,49.5,80.7,GOOD,15,214.2,,ONLINE,OFF
TEL-13667,2025-01-17 01:00:00,EQX1030,35.3733,-119.0187,0.0,1222.0,1222.0,356.7,14734.6,2.4,49.5,80.6,WARNING,26,37.2,P0087,ONLINE,OFF
TEL-13668,2025-01-17 02:00:00,EQX1030,35.3733,-119.0187,0.0,1222.0,1222.0,356.7,14734.7,2.4,49.4,80.5,GOOD,14,265.8,,ONLINE,OFF
TEL-13669,2025-01-17 03:00:00,EQX1030,35.3733,-119.0187,0.0,1222.0,1222.0,356.7,14734.8,2.4,49.4,80.4,GOOD,7,283.0,,ONLINE,OFF
TEL-13670,2025-01-17 04:00:00,EQX1030,35.3733,-119.0187,0.0,1222.0,1222.0,356.7,14734.9,2.4,49.4,80.3,GOOD,19,270.5,,ONLINE,OFF
TEL-13671,2025-01-17 05:00:00,EQX1030,35.3733,-119.0187,0.0,1222.0,1222.0,356.7,14735.0,2.4,49.3,80.2,GOOD,15,79.5,,ONLINE,OFF
TEL-13672,2025-01-17 06:00:00,EQX1030,35.3733,-119.0187,0.0,1222.0,1222.0,356.7,14735.1,2.4,49.3,80.1,GOOD,8,205.2,,ONLINE,OFF
TEL-13673,2025-01-17 07:00:00,EQX1030,35.3733,-119.0187,0.0,1222.0,1222.0,356.7,14735.2,2.4,49.3,80.0,GOOD,22,100.3,,ONLINE,OFF
TEL-13674,2025-01-17 08:00:00,EQX1030,35.372897,-119.021163,22.6,1222.5,1222.5,356.8,14742.6,177.4,47.2,79.9,GOOD,24,235.2,,ONLINE,ON
TEL-13675,2025-01-17 09:00:00,EQX1030,35.371114,-119.021049,19.3,1223.0,1223.0,356.9,14748.4,140.6,45.5,79.8,GOOD,15,126.4,,ONLINE,ON
TEL-13676,2025-01-17 10:00:00,EQX1030,35.370297,-119.022817,15.6,1223.5,1223.5,357.0,14753.7,125.5,44.0,79.7,GOOD,6,195.5,,ONLINE,ON
TEL-13677,2025-01-17 11:00:00,EQX1030,35.368623,-119.016524,11.2,1224.0,1224.0,357.1,14760.2,155.8,42.2,79.6,GOOD,1,238.9,,ONLINE,ON
TEL-13678,2025-01-17 12:00:00,EQX1030,35.370722,-119.020795,16.2,1224.5,1224.5,357.2,14765.6,130.3,40.6,79.5,GOOD,30,240.1,,ONLINE,ON
TEL-13679,2025-01-17 13:00:00,EQX1030,35.377838,-119.014562,24.6,1225.0,1225.0,357.3,14771.3,136.6,39.0,79.4,GOOD,13,129.0,,ONLINE,ON
TEL-13680,2025-01-17 14:00:00,EQX1030,35.375927,-119.015083,6.0,1225.5,1225.5,357.4,14778.0,161.5,37.1,79.3,WARNING,0,256.6,P0300,ONLINE,ON
TEL-13681,2025-01-17 15:00:00,EQX1030,35.370755,-119.020623,22.1,1226.0,1226.0,357.5,14782.3,103.4,35.8,79.2,GOOD,26,126.4,,ONLINE,ON
TEL-13682,2025-01-17 16:00:00,EQX1030,35.373977,-119.016344,7.4,1226.5,1226.5,357.6,14789.1,162.2,33.9,79.1,GOOD,2,164.3,,ONLINE,ON
TEL-13683,2025-01-17 17:00:00,EQX1030,35.377917,-119.015824,25.5,1227.0,1227.0,357.7,14794.4,126.5,32.4,79.0,GOOD,9,219.0,,ONLINE,ON
TEL-13684,2025-01-17 18:00:00,EQX1030,35.3733,-119.0187,0.0,1227.0,1227.0,357.7,14794.5,2.4,32.4,78.9,GOOD,20,229.2,,ONLINE,OFF
TEL-13685,2025-01-17 19:00:00,EQX1030,35.3733,-119.0187,0.0,1227.0,1227.0,357.7,14794.6,2.4,32.3,78.8,CRITICAL,14,219.9,P0562,ONLINE,OFF
TEL-13686,2025-01-17 20:00:00,EQX1030,35.3733,-119.0187,0.0,1227.0,1227.0,357.7,14794.7,2.4,32.3,78.7,GOOD,26,115.0,,ONLINE,OFF
TEL-13687,2025-01-17 21:00:00,EQX1030,35.3733,-119.0187,0.0,1227.0,1227.0,357.7,14794.8,2.4,32.3,78.6,CRITICAL,22,40.0,P0217,ONLINE,OFF
TEL-13688,2025-01-17 22:00:00,EQX1030,35.3733,-119.0187,0.0,1227.0,1227.0,357.7,14794.9,2.4,32.2,78.5,GOOD,0,158.0,,ONLINE,OFF
TEL-13689,2025-01-17 23:00:00,EQX1030,35.3733,-119.0187,0.0,1227.0,1227.0,357.7,14795.0,2.4,32.2,78.4,GOOD,7,207.5,,ONLINE,OFF
TEL-13690,2025-01-18 00:00:00,EQX1030,35.3733,-119.0187,0.0,1227.0,1227.0,357.7,14795.1,2.4,32.2,78.3,GOOD,15,126.8,,OFFLINE,OFF
TEL-13691,2025-01-18 01:00:00,EQX1030,35.3733,-119.0187,0.0,1227.0,1227.0,357.7,14795.2,2.4,32.2,78.2,WARNING,26,144.4,P0217,ONLINE,OFF
TEL-13692,2025-01-18 02:00:00,EQX1030,35.3733,-119.0187,0.0,1227.0,1227.0,357.7,14795.3,2.4,32.1,78.1,GOOD,4,20.1,,ONLINE,OFF
TEL-13693,2025-01-18 03:00:00,EQX1030,35.3733,-119.0187,0.0,1227.0,1227.0,357.7,14795.4,2.4,32.1,78.0,GOOD,17,116.6,,ONLINE,OFF
TEL-13694,2025-01-18 04:00:00,EQX1030,35.3733,-119.0187,0.0,1227.0,1227.0,357.7,14795.5,2.4,32.1,77.9,GOOD,7,64.0,,ONLINE,OFF
TEL-13695,2025-01-18 05:00:00,EQX1030,35.3733,-119.0187,0.0,1227.0,1227.0,357.7,14795.6,2.4,32.0,77.8,GOOD,23,150.1,,ONLINE,OFF
TEL-13696,2025-01-18 06:00:00,EQX1030,35.3733,-119.0187,0.0,1227.0,1227.0,357.7,14795.7,2.4,32.0,77.7,GOOD,26,38.5,,ONLINE,OFF
TEL-13697,2025-01-18 07:00:00,EQX1030,35.3733,-119.0187,0.0,1227.0,1227.0,357.7,14795.8,2.4,32.0,77.6,GOOD,0,279.0,,ONLINE,OFF
TEL-13698,2025-01-18 08:00:00,EQX1030,35.370559,-119.018655,27.4,1227.5,1227.5,357.8,14802.4,160.6,30.1,77.5,GOOD,2,161.2,,ONLINE,ON
TEL-13699,2025-01-18 09:00:00,EQX1030,35.372436,-119.014443,27.4,1228.0,1228.0,357.9,14809.2,163.2,28.1,77.4,GOOD,3,61.1,,ONLINE,ON
TEL-13700,2025-01-18 10:00:00,EQX1030,35.375043,-119.023613,34.1,1228.5,1228.5,358.0,14816.9,184.1,25.9,77.3,GOOD,8,270.2,,ONLINE,ON
TEL-13701,2025-01-18 11:00:00,EQX1030,35.369085,-119.0216,34.1,1229.0,1229.0,358.1,14824.0,170.2,23.9,77.2,GOOD,17,109.4,,ONLINE,ON
TEL-13702,2025-01-18 12:00:00,EQX1030,35.371579,-119.014932,10.0,1229.5,1229.5,358.2,14828.5,107.5,22.6,77.1,GOOD,18,156.8,,ONLINE,ON
TEL-13703,2025-01-18 13:00:00,EQX1030,35.377467,-119.013989,26.2,1230.0,1230.0,358.3,14835.2,161.0,20.7,77.0,GOOD,11,242.3,,ONLINE,ON
TEL-13704,2025-01-18 14:00:00,EQX1030,35.372907,-119.016121,30.2,1230.5,1230.5,358.4,14843.1,189.4,18.5,76.9,GOOD,30,256.1,,ONLINE,ON
TEL-13705,2025-01-18 15:00:00,EQX1030,35.374019,-119.018223,22.6,1231.0,1231.0,358.5,14848.3,125.8,17.0,76.8,GOOD,1,297.8,,ONLINE,ON
TEL-13706,2025-01-18 16:00:00,EQX1030,35.372152,-119.021109,33.8,1231.5,1231.5,358.6,14852.6,102.2,15.7,76.7,GOOD,5,93.5,,ONLINE,ON
TEL-13707,2025-01-18 17:00:00,EQX1030,35.374042,-119.016254,9.7,1232.0,1232.0,358.7,14859.3,162.2,13.8,76.6,GOOD,1,252.1,,ONLINE,ON
TEL-13708,2025-01-18 18:00:00,EQX1030,35.3733,-119.0187,0.0,1232.0,1232.0,358.7,14859.4,2.4,13.8,76.5,GOOD,10,46.4,,ONLINE,OFF
TEL-13709,2025-01-18 19:00:00,EQX1030,35.3733,-119.0187,0.0,1232.0,1232.0,358.7,14859.5,2.4,13.8,76.4,GOOD,9,217.1,,ONLINE,OFF
TEL-13710,2025-01-18 20:00:00,EQX1030,35.3733,-119.0187,0.0,1232.0,1232.0,358.7,14859.6,2.4,13.7,76.3,GOOD,20,106.9,,ONLINE,OFF
TEL-13711,2025-01-18 21:00:00,EQX1030,35.3733,-119.0187,0.0,1232.0,1232.0,358.7,14859.7,2.4,13.7,76.2,GOOD,7,11.7,,ONLINE,OFF
TEL-13712,2025-01-18 22:00:00,EQX1030,35.3733,-119.0187,0.0,1232.0,1232.0,358.7,14859.8,2.4,13.7,76.1,CRITICAL,17,26.4,P0300,ONLINE,OFF
TEL-13713,2025-01-18 23:00:00,EQX1030,35.3733,-119.0187,0.0,1232.0,1232.0,358.7,14859.9,2.4,13.6,76.0,GOOD,28,222.1,,ONLINE,OFF
TEL-13714,2025-01-19 00:00:00,EQX1030,35.3733,-119.0187,0.0,1232.0,1232.0,358.7,14860.0,2.4,13.6,75.9,GOOD,10,95.9,,ONLINE,OFF
TEL-13715,2025-01-19 01:00:00,EQX1030,35.3733,-119.0187,0.0,1232.0,1232.0,358.7,14860.1,2.4,13.6,75.8,GOOD,23,240.1,,ONLINE,OFF
TEL-13716,2025-01-19 02:00:00,EQX1030,35.3733,-119.0187,0.0,1232.0,1232.0,358.7,14860.2,2.4,13.6,75.7,GOOD,17,222.6,,ONLINE,OFF
TEL-13717,2025-01-19 03:00:00,EQX1030,35.3733,-119.0187,0.0,1232.0,1232.0,358.7,14860.3,2.4,13.5,75.6,GOOD,30,184.2,,ONLINE,OFF
TEL-13718,2025-01-19 04:00:00,EQX1030,35.3733,-119.0187,0.0,1232.0,1232.0,358.7,14860.4,2.4,13.5,75.5,GOOD,13,92.0,,ONLINE,OFF
TEL-13719,2025-01-19 05:00:00,EQX1030,35.3733,-119.0187,0.0,1232.0,1232.0,358.7,14860.5,2.4,13.5,75.4,GOOD,3,6.9,,ONLINE,OFF
TEL-13720,2025-01-19 06:00:00,EQX1030,35.3733,-119.0187,0.0,1232.0,1232.0,358.7,14860.6,2.4,13.4,75.3,GOOD,20,114.2,,ONLINE,OFF
TEL-13721,2025-01-19 07:00:00,EQX1030,35.3733,-119.0187,0.0,1232.0,1232.0,358.7,14860.7,2.4,13.4,75.2,WARNING,23,157.9,P0562,ONLINE,OFF
TEL-13722,2025-01-19 08:00:00,EQX1030,35.375701,-119.019655,9.0,1232.5,1232.5,358.8,14867.4,159.8,11.5,75.1,GOOD,29,37.8,,ONLINE,ON
TEL-13723,2025-01-19 09:00:00,EQX1030,35.377579,-119.019679,25.6,1233.0,1233.0,358.9,14873.9,156.7,95.0,75.0,GOOD,19,170.5,,ONLINE,ON
TEL-13724,2025-01-19 10:00:00,EQX1030,35.374614,-119.018734,16.4,1233.5,1233.5,359.0,14878.5,109.9,93.7,74.9,GOOD,23,1.2,,ONLINE,ON
TEL-13725,2025-01-19 11:00:00,EQX1030,35.374641,-119.014475,15.4,1234.0,1234.0,359.1,14883.4,118.1,92.3,74.8,GOOD,4,228.0,,ONLINE,ON
TEL-13726,2025-01-19 12:00:00,EQX1030,35.369879,-119.023395,21.5,1234.5,1234.5,359.2,14889.3,139.7,90.6,74.7,GOOD,29,253.6,,ONLINE,ON
TEL-13727,2025-01-19 13:00:00,EQX1030,35.370841,-119.021786,21.8,1235.0,1235.0,359.3,14895.7,155.0,88.8,74.6,GOOD,19,104.9,,ONLINE,ON
TEL-13728,2025-01-19 14:00:00,EQX1030,35.368747,-119.016931,13.9,1235.5,1235.5,359.4,14900.5,114.0,87.4,74.5,GOOD,20,6.9,,ONLINE,ON
TEL-13729,2025-01-19 15:00:00,EQX1030,35.372294,-119.01564,32.9,1236.0,1236.0,359.5,14908.1,183.6,85.2,74.4,WARNING,0,52.1,P0420,ONLINE,ON
TEL-13730,2025-01-19 16:00:00,EQX1030,35.376132,-119.015228,33.1,1236.5,1236.5,359.6,14912.8,113.5,83.9,74.3,GOOD,30,241.4,,OFFLINE,ON
TEL-13731,2025-01-19 17:00:00,EQX1030,35.37548,-119.023467,25.8,1237.0,1237.0,359.7,14919.3,154.3,82.0,74.2,GOOD,23,175.3,,ONLINE,ON
TEL-13732,2025-01-19 18:00:00,EQX1030,35.3733,-119.0187,0.0,1237.0,1237.0,359.7,14919.4,2.4,82.0,74.1,GOOD,6,10.6,,ONLINE,OFF
TEL-13733,2025-01-19 19:00:00,EQX1030,35.3733,-119.0187,0.0,1237.0,1237.0,359.7,14919.5,2.4,82.0,74.0,GOOD,13,241.6,,ONLINE,OFF
TEL-13734,2025-01-19 20:00:00,EQX1030,35.3733,-119.0187,0.0,1237.0,1237.0,359.7,14919.6,2.4,82.0,73.9,GOOD,29,153.1,,ONLINE,OFF
TEL-13735,2025-01-19 21:00:00,EQX1030,35.3733,-119.0187,0.0,1237.0,1237.0,359.7,14919.7,2.4,81.9,73.8,GOOD,29,293.0,,ONLINE,OFF
TEL-13736,2025-01-19 22:00:00,EQX1030,35.3733,-119.0187,0.0,1237.0,1237.0,359.7,14919.8,2.4,81.9,73.7,GOOD,21,287.7,,ONLINE,OFF
TEL-13737,2025-01-19 23:00:00,EQX1030,35.3733,-119.0187,0.0,1237.0,1237.0,359.7,14919.9,2.4,81.9,73.6,GOOD,26,177.5,,ONLINE,OFF
TEL-13738,2025-01-20 00:00:00,EQX1030,35.3733,-119.0187,0.0,1237.0,1237.0,359.7,14920.0,2.4,81.8,73.5,GOOD,27,58.1,,ONLINE,OFF
TEL-13739,2025-01-20 01:00:00,EQX1030,35.3733,-119.0187,0.0,1237.0,1237.0,359.7,14920.1,2.4,81.8,73.4,GOOD,18,83.1,,ONLINE,OFF
TEL-13740,2025-01-20 02:00:00,EQX1030,35.3733,-119.0187,0.0,1237.0,1237.0,359.7,14920.2,2.4,81.8,73.3,GOOD,18,184.6,,ONLINE,OFF
TEL-13741,2025-01-20 03:00:00,EQX1030,35.3733,-119.0187,0.0,1237.0,1237.0,359.7,14920.3,2.4,81.8,73.2,WARNING,3,228.0,P0217,ONLINE,OFF
TEL-13742,2025-01-20 04:00:00,EQX1030,35.3733,-119.0187,0.0,1237.0,1237.0,359.7,14920.4,2.4,81.7,73.1,GOOD,25,297.1,,ONLINE,OFF
TEL-13743,2025-01-20 05:00:00,EQX1030,35.3733,-119.0187,0.0,1237.0,1237.0,359.7,14920.5,2.4,81.7,73.0,GOOD,22,170.9,,ONLINE,OFF
TEL-13744,2025-01-20 06:00:00,EQX1030,35.3733,-119.0187,0.0,1237.0,1237.0,359.7,14920.6,2.4,81.7,72.9,GOOD,8,137.9,,ONLINE,OFF
TEL-13745,2025-01-20 07:00:00,EQX1030,35.3733,-119.0187,0.0,1237.0,1237.0,359.7,14920.7,2.4,81.6,72.8,WARNING,7,92.3,P0217,ONLINE,OFF
TEL-13746,2025-01-20 08:00:00,EQX1030,35.36923,-119.016346,8.8,1237.5,1237.5,359.8,14925.6,119.0,80.2,72.7,GOOD,26,169.3,,ONLINE,ON
TEL-13747,2025-01-20 09:00:00,EQX1030,35.373234,-119.015622,26.9,1238.0,1238.0,359.9,14930.1,108.0,78.9,72.6,GOOD,16,121.2,,ONLINE,ON
TEL-13748,2025-01-20 10:00:00,EQX1030,35.376297,-119.0199,23.8,1238.5,1238.5,360.0,14937.1,167.8,76.9,72.5,GOOD,5,110.3,,ONLINE,ON
TEL-13749,2025-01-20 11:00:00,EQX1030,35.377026,-119.022111,24.9,1239.0,1239.0,360.1,14943.8,159.6,75.0,72.4,GOOD,28,0.5,,ONLINE,ON
TEL-13750,2025-01-20 12:00:00,EQX1030,35.372035,-119.023283,27.9,1239.5,1239.5,360.2,14949.9,146.6,73.3,72.3,GOOD,13,160.6,,ONLINE,ON
TEL-13751,2025-06-27 08:00:00,EQX1031,35.372292,-119.020461,24.2,1254.2,1254.2,605.2,15385.4,144.2,83.3,96.2,GOOD,8,220.2,,ONLINE,ON
TEL-13752,2025-06-27 09:00:00,EQX1031,35.369766,-119.021389,22.2,1254.7,1254.7,605.3,15392.7,175.7,81.2,96.1,GOOD,15,96.7,,ONLINE,ON
TEL-13753,2025-06-27 10:00:00,EQX1031,35.374585,-119.014462,15.3,1255.2,1255.2,605.4,15399.9,171.6,79.1,96.0,GOOD,17,212.6,,ONLINE,ON
TEL-13754,2025-06-27 11:00:00,EQX1031,35.375358,-119.020789,34.0,1255.7,1255.7,605.5,15404.2,104.4,77.9,95.9,GOOD,29,46.9,,ONLINE,ON
TEL-13755,2025-06-27 12:00:00,EQX1031,35.374819,-119.015801,18.3,1256.2,1256.2,605.6,15411.3,169.0,75.9,95.8,GOOD,10,67.2,,ONLINE,ON
TEL-13756,2025-06-27 13:00:00,EQX1031,35.375975,-119.015914,23.4,1256.7,1256.7,605.7,15416.7,130.1,74.3,95.7,GOOD,19,121.0,,ONLINE,ON
TEL-13757,2025-06-27 14:00:00,EQX1031,35.368379,-119.015611,20.9,1257.2,1257.2,605.8,15422.4,137.0,72.7,95.6,GOOD,23,151.3,,ONLINE,ON
TEL-13758,2025-06-27 15:00:00,EQX1031,35.370217,-119.023324,10.5,1257.7,1257.7,605.9,15429.7,176.2,70.6,95.5,GOOD,15,195.7,,ONLINE,ON
TEL-13759,2025-06-27 16:00:00,EQX1031,35.373543,-119.016107,9.7,1258.2,1258.2,606.0,15437.4,184.6,68.4,95.4,GOOD,24,198.8,,ONLINE,ON
TEL-13760,2025-06-27 17:00:00,EQX1031,35.373977,-119.018501,10.0,1258.7,1258.7,606.1,15443.0,132.7,66.8,95.3,GOOD,1,286.5,,ONLINE,ON
TEL-13761,2025-06-27 18:00:00,EQX1031,35.3733,-119.0187,0.0,1258.7,1258.7,606.1,15443.1,2.4,66.8,95.2,GOOD,8,2.4,,ONLINE,OFF
TEL-13762,2025-06-27 19:00:00,EQX1031,35.3733,-119.0187,0.0,1258.7,1258.7,606.1,15443.2,2.4,66.8,95.1,GOOD,2,251.6,,ONLINE,OFF
TEL-13763,2025-06-27 20:00:00,EQX1031,35.3733,-119.0187,0.0,1258.7,1258.7,606.1,15443.3,2.4,66.8,95.0,GOOD,11,238.4,,ONLINE,OFF
TEL-13764,2025-06-27 21:00:00,EQX1031,35.3733,-119.0187,0.0,1258.7,1258.7,606.1,15443.4,2.4,66.7,94.9,GOOD,3,278.6,,ONLINE,OFF
TEL-13765,2025-06-27 22:00:00,EQX1031,35.3733,-119.0187,0.0,1258.7,1258.7,606.1,15443.5,2.4,66.7,94.8,GOOD,11,73.5,,ONLINE,OFF
TEL-13766,2025-06-27 23:00:00,EQX1031,35.3733,-119.0187,0.0,1258.7,1258.7,606.1,15443.6,2.4,66.7,94.7,GOOD,13,145.4,,ONLINE,OFF
TEL-13767,2025-06-28 00:00:00,EQX1031,35.3733,-119.0187,0.0,1258.7,1258.7,606.1,15443.7,2.4,66.6,94.6,GOOD,20,210.2,,ONLINE,OFF
TEL-13768,2025-06-28 01:00:00,EQX1031,35.3733,-119.0187,0.0,1258.7,1258.7,606.1,15443.8,2.4,66.6,94.5,WARNING,23,61.9,P0217,ONLINE,OFF
TEL-13769,2025-06-28 02:00:00,EQX1031,35.3733,-119.0187,0.0,1258.7,1258.7,606.1,15443.9,2.4,66.6,94.4,GOOD,18,18.9,,ONLINE,OFF
TEL-13770,2025-06-28 03:00:00,EQX1031,35.3733,-119.0187,0.0,1258.7,1258.7,606.1,15444.0,2.4,66.6,94.3,GOOD,11,122.6,,ONLINE,OFF
TEL-13771,2025-06-28 04:00:00,EQX1031,35.3733,-119.0187,0.0,1258.7,1258.7,606.1,15444.1,2.4,66.5,94.2,GOOD,16,109.3,,ONLINE,OFF
TEL-13772,2025-06-28 05:00:00,EQX1031,35.3733,-119.0187,0.0,1258.7,1258.7,606.1,15444.2,2.4,66.5,94.1,GOOD,30,107.2,,ONLINE,OFF
TEL-13773,2025-06-28 06:00:00,EQX1031,35.3733,-119.0187,0.0,1258.7,1258.7,606.1,15444.3,2.4,66.5,94.0,GOOD,26,196.9,,ONLINE,OFF
TEL-13774,2025-06-28 07:00:00,EQX1031,35.3733,-119.0187,0.0,1258.7,1258.7,606.1,15444.4,2.4,66.4,93.9,GOOD,14,102.1,,ONLINE,OFF
TEL-13775,2025-06-28 08:00:00,EQX1031,35.372163,-119.019532,14.6,1259.2,1259.2,606.2,15448.9,109.4,65.1,93.8,GOOD,12,143.3,,ONLINE,ON
TEL-13776,2025-06-28 09:00:00,EQX1031,35.372758,-119.017605,20.4,1259.7,1259.7,606.3,15454.1,123.6,63.7,93.7,GOOD,26,103.0,,ONLINE,ON
TEL-13777,2025-06-28 10:00:00,EQX1031,35.377682,-119.017629,25.0,1260.2,1260.2,606.4,15461.6,181.7,61.5,93.6,GOOD,11,20.6,,ONLINE,ON
TEL-13778,2025-06-28 11:00:00,EQX1031,35.376235,-119.01766,22.2,1260.7,1260.7,606.5,15468.4,162.0,59.6,93.5,GOOD,3,128.8,,ONLINE,ON
TEL-13779,2025-06-28 12:00:00,EQX1031,35.37503,-119.021255,13.3,1261.2,1261.2,606.6,15474.6,148.1,57.8,93.4,GOOD,18,142.8,,ONLINE,ON
TEL-13780,2025-06-28 13:00:00,EQX1031,35.371492,-119.014721,18.2,1261.7,1261.7,606.7,15480.3,137.8,56.2,93.3,GOOD,9,217.6,,ONLINE,ON
TEL-13781,2025-06-28 14:00:00,EQX1031,35.376653,-119.021473,12.9,1262.2,1262.2,606.8,15487.5,172.3,54.1,93.2,GOOD,21,147.8,,ONLINE,ON
TEL-13782,2025-06-28 15:00:00,EQX1031,35.377807,-119.016441,15.1,1262.7,1262.7,606.9,15493.1,135.4,52.5,93.1,GOOD,19,257.6,,ONLINE,ON
TEL-13783,2025-06-28 16:00:00,EQX1031,35.37071,-119.015049,6.6,1263.2,1263.2,607.0,15498.7,134.9,50.9,93.0,GOOD,14,140.0,,ONLINE,ON
TEL-13784,2025-06-28 17:00:00,EQX1031,35.377797,-119.017266,34.8,1263.7,1263.7,607.1,15505.4,159.8,49.0,92.9,GOOD,24,86.3,,ONLINE,ON
TEL-13785,2025-06-28 18:00:00,EQX1031,35.3733,-119.0187,0.0,1263.7,1263.7,607.1,15505.5,2.4,49.0,92.8,GOOD,28,197.8,,ONLINE,OFF
TEL-13786,2025-06-28 19:00:00,EQX1031,35.3733,-119.0187,0.0,1263.7,1263.7,607.1,15505.6,2.4,48.9,92.7,GOOD,30,109.6,,ONLINE,OFF
TEL-13787,2025-06-28 20:00:00,EQX1031,35.3733,-119.0187,0.0,1263.7,1263.7,607.1,15505.7,2.4,48.9,92.6,GOOD,7,102.8,,ONLINE,OFF
TEL-13788,2025-06-28 21:00:00,EQX1031,35.3733,-119.0187,0.0,1263.7,1263.7,607.1,15505.8,2.4,48.9,92.5,GOOD,3,118.1,,ONLINE,OFF
TEL-13789,2025-06-28 22:00:00,EQX1031,35.3733,-119.0187,0.0,1263.7,1263.7,607.1,15505.9,2.4,48.9,92.4,GOOD,19,199.6,,ONLINE,OFF
TEL-13790,2025-06-28 23:00:00,EQX1031,35.3733,-119.0187,0.0,1263.7,1263.7,607.1,15506.0,2.4,48.8,92.3,GOOD,30,111.9,,ONLINE,OFF
TEL-13791,2025-06-29 00:00:00,EQX1031,35.3733,-119.0187,0.0,1263.7,1263.7,607.1,15506.1,2.4,48.8,92.2,GOOD,18,235.7,,ONLINE,OFF
TEL-13792,2025-06-29 01:00:00,EQX1031,35.3733,-119.0187,0.0,1263.7,1263.7,607.1,15506.2,2.4,48.8,92.1,GOOD,26,146.3,,ONLINE,OFF
TEL-13793,2025-06-29 02:00:00,EQX1031,35.3733,-119.0187,0.0,1263.7,1263.7,607.1,15506.3,2.4,48.7,92.0,GOOD,1,46.6,,ONLINE,OFF
TEL-13794,2025-06-29 03:00:00,EQX1031,35.3733,-119.0187,0.0,1263.7,1263.7,607.1,15506.4,2.4,48.7,91.9,GOOD,20,192.1,,ONLINE,OFF
TEL-13795,2025-06-29 04:00:00,EQX1031,35.3733,-119.0187,0.0,1263.7,1263.7,607.1,15506.5,2.4,48.7,91.8,GOOD,23,220.8,,ONLINE,OFF
TEL-13796,2025-06-29 05:00:00,EQX1031,35.3733,-119.0187,0.0,1263.7,1263.7,607.1,15506.6,2.4,48.7,91.7,GOOD,9,5.5,,ONLINE,OFF
TEL-13797,2025-06-29 06:00:00,EQX1031,35.3733,-119.0187,0.0,1263.7,1263.7,607.1,15506.7,2.4,48.6,91.6,GOOD,14,190.1,,ONLINE,OFF
TEL-13798,2025-06-29 07:00:00,EQX1031,35.3733,-119.0187,0.0,1263.7,1263.7,607.1,15506.8,2.4,48.6,91.5,GOOD,18,146.7,,ONLINE,OFF
TEL-13799,2025-06-29 08:00:00,EQX1031,35.371208,-119.01814,29.3,1264.2,1264.2,607.2,15514.1,174.7,46.5,91.4,GOOD,1,155.5,,ONLINE,ON
TEL-13800,2025-06-29 09:00:00,EQX1031,35.375966,-119.023329,11.5,1264.7,1264.7,607.3,15521.8,186.2,44.3,91.3,GOOD,26,116.5,,ONLINE,ON
TEL-13801,2025-06-29 10:00:00,EQX1031,35.368612,-119.015236,5.6,1265.2,1265.2,607.4,15527.7,140.2,42.6,91.2,GOOD,1,282.0,,ONLINE,ON
TEL-13802,2025-06-29 11:00:00,EQX1031,35.368634,-119.01827,18.8,1265.7,1265.7,607.5,15534.8,171.8,40.6,91.1,GOOD,16,93.8,,ONLINE,ON
TEL-13803,2025-06-29 12:00:00,EQX1031,35.369398,-119.015719,25.4,1266.2,1266.2,607.6,15540.4,134.2,39.0,91.0,GOOD,21,164.9,,ONLINE,ON
TEL-13804,2025-06-29 13:00:00,EQX1031,35.375069,-119.020171,28.7,1266.7,1266.7,607.7,15546.8,152.2,37.2,90.9,GOOD,7,110.4,,ONLINE,ON
TEL-13805,2025-06-29 14:00:00,EQX1031,35.372375,-119.01881,25.2,1267.2,1267.2,607.8,15552.2,130.1,35.6,90.8,GOOD,17,64.3,,ONLINE,ON
TEL-13806,2025-06-29 15:00:00,EQX1031,35.371754,-119.022635,28.4,1267.7,1267.7,607.9,15560.1,188.9,33.4,90.7,CRITICAL,6,14.1,P0217,ONLINE,ON
TEL-13807,2025-06-29 16:00:00,EQX1031,35.374653,-119.013944,19.0,1268.2,1268.2,608.0,15567.5,178.3,31.3,90.6,GOOD,21,276.9,,ONLINE,ON
TEL-13808,2025-06-29 17:00:00,EQX1031,35.37244,-119.016014,14.4,1268.7,1268.7,608.1,15574.3,164.4,29.3,90.5,GOOD,8,156.0,,ONLINE,ON
TEL-13809,2025-06-29 18:00:00,EQX1031,35.3733,-119.0187,0.0,1268.7,1268.7,608.1,15574.4,2.4,29.3,90.4,GOOD,28,200.3,,OFFLINE,OFF
TEL-13810,2025-06-29 19:00:00,EQX1031,35.3733,-119.0187,0.0,1268.7,1268.7,608.1,15574.5,2.4,29.2,90.3,GOOD,7,241.4,,ONLINE,OFF
TEL-13811,2025-06-29 20:00:00,EQX1031,35.3733,-119.0187,0.0,1268.7,1268.7,608.1,15574.6,2.4,29.2,90.2,GOOD,26,46.0,,ONLINE,OFF
TEL-13812,2025-06-29 21:00:00,EQX1031,35.3733,-119.0187,0.0,1268.7,1268.7,608.1,15574.7,2.4,29.2,90.1,GOOD,10,54.4,,ONLINE,OFF
TEL-13813,2025-06-29 22:00:00,EQX1031,35.3733,-119.0187,0.0,1268.7,1268.7,608.1,15574.8,2.4,29.2,90.0,GOOD,15,242.9,,ONLINE,OFF
TEL-13814,2025-06-29 23:00:00,EQX1031,35.3733,-119.0187,0.0,1268.7,1268.7,608.1,15574.9,2.4,29.1,89.9,GOOD,4,265.9,,ONLINE,OFF
TEL-13815,2025-06-30 00:00:00,EQX1031,35.3733,-119.0187,0.0,1268.7,1268.7,608.1,15575.0,2.4,29.1,89.8,GOOD,18,31.1,,ONLINE,OFF
TEL-13816,2025-06-30 01:00:00,EQX1031,35.3733,-119.0187,0.0,1268.7,1268.7,608.1,15575.1,2.4,29.1,89.7,GOOD,25,240.7,,ONLINE,OFF
TEL-13817,2025-06-30 02:00:00,EQX1031,35.3733,-119.0187,0.0,1268.7,1268.7,608.1,15575.2,2.4,29.0,89.6,GOOD,27,47.7,,ONLINE,OFF
TEL-13818,2025-06-30 03:00:00,EQX1031,35.3733,-119.0187,0.0,1268.7,1268.7,608.1,15575.3,2.4,29.0,89.5,GOOD,25,192.6,,ONLINE,OFF
TEL-13819,2025-06-30 04:00:00,EQX1031,35.3733,-119.0187,0.0,1268.7,1268.7,608.1,15575.4,2.4,29.0,89.4,GOOD,25,185.6,,ONLINE,OFF
TEL-13820,2025-06-30 05:00:00,EQX1031,35.3733,-119.0187,0.0,1268.7,1268.7,608.1,15575.5,2.4,29.0,89.3,GOOD,14,289.1,,ONLINE,OFF
TEL-13821,2025-06-30 06:00:00,EQX1031,35.3733,-119.0187,0.0,1268.7,1268.7,608.1,15575.6,2.4,28.9,89.2,GOOD,22,64.4,,ONLINE,OFF
TEL-13822,2025-06-30 07:00:00,EQX1031,35.3733,-119.0187,0.0,1268.7,1268.7,608.1,15575.7,2.4,28.9,89.1,GOOD,29,22.9,,ONLINE,OFF
TEL-13823,2025-06-30 08:00:00,EQX1031,35.374957,-119.016055,20.6,1269.2,1269.2,608.2,15582.9,172.6,26.8,89.0,GOOD,12,276.4,,ONLINE,ON
TEL-13824,2025-06-30 09:00:00,EQX1031,35.369744,-119.021639,10.6,1269.7,1269.7,608.3,15590.8,188.9,24.6,88.9,GOOD,3,207.0,,ONLINE,ON
TEL-13825,2025-06-30 10:00:00,EQX1031,35.37343,-119.015897,11.5,1270.2,1270.2,608.4,15598.2,176.4,22.5,88.8,GOOD,27,149.0,,ONLINE,ON
TEL-13826,2025-06-30 11:00:00,EQX1031,35.368579,-119.022955,7.4,1270.7,1270.7,608.5,15603.7,132.7,20.9,88.7,GOOD,7,97.1,,ONLINE,ON
TEL-13827,2025-06-30 12:00:00,EQX1031,35.372729,-119.018283,34.2,1271.2,1271.2,608.6,15611.3,182.4,18.7,88.6,CRITICAL,16,144.5,P0017,ONLINE,ON
TEL-13828,2025-06-30 13:00:00,EQX1031,35.373129,-119.016377,28.3,1271.7,1271.7,608.7,15619.0,184.3,16.6,88.5,WARNING,21,199.5,P0300,ONLINE,ON
TEL-13829,2025-06-30 14:00:00,EQX1031,35.37295,-119.022256,18.1,1272.2,1272.2,608.8,15626.9,189.4,14.3,88.4,CRITICAL,20,144.8,P0300,ONLINE,ON
TEL-13830,2025-06-30 15:00:00,EQX1031,35.369238,-119.022227,30.2,1272.7,1272.7,608.9,15633.4,157.2,12.4,88.3,GOOD,16,118.4,,ONLINE,ON
TEL-13831,2025-06-30 16:00:00,EQX1031,35.376439,-119.021476,6.5,1273.2,1273.2,609.0,15638.6,124.8,10.9,88.2,GOOD,5,116.1,,ONLINE,ON
TEL-13832,2025-06-30 17:00:00,EQX1031,35.374448,-119.019027,13.9,1273.7,1273.7,609.1,15643.9,127.4,95.0,88.1,GOOD,12,11.1,,ONLINE,ON
TEL-13833,2025-06-30 18:00:00,EQX1031,35.3733,-119.0187,0.0,1273.7,1273.7,609.1,15644.0,2.4,95.0,88.0,GOOD,21,6.1,,ONLINE,OFF
TEL-13834,2025-06-30 19:00:00,EQX1031,35.3733,-119.0187,0.0,1273.7,1273.7,609.1,15644.1,2.4,94.9,87.9,GOOD,1,289.6,,ONLINE,OFF
TEL-13835,2025-06-30 20:00:00,EQX1031,35.3733,-119.0187,0.0,1273.7,1273.7,609.1,15644.2,2.4,94.9,87.8,GOOD,7,89.5,,ONLINE,OFF
TEL-13836,2025-06-30 21:00:00,EQX1031,35.3733,-119.0187,0.0,1273.7,1273.7,609.1,15644.3,2.4,94.9,87.7,GOOD,30,178.9,,ONLINE,OFF
TEL-13837,2025-06-30 22:00:00,EQX1031,35.3733,-119.0187,0.0,1273.7,1273.7,609.1,15644.4,2.4,94.9,87.6,GOOD,27,112.1,,ONLINE,OFF
TEL-13838,2025-06-30 23:00:00,EQX1031,35.3733,-119.0187,0.0,1273.7,1273.7,609.1,15644.5,2.4,94.8,87.5,GOOD,4,173.9,,ONLINE,OFF
TEL-13839,2025-07-01 00:00:00,EQX1031,35.3733,-119.0187,0.0,1273.7,1273.7,609.1,15644.6,2.4,94.8,87.4,WARNING,5,35.4,P0217,ONLINE,OFF
TEL-13840,2025-07-01 01:00:00,EQX1031,35.3733,-119.0187,0.0,1273.7,1273.7,609.1,15644.7,2.4,94.8,87.3,GOOD,20,270.4,,ONLINE,OFF
TEL-13841,2025-07-01 02:00:00,EQX1031,35.3733,-119.0187,0.0,1273.7,1273.7,609.1,15644.8,2.4,94.7,87.2,GOOD,5,120.5,,ONLINE,OFF
TEL-13842,2025-07-01 03:00:00,EQX1031,35.3733,-119.0187,0.0,1273.7,1273.7,609.1,15644.9,2.4,94.7,87.1,GOOD,23,278.8,,OFFLINE,OFF
TEL-13843,2025-07-01 04:00:00,EQX1031,35.3733,-119.0187,0.0,1273.7,1273.7,609.1,15645.0,2.4,94.7,87.0,GOOD,25,82.9,,OFFLINE,OFF
TEL-13844,2025-07-01 05:00:00,EQX1031,35.3733,-119.0187,0.0,1273.7,1273.7,609.1,15645.1,2.4,94.7,86.9,GOOD,7,59.7,,OFFLINE,OFF
TEL-13845,2025-07-01 06:00:00,EQX1031,35.3733,-119.0187,0.0,1273.7,1273.7,609.1,15645.2,2.4,94.6,86.8,GOOD,26,89.4,,ONLINE,OFF
TEL-13846,2025-07-01 07:00:00,EQX1031,35.3733,-119.0187,0.0,1273.7,1273.7,609.1,15645.3,2.4,94.6,86.7,GOOD,13,108.6,,ONLINE,OFF
TEL-13847,2025-07-01 08:00:00,EQX1031,35.3731,-119.020319,12.2,1274.2,1274.2,609.2,15652.5,173.0,92.5,86.6,GOOD,24,207.1,,ONLINE,ON
TEL-13848,2025-07-01 09:00:00,EQX1031,35.369115,-119.023229,15.4,1274.7,1274.7,609.3,15656.6,98.4,91.4,86.5,GOOD,29,162.9,,ONLINE,ON
TEL-13849,2025-07-01 10:00:00,EQX1031,35.377815,-119.017871,10.7,1275.2,1275.2,609.4,15662.9,151.0,89.6,86.4,GOOD,29,66.2,,ONLINE,ON
TEL-13850,2025-07-01 11:00:00,EQX1031,35.373228,-119.018771,29.2,1275.7,1275.7,609.5,15670.4,178.8,87.4,86.3,GOOD,6,9.8,,ONLINE,ON
TEL-13851,2025-07-01 12:00:00,EQX1031,35.374031,-119.022963,17.3,1276.2,1276.2,609.6,15676.2,139.4,85.8,86.2,GOOD,12,1.4,,ONLINE,ON
TEL-13852,2025-07-01 13:00:00,EQX1031,35.370619,-119.017354,7.8,1276.7,1276.7,609.7,15681.7,133.7,84.2,86.1,GOOD,7,134.5,,ONLINE,ON
TEL-13853,2025-07-01 14:00:00,EQX1031,35.37594,-119.019663,21.8,1277.2,1277.2,609.8,15686.2,107.0,82.9,86.0,GOOD,27,18.2,,ONLINE,ON
TEL-13854,2025-07-01 15:00:00,EQX1031,35.377842,-119.015272,16.6,1277.7,1277.7,609.9,15691.1,117.6,81.5,85.9,GOOD,14,202.9,,ONLINE,ON
TEL-13855,2025-07-01 16:00:00,EQX1031,35.375926,-119.016097,25.0,1278.2,1278.2,610.0,15696.0,118.3,80.1,85.8,WARNING,5,79.3,P0087,ONLINE,ON
TEL-13856,2025-07-01 17:00:00,EQX1031,35.372812,-119.014576,28.7,1278.7,1278.7,610.1,15703.0,167.8,78.1,85.7,GOOD,8,298.4,,ONLINE,ON
TEL-13857,2025-07-01 18:00:00,EQX1031,35.3733,-119.0187,0.0,1278.7,1278.7,610.1,15703.1,2.4,78.1,85.6,GOOD,8,269.1,,ONLINE,OFF
TEL-13858,2025-07-01 19:00:00,EQX1031,35.3733,-119.0187,0.0,1278.7,1278.7,610.1,15703.2,2.4,78.1,85.5,GOOD,14,217.6,,ONLINE,OFF
TEL-13859,2025-07-01 20:00:00,EQX1031,35.3733,-119.0187,0.0,1278.7,1278.7,610.1,15703.3,2.4,78.0,85.4,GOOD,11,116.1,,ONLINE,OFF
TEL-13860,2025-07-01 21:00:00,EQX1031,35.3733,-119.0187,0.0,1278.7,1278.7,610.1,15703.4,2.4,78.0,85.3,GOOD,1,136.5,,ONLINE,OFF
TEL-13861,2025-07-01 22:00:00,EQX1031,35.3733,-119.0187,0.0,1278.7,1278.7,610.1,15703.5,2.4,78.0,85.2,GOOD,26,173.9,,ONLINE,OFF
TEL-13862,2025-07-01 23:00:00,EQX1031,35.3733,-119.0187,0.0,1278.7,1278.7,610.1,15703.6,2.4,77.9,85.1,GOOD,3,31.6,,ONLINE,OFF
TEL-13863,2025-07-02 00:00:00,EQX1031,35.3733,-119.0187,0.0,1278.7,1278.7,610.1,15703.7,2.4,77.9,85.0,GOOD,12,92.0,,ONLINE,OFF
TEL-13864,2025-07-02 01:00:00,EQX1031,35.3733,-119.0187,0.0,1278.7,1278.7,610.1,15703.8,2.4,77.9,84.9,GOOD,13,102.4,,ONLINE,OFF
TEL-13865,2025-07-02 02:00:00,EQX1031,35.3733,-119.0187,0.0,1278.7,1278.7,610.1,15703.9,2.4,77.9,84.8,GOOD,5,116.2,,ONLINE,OFF
TEL-13866,2025-07-02 03:00:00,EQX1031,35.3733,-119.0187,0.0,1278.7,1278.7,610.1,15704.0,2.4,77.8,84.7,GOOD,30,296.7,,ONLINE,OFF
TEL-13867,2025-07-02 04:00:00,EQX1031,35.3733,-119.0187,0.0,1278.7,1278.7,610.1,15704.1,2.4,77.8,84.6,CRITICAL,8,287.0,P0420,OFFLINE,OFF
TEL-13868,2025-07-02 05:00:00,EQX1031,35.3733,-119.0187,0.0,1278.7,1278.7,610.1,15704.2,2.4,77.8,84.5,GOOD,0,252.9,,ONLINE,OFF
TEL-13869,2025-07-02 06:00:00,EQX1031,35.3733,-119.0187,0.0,1278.7,1278.7,610.1,15704.3,2.4,77.7,84.4,GOOD,29,259.7,,ONLINE,OFF
TEL-13870,2025-07-02 07:00:00,EQX1031,35.3733,-119.0187,0.0,1278.7,1278.7,610.1,15704.4,2.4,77.7,84.3,GOOD,16,39.7,,ONLINE,OFF
TEL-13871,2025-07-02 08:00:00,EQX1031,35.375975,-119.019271,17.3,1279.2,1279.2,610.2,15710.6,148.6,75.9,84.2,GOOD,19,112.4,,ONLINE,ON
TEL-13872,2025-07-02 09:00:00,EQX1031,35.377231,-119.019637,6.2,1279.7,1279.7,610.3,15717.2,158.9,74.1,84.1,GOOD,18,55.1,,ONLINE,ON
TEL-13873,2025-07-02 10:00:00,EQX1031,35.375001,-119.022846,27.4,1280.2,1280.2,610.4,15724.3,169.0,72.0,84.0,GOOD,11,37.0,,ONLINE,ON
TEL-13874,2025-07-02 11:00:00,EQX1031,35.37623,-119.019631,21.6,1280.7,1280.7,610.5,15730.0,136.3,70.4,83.9,GOOD,5,86.2,,ONLINE,ON
TEL-13875,2025-07-02 12:00:00,EQX1031,35.370719,-119.015822,9.9,1281.2,1281.2,610.6,15734.7,114.5,69.1,83.8,GOOD,7,75.7,,ONLINE,ON
TEL-13876,2025-03-03 08:00:00,EQX1032,38.586449,-121.496814,30.0,1513.6,1513.6,660.2,20348.7,187.4,82.8,95.5,GOOD,12,183.6,,ONLINE,ON
TEL-13877,2025-03-03 09:00:00,EQX1032,38.5854,-121.496169,24.6,1514.1,1514.1,660.3,20353.5,114.2,81.4,95.4,GOOD,4,151.8,,ONLINE,ON
TEL-13878,2025-03-03 10:00:00,EQX1032,38.584455,-121.490785,12.3,1514.6,1514.6,660.4,20360.3,164.6,79.4,95.3,GOOD,26,166.7,,ONLINE,ON
TEL-13879,2025-03-03 11:00:00,EQX1032,38.579054,-121.498236,13.6,1515.1,1515.1,660.5,20366.2,142.1,77.8,95.2,GOOD,25,156.1,,ONLINE,ON
TEL-13880,2025-03-03 12:00:00,EQX1032,38.57971,-121.497968,5.3,1515.6,1515.6,660.6,20370.9,112.1,76.4,95.1,GOOD,14,123.1,,ONLINE,ON
TEL-13881,2025-03-03 13:00:00,EQX1032,38.584607,-121.494603,34.8,1516.1,1516.1,660.7,20378.8,189.1,74.2,95.0,GOOD,17,159.0,,ONLINE,ON
TEL-13882,2025-03-03 14:00:00,EQX1032,38.578404,-121.497113,33.8,1516.6,1516.6,660.8,20385.0,148.3,72.4,94.9,GOOD,3,74.7,,OFFLINE,ON
TEL-13883,2025-03-03 15:00:00,EQX1032,38.57753,-121.489712,7.3,1517.1,1517.1,660.9,20390.9,142.1,70.7,94.8,GOOD,30,124.4,,ONLINE,ON
TEL-13884,2025-03-03 16:00:00,EQX1032,38.577917,-121.491289,11.3,1517.6,1517.6,661.0,20397.3,152.9,68.9,94.7,GOOD,5,275.9,,ONLINE,ON
TEL-13885,2025-03-03 17:00:00,EQX1032,38.577363,-121.491386,20.6,1518.1,1518.1,661.1,20402.1,115.4,67.5,94.6,GOOD,25,122.6,,ONLINE,ON
TEL-13886,2025-03-03 18:00:00,EQX1032,38.5816,-121.4944,0.0,1518.1,1518.1,661.1,20402.2,2.4,67.5,94.5,GOOD,18,117.7,,ONLINE,OFF
TEL-13887,2025-03-03 19:00:00,EQX1032,38.5816,-121.4944,0.0,1518.1,1518.1,661.1,20402.3,2.4,67.5,94.4,GOOD,24,54.8,,ONLINE,OFF
TEL-13888,2025-03-03 20:00:00,EQX1032,38.5816,-121.4944,0.0,1518.1,1518.1,661.1,20402.4,2.4,67.4,94.3,WARNING,0,97.3,P0017,ONLINE,OFF
TEL-13889,2025-03-03 21:00:00,EQX1032,38.5816,-121.4944,0.0,1518.1,1518.1,661.1,20402.5,2.4,67.4,94.2,GOOD,10,205.4,,ONLINE,OFF
TEL-13890,2025-03-03 22:00:00,EQX1032,38.5816,-121.4944,0.0,1518.1,1518.1,661.1,20402.6,2.4,67.4,94.1,WARNING,5,219.2,P0562,ONLINE,OFF
TEL-13891,2025-03-03 23:00:00,EQX1032,38.5816,-121.4944,0.0,1518.1,1518.1,661.1,20402.7,2.4,67.3,94.0,WARNING,28,146.7,P0562,ONLINE,OFF
TEL-13892,2025-03-04 00:00:00,EQX1032,38.5816,-121.4944,0.0,1518.1,1518.1,661.1,20402.8,2.4,67.3,93.9,GOOD,8,158.9,,ONLINE,OFF
TEL-13893,2025-03-04 01:00:00,EQX1032,38.5816,-121.4944,0.0,1518.1,1518.1,661.1,20402.9,2.4,67.3,93.8,GOOD,1,260.5,,ONLINE,OFF
TEL-13894,2025-03-04 02:00:00,EQX1032,38.5816,-121.4944,0.0,1518.1,1518.1,661.1,20403.0,2.4,67.3,93.7,GOOD,10,195.1,,ONLINE,OFF
TEL-13895,2025-03-04 03:00:00,EQX1032,38.5816,-121.4944,0.0,1518.1,1518.1,661.1,20403.1,2.4,67.2,93.6,GOOD,21,204.2,,OFFLINE,OFF
TEL-13896,2025-03-04 04:00:00,EQX1032,38.5816,-121.4944,0.0,1518.1,1518.1,661.1,20403.2,2.4,67.2,93.5,GOOD,7,260.3,,ONLINE,OFF
TEL-13897,2025-03-04 05:00:00,EQX1032,38.5816,-121.4944,0.0,1518.1,1518.1,661.1,20403.3,2.4,67.2,93.4,GOOD,10,87.7,,ONLINE,OFF
TEL-13898,2025-03-04 06:00:00,EQX1032,38.5816,-121.4944,0.0,1518.1,1518.1,661.1,20403.4,2.4,67.1,93.3,GOOD,0,171.9,,ONLINE,OFF
TEL-13899,2025-03-04 07:00:00,EQX1032,38.5816,-121.4944,0.0,1518.1,1518.1,661.1,20403.5,2.4,67.1,93.2,GOOD,7,206.6,,ONLINE,OFF
TEL-13900,2025-03-04 08:00:00,EQX1032,38.580862,-121.491444,11.5,1518.6,1518.6,661.2,20409.6,147.4,65.4,93.1,GOOD,19,46.1,,ONLINE,ON
TEL-13901,2025-03-04 09:00:00,EQX1032,38.583237,-121.495978,9.0,1519.1,1519.1,661.3,20415.6,142.6,63.7,93.0,GOOD,14,2.1,,ONLINE,ON
TEL-13902,2025-03-04 10:00:00,EQX1032,38.581564,-121.489588,15.9,1519.6,1519.6,661.4,20422.4,165.4,61.7,92.9,GOOD,0,185.2,,ONLINE,ON
TEL-13903,2025-03-04 11:00:00,EQX1032,38.585084,-121.497853,15.5,1520.1,1520.1,661.5,20428.7,151.0,59.9,92.8,GOOD,7,68.1,,ONLINE,ON
TEL-13904,2025-03-04 12:00:00,EQX1032,38.584913,-121.493647,9.5,1520.6,1520.6,661.6,20435.0,150.2,58.1,92.7,GOOD,18,102.1,,ONLINE,ON
TEL-13905,2025-03-04 13:00:00,EQX1032,38.586247,-121.493084,9.8,1521.1,1521.1,661.7,20442.6,183.4,55.9,92.6,GOOD,3,23.2,,ONLINE,ON
TEL-13906,2025-03-04 14:00:00,EQX1032,38.577433,-121.493385,30.3,1521.6,1521.6,661.8,20449.8,173.0,53.9,92.5,GOOD,14,100.3,,ONLINE,ON
TEL-13907,2025-03-04 15:00:00,EQX1032,38.586549,-121.489768,33.1,1522.1,1522.1,661.9,20455.1,125.0,52.4,92.4,GOOD,25,140.3,,ONLINE,ON
TEL-13908,2025-03-04 16:00:00,EQX1032,38.580058,-121.498603,12.1,1522.6,1522.6,662.0,20460.7,135.6,50.8,92.3,GOOD,2,53.3,,ONLINE,ON
TEL-13909,2025-03-04 17:00:00,EQX1032,38.585749,-121.492124,24.6,1523.1,1523.1,662.1,20468.5,187.4,48.5,92.2,GOOD,13,212.5,,ONLINE,ON
TEL-13910,2025-03-04 18:00:00,EQX1032,38.5816,-121.4944,0.0,1523.1,1523.1,662.1,20468.6,2.4,48.5,92.1,GOOD,9,57.4,,ONLINE,OFF
TEL-13911,2025-03-04 19:00:00,EQX1032,38.5816,-121.4944,0.0,1523.1,1523.1,662.1,20468.7,2.4,48.5,92.0,GOOD,9,186.8,,ONLINE,OFF
TEL-13912,2025-03-04 20:00:00,EQX1032,38.5816,-121.4944,0.0,1523.1,1523.1,662.1,20468.8,2.4,48.5,91.9,GOOD,27,112.9,,ONLINE,OFF
TEL-13913,2025-03-04 21:00:00,EQX1032,38.5816,-121.4944,0.0,1523.1,1523.1,662.1,20468.9,2.4,48.4,91.8,GOOD,22,255.4,,ONLINE,OFF
TEL-13914,2025-03-04 22:00:00,EQX1032,38.5816,-121.4944,0.0,1523.1,1523.1,662.1,20469.0,2.4,48.4,91.7,GOOD,1,250.5,,ONLINE,OFF
TEL-13915,2025-03-04 23:00:00,EQX1032,38.5816,-121.4944,0.0,1523.1,1523.1,662.1,20469.1,2.4,48.4,91.6,GOOD,7,81.1,,ONLINE,OFF
TEL-13916,2025-03-05 00:00:00,EQX1032,38.5816,-121.4944,0.0,1523.1,1523.1,662.1,20469.2,2.4,48.3,91.5,WARNING,4,87.9,P0217,ONLINE,OFF
TEL-13917,2025-03-05 01:00:00,EQX1032,38.5816,-121.4944,0.0,1523.1,1523.1,662.1,20469.3,2.4,48.3,91.4,GOOD,0,216.3,,ONLINE,OFF
TEL-13918,2025-03-05 02:00:00,EQX1032,38.5816,-121.4944,0.0,1523.1,1523.1,662.1,20469.4,2.4,48.3,91.3,WARNING,13,209.7,P0017,ONLINE,OFF
TEL-13919,2025-03-05 03:00:00,EQX1032,38.5816,-121.4944,0.0,1523.1,1523.1,662.1,20469.5,2.4,48.3,91.2,GOOD,28,50.3,,ONLINE,OFF
TEL-13920,2025-03-05 04:00:00,EQX1032,38.5816,-121.4944,0.0,1523.1,1523.1,662.1,20469.6,2.4,48.2,91.1,GOOD,4,37.8,,ONLINE,OFF
TEL-13921,2025-03-05 05:00:00,EQX1032,38.5816,-121.4944,0.0,1523.1,1523.1,662.1,20469.7,2.4,48.2,91.0,GOOD,13,234.6,,ONLINE,OFF
TEL-13922,2025-03-05 06:00:00,EQX1032,38.5816,-121.4944,0.0,1523.1,1523.1,662.1,20469.8,2.4,48.2,90.9,GOOD,30,80.5,,ONLINE,OFF
TEL-13923,2025-03-05 07:00:00,EQX1032,38.5816,-121.4944,0.0,1523.1,1523.1,662.1,20469.9,2.4,48.1,90.8,GOOD,21,99.6,,ONLINE,OFF
TEL-13924,2025-03-05 08:00:00,EQX1032,38.584121,-121.497557,19.0,1523.6,1523.6,662.2,20474.3,106.3,46.9,90.7,GOOD,2,77.6,,ONLINE,ON
TEL-13925,2025-03-05 09:00:00,EQX1032,38.58448,-121.490612,33.8,1524.1,1524.1,662.3,20479.7,127.4,45.4,90.6,GOOD,4,275.5,,ONLINE,ON
TEL-13926,2025-03-05 10:00:00,EQX1032,38.581875,-121.49203,28.9,1524.6,1524.6,662.4,20484.5,116.9,44.0,90.5,GOOD,5,172.6,,ONLINE,ON
TEL-13927,2025-03-05 11:00:00,EQX1032,38.583074,-121.49617,24.1,1525.1,1525.1,662.5,20491.9,176.2,41.9,90.4,GOOD,22,144.4,,ONLINE,ON
TEL-13928,2025-03-05 12:00:00,EQX1032,38.579092,-121.493449,19.3,1525.6,1525.6,662.6,20499.6,185.8,39.7,90.3,GOOD,24,273.8,,ONLINE,ON
TEL-13929,2025-03-05 13:00:00,EQX1032,38.580627,-121.499294,27.3,1526.1,1526.1,662.7,20505.5,140.6,38.0,90.2,GOOD,18,4.8,,ONLINE,ON
TEL-13930,2025-03-05 14:00:00,EQX1032,38.579606,-121.494867,6.1,1526.6,1526.6,662.8,20513.4,189.4,35.7,90.1,GOOD,9,90.3,,ONLINE,ON
TEL-13931,2025-03-05 15:00:00,EQX1032,38.583657,-121.496219,18.5,1527.1,1527.1,662.9,20519.3,143.0,34.0,90.0,GOOD,29,85.2,,ONLINE,ON
TEL-13932,2025-03-05 16:00:00,EQX1032,38.582587,-121.492159,24.2,1527.6,1527.6,663.0,20523.8,108.0,32.7,89.9,GOOD,14,285.1,,ONLINE,ON
TEL-13933,2025-03-05 17:00:00,EQX1032,38.58282,-121.496342,29.3,1528.1,1528.1,663.1,20528.9,121.7,31.3,89.8,GOOD,18,5.8,,ONLINE,ON
TEL-13934,2025-03-05 18:00:00,EQX1032,38.5816,-121.4944,0.0,1528.1,1528.1,663.1,20529.0,2.4,31.3,89.7,GOOD,18,259.5,,ONLINE,OFF
TEL-13935,2025-03-05 19:00:00,EQX1032,38.5816,-121.4944,0.0,1528.1,1528.1,663.1,20529.1,2.4,31.2,89.6,GOOD,15,167.4,,ONLINE,OFF
TEL-13936,2025-03-05 20:00:00,EQX1032,38.5816,-121.4944,0.0,1528.1,1528.1,663.1,20529.2,2.4,31.2,89.5,GOOD,25,247.8,,ONLINE,OFF
TEL-13937,2025-03-05 21:00:00,EQX1032,38.5816,-121.4944,0.0,1528.1,1528.1,663.1,20529.3,2.4,31.2,89.4,CRITICAL,7,83.2,P0300,ONLINE,OFF
TEL-13938,2025-03-05 22:00:00,EQX1032,38.5816,-121.4944,0.0,1528.1,1528.1,663.1,20529.4,2.4,31.1,89.3,GOOD,1,54.2,,ONLINE,OFF
TEL-13939,2025-03-05 23:00:00,EQX1032,38.5816,-121.4944,0.0,1528.1,1528.1,663.1,20529.5,2.4,31.1,89.2,GOOD,4,87.9,,ONLINE,OFF
TEL-13940,2025-03-06 00:00:00,EQX1032,38.5816,-121.4944,0.0,1528.1,1528.1,663.1,20529.6,2.4,31.1,89.1,GOOD,17,112.3,,ONLINE,OFF
TEL-13941,2025-03-06 01:00:00,EQX1032,38.5816,-121.4944,0.0,1528.1,1528.1,663.1,20529.7,2.4,31.1,89.0,GOOD,7,104.1,,ONLINE,OFF
TEL-13942,2025-03-06 02:00:00,EQX1032,38.5816,-121.4944,0.0,1528.1,1528.1,663.1,20529.8,2.4,31.0,88.9,GOOD,7,246.4,,ONLINE,OFF
TEL-13943,2025-03-06 03:00:00,EQX1032,38.5816,-121.4944,0.0,1528.1,1528.1,663.1,20529.9,2.4,31.0,88.8,GOOD,2,109.7,,ONLINE,OFF
TEL-13944,2025-03-06 04:00:00,EQX1032,38.5816,-121.4944,0.0,1528.1,1528.1,663.1,20530.0,2.4,31.0,88.7,GOOD,25,176.3,,ONLINE,OFF
TEL-13945,2025-03-06 05:00:00,EQX1032,38.5816,-121.4944,0.0,1528.1,1528.1,663.1,20530.1,2.4,30.9,88.6,GOOD,8,45.6,,ONLINE,OFF
TEL-13946,2025-03-06 06:00:00,EQX1032,38.5816,-121.4944,0.0,1528.1,1528.1,663.1,20530.2,2.4,30.9,88.5,GOOD,30,102.3,,ONLINE,OFF
TEL-13947,2025-03-06 07:00:00,EQX1032,38.5816,-121.4944,0.0,1528.1,1528.1,663.1,20530.3,2.4,30.9,88.4,GOOD,11,243.9,,ONLINE,OFF
TEL-13948,2025-03-06 08:00:00,EQX1032,38.584608,-121.499044,30.7,1528.6,1528.6,663.2,20534.8,108.7,29.6,88.3,GOOD,18,27.3,,ONLINE,ON
TEL-13949,2025-03-06 09:00:00,EQX1032,38.580053,-121.499187,12.5,1529.1,1529.1,663.3,20542.7,189.8,27.3,88.2,GOOD,22,93.0,,ONLINE,ON
TEL-13950,2025-03-06 10:00:00,EQX1032,38.582765,-121.490655,33.8,1529.6,1529.6,663.4,20550.5,185.5,25.1,88.1,GOOD,27,226.9,,ONLINE,ON
TEL-13951,2025-03-06 11:00:00,EQX1032,38.580523,-121.491425,15.7,1530.1,1530.1,663.5,20558.3,187.2,22.9,88.0,GOOD,20,39.4,,ONLINE,ON
TEL-13952,2025-03-06 12:00:00,EQX1032,38.580906,-121.49195,13.3,1530.6,1530.6,663.6,20563.2,119.5,21.5,87.9,GOOD,21,200.9,,ONLINE,ON
TEL-13953,2025-03-06 13:00:00,EQX1032,38.580926,-121.496241,21.1,1531.1,1531.1,663.7,20568.7,131.0,19.9,87.8,WARNING,14,130.7,P0017,ONLINE,ON
TEL-13954,2025-03-06 14:00:00,EQX1032,38.579744,-121.493776,7.2,1531.6,1531.6,663.8,20572.9,100.1,18.7,87.7,GOOD,21,195.6,,ONLINE,ON
TEL-13955,2025-03-06 15:00:00,EQX1032,38.578498,-121.497242,22.9,1532.1,1532.1,663.9,20578.7,140.2,17.1,87.6,GOOD,29,151.6,,ONLINE,ON
TEL-13956,2025-03-06 16:00:00,EQX1032,38.577386,-121.496555,27.4,1532.6,1532.6,664.0,20585.1,152.9,15.2,87.5,GOOD,27,15.0,,ONLINE,ON
TEL-13957,2025-03-06 17:00:00,EQX1032,38.581844,-121.493827,11.5,1533.1,1533.1,664.1,20589.7,110.4,13.9,87.4,GOOD,8,239.8,,ONLINE,ON
TEL-13958,2025-03-06 18:00:00,EQX1032,38.5816,-121.4944,0.0,1533.1,1533.1,664.1,20589.8,2.4,13.9,87.3,GOOD,7,166.5,,ONLINE,OFF
TEL-13959,2025-03-06 19:00:00,EQX1032,38.5816,-121.4944,0.0,1533.1,1533.1,664.1,20589.9,2.4,13.9,87.2,GOOD,17,220.2,,ONLINE,OFF
TEL-13960,2025-03-06 20:00:00,EQX1032,38.5816,-121.4944,0.0,1533.1,1533.1,664.1,20590.0,2.4,13.8,87.1,GOOD,13,279.3,,ONLINE,OFF
TEL-13961,2025-03-06 21:00:00,EQX1032,38.5816,-121.4944,0.0,1533.1,1533.1,664.1,20590.1,2.4,13.8,87.0,GOOD,18,114.5,,ONLINE,OFF
TEL-13962,2025-03-06 22:00:00,EQX1032,38.5816,-121.4944,0.0,1533.1,1533.1,664.1,20590.2,2.4,13.8,86.9,GOOD,5,114.1,,ONLINE,OFF
TEL-13963,2025-03-06 23:00:00,EQX1032,38.5816,-121.4944,0.0,1533.1,1533.1,664.1,20590.3,2.4,13.7,86.8,WARNING,30,46.8,P0300,ONLINE,OFF
TEL-13964,2025-03-07 00:00:00,EQX1032,38.5816,-121.4944,0.0,1533.1,1533.1,664.1,20590.4,2.4,13.7,86.7,GOOD,17,33.7,,ONLINE,OFF
TEL-13965,2025-03-07 01:00:00,EQX1032,38.5816,-121.4944,0.0,1533.1,1533.1,664.1,20590.5,2.4,13.7,86.6,GOOD,20,57.9,,ONLINE,OFF
TEL-13966,2025-03-07 02:00:00,EQX1032,38.5816,-121.4944,0.0,1533.1,1533.1,664.1,20590.6,2.4,13.7,86.5,CRITICAL,7,218.1,P0420,ONLINE,OFF
TEL-13967,2025-03-07 03:00:00,EQX1032,38.5816,-121.4944,0.0,1533.1,1533.1,664.1,20590.7,2.4,13.6,86.4,WARNING,7,14.9,P0420,ONLINE,OFF
TEL-13968,2025-03-07 04:00:00,EQX1032,38.5816,-121.4944,0.0,1533.1,1533.1,664.1,20590.8,2.4,13.6,86.3,GOOD,24,179.5,,ONLINE,OFF
TEL-13969,2025-03-07 05:00:00,EQX1032,38.5816,-121.4944,0.0,1533.1,1533.1,664.1,20590.9,2.4,13.6,86.2,GOOD,8,104.0,,ONLINE,OFF
TEL-13970,2025-03-07 06:00:00,EQX1032,38.5816,-121.4944,0.0,1533.1,1533.1,664.1,20591.0,2.4,13.5,86.1,GOOD,28,23.8,,ONLINE,OFF
TEL-13971,2025-03-07 07:00:00,EQX1032,38.5816,-121.4944,0.0,1533.1,1533.1,664.1,20591.1,2.4,13.5,86.0,GOOD,13,113.7,,ONLINE,OFF
TEL-13972,2025-03-07 08:00:00,EQX1032,38.585284,-121.496024,20.5,1533.6,1533.6,664.2,20596.7,136.1,11.9,85.9,GOOD,13,91.3,,ONLINE,ON
TEL-13973,2025-03-07 09:00:00,EQX1032,38.580254,-121.495378,17.9,1534.1,1534.1,664.3,20602.1,129.6,10.4,85.8,GOOD,24,26.8,,ONLINE,ON
TEL-13974,2025-03-07 10:00:00,EQX1032,38.582486,-121.497935,6.5,1534.6,1534.6,664.4,20608.6,156.0,95.0,85.7,GOOD,16,250.5,,ONLINE,ON
TEL-13975,2025-03-07 11:00:00,EQX1032,38.579002,-121.494703,15.4,1535.1,1535.1,664.5,20614.0,127.9,93.5,85.6,GOOD,0,203.1,,ONLINE,ON
TEL-13976,2025-03-07 12:00:00,EQX1032,38.577683,-121.491572,8.0,1535.6,1535.6,664.6,20620.0,143.5,91.8,85.5,GOOD,9,164.3,,ONLINE,ON
TEL-13977,2025-03-07 13:00:00,EQX1032,38.579226,-121.498824,25.2,1536.1,1536.1,664.7,20624.0,97.2,90.6,85.4,GOOD,9,101.1,,ONLINE,ON
TEL-13978,2025-03-07 14:00:00,EQX1032,38.582499,-121.499086,5.7,1536.6,1536.6,664.8,20628.2,101.5,89.4,85.3,GOOD,21,169.1,,ONLINE,ON
TEL-13979,2025-03-07 15:00:00,EQX1032,38.58156,-121.493089,32.6,1537.1,1537.1,664.9,20635.6,176.9,87.3,85.2,GOOD,4,93.0,,ONLINE,ON
TEL-13980,2025-03-07 16:00:00,EQX1032,38.584536,-121.496579,7.9,1537.6,1537.6,665.0,20640.5,116.6,85.9,85.1,GOOD,1,8.2,,ONLINE,ON
TEL-13981,2025-03-07 17:00:00,EQX1032,38.582751,-121.493215,22.4,1538.1,1538.1,665.1,20645.6,123.8,84.4,85.0,CRITICAL,22,83.4,P0562,ONLINE,ON
TEL-13982,2025-03-07 18:00:00,EQX1032,38.5816,-121.4944,0.0,1538.1,1538.1,665.1,20645.7,2.4,84.4,84.9,GOOD,13,94.2,,ONLINE,OFF
TEL-13983,2025-03-07 19:00:00,EQX1032,38.5816,-121.4944,0.0,1538.1,1538.1,665.1,20645.8,2.4,84.4,84.8,GOOD,19,149.0,,ONLINE,OFF
TEL-13984,2025-03-07 20:00:00,EQX1032,38.5816,-121.4944,0.0,1538.1,1538.1,665.1,20645.9,2.4,84.3,84.7,GOOD,12,47.0,,ONLINE,OFF
TEL-13985,2025-03-07 21:00:00,EQX1032,38.5816,-121.4944,0.0,1538.1,1538.1,665.1,20646.0,2.4,84.3,84.6,GOOD,12,16.7,,ONLINE,OFF
TEL-13986,2025-03-07 22:00:00,EQX1032,38.5816,-121.4944,0.0,1538.1,1538.1,665.1,20646.1,2.4,84.3,84.5,GOOD,28,286.2,,ONLINE,OFF
TEL-13987,2025-03-07 23:00:00,EQX1032,38.5816,-121.4944,0.0,1538.1,1538.1,665.1,20646.2,2.4,84.3,84.4,GOOD,27,254.4,,ONLINE,OFF
TEL-13988,2025-03-08 00:00:00,EQX1032,38.5816,-121.4944,0.0,1538.1,1538.1,665.1,20646.3,2.4,84.2,84.3,GOOD,11,155.6,,ONLINE,OFF
TEL-13989,2025-03-08 01:00:00,EQX1032,38.5816,-121.4944,0.0,1538.1,1538.1,665.1,20646.4,2.4,84.2,84.2,GOOD,16,255.3,,ONLINE,OFF
TEL-13990,2025-03-08 02:00:00,EQX1032,38.5816,-121.4944,0.0,1538.1,1538.1,665.1,20646.5,2.4,84.2,84.1,GOOD,0,101.0,,ONLINE,OFF
TEL-13991,2025-03-08 03:00:00,EQX1032,38.5816,-121.4944,0.0,1538.1,1538.1,665.1,20646.6,2.4,84.1,84.0,GOOD,25,34.4,,ONLINE,OFF
TEL-13992,2025-03-08 04:00:00,EQX1032,38.5816,-121.4944,0.0,1538.1,1538.1,665.1,20646.7,2.4,84.1,83.9,GOOD,17,88.2,,ONLINE,OFF
TEL-13993,2025-03-08 05:00:00,EQX1032,38.5816,-121.4944,0.0,1538.1,1538.1,665.1,20646.8,2.4,84.1,83.8,GOOD,17,114.5,,ONLINE,OFF
TEL-13994,2025-03-08 06:00:00,EQX1032,38.5816,-121.4944,0.0,1538.1,1538.1,665.1,20646.9,2.4,84.1,83.7,GOOD,12,183.4,,ONLINE,OFF
TEL-13995,2025-03-08 07:00:00,EQX1032,38.5816,-121.4944,0.0,1538.1,1538.1,665.1,20647.0,2.4,84.0,83.6,GOOD,9,90.8,,ONLINE,OFF
TEL-13996,2025-03-08 08:00:00,EQX1032,38.579195,-121.493847,9.7,1538.6,1538.6,665.2,20651.6,109.9,82.7,83.5,GOOD,12,57.4,,ONLINE,ON
TEL-13997,2025-03-08 09:00:00,EQX1032,38.577368,-121.49573,7.1,1539.1,1539.1,665.3,20659.1,179.3,80.6,83.4,GOOD,26,261.4,,ONLINE,ON
TEL-13998,2025-03-08 10:00:00,EQX1032,38.58339,-121.493087,32.4,1539.6,1539.6,665.4,20663.2,99.1,79.4,83.3,GOOD,25,36.5,,ONLINE,ON
TEL-13999,2025-03-08 11:00:00,EQX1032,38.580432,-121.499155,27.9,1540.1,1540.1,665.5,20669.9,160.3,77.5,83.2,GOOD,2,262.0,,ONLINE,ON
TEL-14000,2025-03-08 12:00:00,EQX1032,38.584746,-121.491358,22.0,1540.6,1540.6,665.6,20676.9,167.5,75.5,83.1,GOOD,27,284.4,,ONLINE,ON
TEL-14001,2025-02-07 08:00:00,EQX1033,36.743914,-119.776966,19.6,3361.0,3361.0,1354.3,38413.5,149.8,83.2,72.1,WARNING,2,84.3,P0217,ONLINE,ON
TEL-14002,2025-02-07 09:00:00,EQX1033,36.751239,-119.767606,10.9,3361.5,3361.5,1354.4,38417.8,102.7,82.0,72.0,GOOD,0,284.6,,ONLINE,ON
TEL-14003,2025-02-07 10:00:00,EQX1033,36.743366,-119.771238,15.3,3362.0,3362.0,1354.5,38422.2,104.2,80.8,71.9,GOOD,0,92.9,,ONLINE,ON
TEL-14004,2025-02-07 11:00:00,EQX1033,36.747525,-119.774851,18.5,3362.5,3362.5,1354.6,38428.2,144.2,79.0,71.8,WARNING,14,30.0,P0300,ONLINE,ON
TEL-14005,2025-02-07 12:00:00,EQX1033,36.742492,-119.775621,24.8,3363.0,3363.0,1354.7,38434.2,144.2,77.3,71.7,GOOD,24,273.1,,ONLINE,ON
TEL-14006,2025-02-07 13:00:00,EQX1033,36.743325,-119.774319,13.2,3363.5,3363.5,1354.8,38440.1,141.6,75.6,71.6,GOOD,25,16.4,,ONLINE,ON
TEL-14007,2025-02-07 14:00:00,EQX1033,36.751731,-119.773103,26.8,3364.0,3364.0,1354.9,38444.2,98.6,74.5,71.5,GOOD,19,276.3,,ONLINE,ON
TEL-14008,2025-02-07 15:00:00,EQX1033,36.744269,-119.776535,20.8,3364.5,3364.5,1355.0,38448.2,96.2,73.3,71.4,GOOD,19,86.7,,ONLINE,ON
TEL-14009,2025-02-07 16:00:00,EQX1033,36.742508,-119.769265,10.6,3365.0,3365.0,1355.1,38454.7,156.5,71.5,71.3,WARNING,13,227.7,P0087,ONLINE,ON
TEL-14010,2025-02-07 17:00:00,EQX1033,36.748259,-119.777145,18.5,3365.5,3365.5,1355.2,38459.7,118.3,70.0,71.2,GOOD,7,26.3,,ONLINE,ON
TEL-14011,2025-02-07 18:00:00,EQX1033,36.7468,-119.7726,0.0,3365.5,3365.5,1355.2,38459.8,2.4,70.0,71.1,GOOD,19,121.8,,ONLINE,OFF
TEL-14012,2025-02-07 19:00:00,EQX1033,36.7468,-119.7726,0.0,3365.5,3365.5,1355.2,38459.8,2.4,70.0,71.0,GOOD,10,67.8,,ONLINE,OFF
TEL-14013,2025-02-07 20:00:00,EQX1033,36.7468,-119.7726,0.0,3365.5,3365.5,1355.2,38459.9,2.4,70.0,70.9,GOOD,8,132.2,,ONLINE,OFF
TEL-14014,2025-02-07 21:00:00,EQX1033,36.7468,-119.7726,0.0,3365.5,3365.5,1355.2,38460.0,2.4,69.9,70.8,GOOD,28,168.4,,ONLINE,OFF
TEL-14015,2025-02-07 22:00:00,EQX1033,36.7468,-119.7726,0.0,3365.5,3365.5,1355.2,38460.1,2.4,69.9,70.7,GOOD,18,81.5,,ONLINE,OFF
TEL-14016,2025-02-07 23:00:00,EQX1033,36.7468,-119.7726,0.0,3365.5,3365.5,1355.2,38460.2,2.4,69.9,70.6,CRITICAL,7,121.6,P0562,ONLINE,OFF
TEL-14017,2025-02-08 00:00:00,EQX1033,36.7468,-119.7726,0.0,3365.5,3365.5,1355.2,38460.3,2.4,69.8,70.5,GOOD,14,239.4,,ONLINE,OFF
TEL-14018,2025-02-08 01:00:00,EQX1033,36.7468,-119.7726,0.0,3365.5,3365.5,1355.2,38460.4,2.4,69.8,70.4,GOOD,30,229.6,,OFFLINE,OFF
TEL-14019,2025-02-08 02:00:00,EQX1033,36.7468,-119.7726,0.0,3365.5,3365.5,1355.2,38460.5,2.4,69.8,70.3,GOOD,9,178.7,,ONLINE,OFF
TEL-14020,2025-02-08 03:00:00,EQX1033,36.7468,-119.7726,0.0,3365.5,3365.5,1355.2,38460.6,2.4,69.8,70.2,GOOD,14,158.3,,ONLINE,OFF
TEL-14021,2025-02-08 04:00:00,EQX1033,36.7468,-119.7726,0.0,3365.5,3365.5,1355.2,38460.7,2.4,69.7,70.1,GOOD,18,211.0,,ONLINE,OFF
TEL-14022,2025-02-08 05:00:00,EQX1033,36.7468,-119.7726,0.0,3365.5,3365.5,1355.2,38460.8,2.4,69.7,70.0,GOOD,19,7.1,,ONLINE,OFF
TEL-14023,2025-02-08 06:00:00,EQX1033,36.7468,-119.7726,0.0,3365.5,3365.5,1355.2,38460.9,2.4,69.7,69.9,GOOD,30,291.5,,ONLINE,OFF
TEL-14024,2025-02-08 07:00:00,EQX1033,36.7468,-119.7726,0.0,3365.5,3365.5,1355.2,38461.0,2.4,69.6,69.8,GOOD,8,68.2,,ONLINE,OFF
TEL-14025,2025-02-08 08:00:00,EQX1033,36.747446,-119.773528,12.0,3366.0,3366.0,1355.3,38467.7,159.6,67.7,69.7,GOOD,30,48.5,,ONLINE,ON
TEL-14026,2025-02-08 09:00:00,EQX1033,36.742065,-119.775489,22.0,3366.5,3366.5,1355.4,38472.1,106.6,66.5,69.6,GOOD,0,262.9,,ONLINE,ON
TEL-14027,2025-02-08 10:00:00,EQX1033,36.747657,-119.775799,27.7,3367.0,3367.0,1355.5,38477.4,125.8,65.0,69.5,GOOD,6,215.8,,ONLINE,ON
TEL-14028,2025-02-08 11:00:00,EQX1033,36.748276,-119.773036,26.5,3367.5,3367.5,1355.6,38485.2,187.9,62.7,69.4,GOOD,30,170.4,,ONLINE,ON
TEL-14029,2025-02-08 12:00:00,EQX1033,36.74453,-119.772647,14.1,3368.0,3368.0,1355.7,38490.9,137.0,61.1,69.3,GOOD,6,237.8,,ONLINE,ON
TEL-14030,2025-02-08 13:00:00,EQX1033,36.745561,-119.774304,29.4,3368.5,3368.5,1355.8,38498.2,175.0,59.0,69.2,GOOD,4,259.7,,ONLINE,ON
TEL-14031,2025-02-08 14:00:00,EQX1033,36.742725,-119.770587,24.8,3369.0,3369.0,1355.9,38503.8,133.2,57.4,69.1,GOOD,8,173.0,,ONLINE,ON
TEL-14032,2025-02-08 15:00:00,EQX1033,36.74789,-119.773197,28.7,3369.5,3369.5,1356.0,38511.3,181.9,55.3,69.0,WARNING,11,109.2,P0017,ONLINE,ON
TEL-14033,2025-02-08 16:00:00,EQX1033,36.744994,-119.771525,24.2,3370.0,3370.0,1356.1,38517.2,141.8,53.6,68.9,GOOD,12,40.9,,ONLINE,ON
TEL-14034,2025-02-08 17:00:00,EQX1033,36.747924,-119.768255,5.7,3370.5,3370.5,1356.2,38524.0,163.0,51.6,68.8,GOOD,9,120.2,,ONLINE,ON
TEL-14035,2025-02-08 18:00:00,EQX1033,36.7468,-119.7726,0.0,3370.5,3370.5,1356.2,38524.1,2.4,51.6,68.7,GOOD,0,30.5,,ONLINE,OFF
TEL-14036,2025-02-08 19:00:00,EQX1033,36.7468,-119.7726,0.0,3370.5,3370.5,1356.2,38524.2,2.4,51.6,68.6,GOOD,11,145.8,,ONLINE,OFF
TEL-14037,2025-02-08 20:00:00,EQX1033,36.7468,-119.7726,0.0,3370.5,3370.5,1356.2,38524.3,2.4,51.6,68.5,GOOD,8,198.4,,ONLINE,OFF
TEL-14038,2025-02-08 21:00:00,EQX1033,36.7468,-119.7726,0.0,3370.5,3370.5,1356.2,38524.4,2.4,51.5,68.4,GOOD,17,295.7,,ONLINE,OFF
TEL-14039,2025-02-08 22:00:00,EQX1033,36.7468,-119.7726,0.0,3370.5,3370.5,1356.2,38524.5,2.4,51.5,68.3,GOOD,11,96.6,,ONLINE,OFF
TEL-14040,2025-02-08 23:00:00,EQX1033,36.7468,-119.7726,0.0,3370.5,3370.5,1356.2,38524.6,2.4,51.5,68.2,GOOD,0,186.3,,ONLINE,OFF
TEL-14041,2025-02-09 00:00:00,EQX1033,36.7468,-119.7726,0.0,3370.5,3370.5,1356.2,38524.7,2.4,51.4,68.1,CRITICAL,2,235.1,P0562,ONLINE,OFF
TEL-14042,2025-02-09 01:00:00,EQX1033,36.7468,-119.7726,0.0,3370.5,3370.5,1356.2,38524.8,2.4,51.4,68.0,GOOD,1,24.9,,ONLINE,OFF
TEL-14043,2025-02-09 02:00:00,EQX1033,36.7468,-119.7726,0.0,3370.5,3370.5,1356.2,38524.9,2.4,51.4,67.9,GOOD,18,137.9,,ONLINE,OFF
TEL-14044,2025-02-09 03:00:00,EQX1033,36.7468,-119.7726,0.0,3370.5,3370.5,1356.2,38525.0,2.4,51.4,67.8,GOOD,23,187.0,,ONLINE,OFF
TEL-14045,2025-02-09 04:00:00,EQX1033,36.7468,-119.7726,0.0,3370.5,3370.5,1356.2,38525.1,2.4,51.3,67.7,GOOD,7,0.4,,ONLINE,OFF
TEL-14046,2025-02-09 05:00:00,EQX1033,36.7468,-119.7726,0.0,3370.5,3370.5,1356.2,38525.2,2.4,51.3,67.6,GOOD,24,58.0,,ONLINE,OFF
TEL-14047,2025-02-09 06:00:00,EQX1033,36.7468,-119.7726,0.0,3370.5,3370.5,1356.2,38525.3,2.4,51.3,67.5,GOOD,18,187.3,,ONLINE,OFF
TEL-14048,2025-02-09 07:00:00,EQX1033,36.7468,-119.7726,0.0,3370.5,3370.5,1356.2,38525.4,2.4,51.2,67.4,GOOD,22,246.0,,ONLINE,OFF
TEL-14049,2025-02-09 08:00:00,EQX1033,36.751122,-119.776864,30.6,3371.0,3371.0,1356.3,38531.3,141.8,49.6,67.3,GOOD,3,148.1,,ONLINE,ON
TEL-14050,2025-02-09 09:00:00,EQX1033,36.74425,-119.767681,31.7,3371.5,3371.5,1356.4,38539.3,190.1,47.3,67.2,GOOD,10,217.4,,ONLINE,ON
TEL-14051,2025-02-09 10:00:00,EQX1033,36.749521,-119.772297,7.1,3372.0,3372.0,1356.5,38543.8,109.2,46.0,67.1,GOOD,13,64.0,,ONLINE,ON
TEL-14052,2025-02-09 11:00:00,EQX1033,36.744674,-119.772793,7.4,3372.5,3372.5,1356.6,38550.7,165.8,44.0,67.0,GOOD,22,67.0,,ONLINE,ON
TEL-14053,2025-02-09 12:00:00,EQX1033,36.742964,-119.771322,5.9,3373.0,3373.0,1356.7,38555.5,114.2,42.7,66.9,GOOD,6,95.1,,ONLINE,ON
TEL-14054,2025-02-09 13:00:00,EQX1033,36.746424,-119.774861,23.8,3373.5,3373.5,1356.8,38561.8,152.6,40.8,66.8,GOOD,25,173.2,,ONLINE,ON
TEL-14055,2025-02-09 14:00:00,EQX1033,36.743597,-119.774167,7.0,3374.0,3374.0,1356.9,38568.1,151.0,39.0,66.7,GOOD,28,266.1,,ONLINE,ON
TEL-14056,2025-02-09 15:00:00,EQX1033,36.743548,-119.768719,29.2,3374.5,3374.5,1357.0,38575.4,173.3,37.0,66.6,GOOD,19,253.7,,ONLINE,ON
TEL-14057,2025-02-09 16:00:00,EQX1033,36.743665,-119.77575,22.0,3375.0,3375.0,1357.1,38582.7,177.1,34.9,66.5,GOOD,8,90.4,,ONLINE,ON
TEL-14058,2025-02-09 17:00:00,EQX1033,36.751018,-119.771302,20.6,3375.5,3375.5,1357.2,38589.8,169.0,32.9,66.4,GOOD,13,152.2,,ONLINE,ON
TEL-14059,2025-02-09 18:00:00,EQX1033,36.7468,-119.7726,0.0,3375.5,3375.5,1357.2,38589.9,2.4,32.8,66.3,GOOD,25,291.3,,ONLINE,OFF
TEL-14060,2025-02-09 19:00:00,EQX1033,36.7468,-119.7726,0.0,3375.5,3375.5,1357.2,38590.0,2.4,32.8,66.2,GOOD,22,155.9,,ONLINE,OFF
TEL-14061,2025-02-09 20:00:00,EQX1033,36.7468,-119.7726,0.0,3375.5,3375.5,1357.2,38590.1,2.4,32.8,66.1,GOOD,10,95.2,,ONLINE,OFF
TEL-14062,2025-02-09 21:00:00,EQX1033,36.7468,-119.7726,0.0,3375.5,3375.5,1357.2,38590.2,2.4,32.7,66.0,GOOD,1,231.3,,ONLINE,OFF
TEL-14063,2025-02-09 22:00:00,EQX1033,36.7468,-119.7726,0.0,3375.5,3375.5,1357.2,38590.3,2.4,32.7,65.9,GOOD,15,159.2,,ONLINE,OFF
TEL-14064,2025-02-09 23:00:00,EQX1033,36.7468,-119.7726,0.0,3375.5,3375.5,1357.2,38590.4,2.4,32.7,65.8,GOOD,18,29.4,,ONLINE,OFF
TEL-14065,2025-02-10 00:00:00,EQX1033,36.7468,-119.7726,0.0,3375.5,3375.5,1357.2,38590.5,2.4,32.7,65.7,GOOD,12,286.1,,ONLINE,OFF
TEL-14066,2025-02-10 01:00:00,EQX1033,36.7468,-119.7726,0.0,3375.5,3375.5,1357.2,38590.6,2.4,32.6,65.6,GOOD,23,290.0,,ONLINE,OFF
TEL-14067,2025-02-10 02:00:00,EQX1033,36.7468,-119.7726,0.0,3375.5,3375.5,1357.2,38590.7,2.4,32.6,65.5,WARNING,6,97.2,P0087,ONLINE,OFF
TEL-14068,2025-02-10 03:00:00,EQX1033,36.7468,-119.7726,0.0,3375.5,3375.5,1357.2,38590.8,2.4,32.6,65.4,CRITICAL,10,103.4,P0420,ONLINE,OFF
TEL-14069,2025-02-10 04:00:00,EQX1033,36.7468,-119.7726,0.0,3375.5,3375.5,1357.2,38590.9,2.4,32.5,65.3,GOOD,24,68.2,,ONLINE,OFF
TEL-14070,2025-02-10 05:00:00,EQX1033,36.7468,-119.7726,0.0,3375.5,3375.5,1357.2,38591.0,2.4,32.5,65.2,GOOD,19,249.2,,ONLINE,OFF
TEL-14071,2025-02-10 06:00:00,EQX1033,36.7468,-119.7726,0.0,3375.5,3375.5,1357.2,38591.1,2.4,32.5,65.1,GOOD,11,20.2,,ONLINE,OFF
TEL-14072,2025-02-10 07:00:00,EQX1033,36.7468,-119.7726,0.0,3375.5,3375.5,1357.2,38591.2,2.4,32.5,65.0,GOOD,14,80.8,,ONLINE,OFF
TEL-14073,2025-02-10 08:00:00,EQX1033,36.751676,-119.767968,7.6,3376.0,3376.0,1357.3,38595.4,102.2,31.2,64.9,GOOD,16,127.7,,ONLINE,ON
TEL-14074,2025-02-10 09:00:00,EQX1033,36.750428,-119.776559,33.8,3376.5,3376.5,1357.4,38601.0,133.7,29.7,64.8,GOOD,9,219.1,,ONLINE,ON
TEL-14075,2025-02-10 10:00:00,EQX1033,36.74723,-119.773985,9.8,3377.0,3377.0,1357.5,38605.8,115.9,28.3,64.7,GOOD,30,152.4,,ONLINE,ON
TEL-14076,2025-02-10 11:00:00,EQX1033,36.751742,-119.772014,9.4,3377.5,3377.5,1357.6,38613.7,188.6,26.0,64.6,GOOD,29,251.6,,ONLINE,ON
TEL-14077,2025-02-10 12:00:00,EQX1033,36.74863,-119.772383,10.1,3378.0,3378.0,1357.7,38618.1,106.6,24.8,64.5,GOOD,14,68.9,,ONLINE,ON
TEL-14078,2025-02-10 13:00:00,EQX1033,36.747248,-119.776107,17.8,3378.5,3378.5,1357.8,38623.5,129.8,23.2,64.4,WARNING,0,19.2,P0087,ONLINE,ON
TEL-14079,2025-02-10 14:00:00,EQX1033,36.747248,-119.775066,18.5,3379.0,3379.0,1357.9,38627.6,98.2,22.0,64.3,GOOD,22,48.0,,ONLINE,ON
TEL-14080,2025-02-10 15:00:00,EQX1033,36.748092,-119.774338,23.4,3379.5,3379.5,1358.0,38633.4,137.3,20.4,64.2,GOOD,10,106.0,,ONLINE,ON
TEL-14081,2025-02-10 16:00:00,EQX1033,36.745434,-119.776792,7.7,3380.0,3380.0,1358.1,38640.2,164.2,18.5,64.1,GOOD,22,161.3,,OFFLINE,ON
TEL-14082,2025-02-10 17:00:00,EQX1033,36.743529,-119.770699,12.7,3380.5,3380.5,1358.2,38644.7,108.5,17.2,64.0,WARNING,0,298.8,P0300,ONLINE,ON
TEL-14083,2025-02-10 18:00:00,EQX1033,36.7468,-119.7726,0.0,3380.5,3380.5,1358.2,38644.8,2.4,17.1,63.9,GOOD,23,196.3,,ONLINE,OFF
TEL-14084,2025-02-10 19:00:00,EQX1033,36.7468,-119.7726,0.0,3380.5,3380.5,1358.2,38644.9,2.4,17.1,63.8,GOOD,8,204.8,,ONLINE,OFF
TEL-14085,2025-02-10 20:00:00,EQX1033,36.7468,-119.7726,0.0,3380.5,3380.5,1358.2,38645.0,2.4,17.1,63.7,GOOD,14,99.3,,ONLINE,OFF
TEL-14086,2025-02-10 21:00:00,EQX1033,36.7468,-119.7726,0.0,3380.5,3380.5,1358.2,38645.1,2.4,17.1,63.6,GOOD,18,42.5,,ONLINE,OFF
TEL-14087,2025-02-10 22:00:00,EQX1033,36.7468,-119.7726,0.0,3380.5,3380.5,1358.2,38645.2,2.4,17.0,63.5,WARNING,3,261.4,P0420,ONLINE,OFF
TEL-14088,2025-02-10 23:00:00,EQX1033,36.7468,-119.7726,0.0,3380.5,3380.5,1358.2,38645.3,2.4,17.0,63.4,GOOD,28,235.4,,ONLINE,OFF
TEL-14089,2025-02-11 00:00:00,EQX1033,36.7468,-119.7726,0.0,3380.5,3380.5,1358.2,38645.4,2.4,17.0,63.3,GOOD,21,91.7,,ONLINE,OFF
TEL-14090,2025-02-11 01:00:00,EQX1033,36.7468,-119.7726,0.0,3380.5,3380.5,1358.2,38645.5,2.4,16.9,63.2,GOOD,8,273.0,,ONLINE,OFF
TEL-14091,2025-02-11 02:00:00,EQX1033,36.7468,-119.7726,0.0,3380.5,3380.5,1358.2,38645.6,2.4,16.9,63.1,WARNING,13,117.3,P0017,ONLINE,OFF
TEL-14092,2025-02-11 03:00:00,EQX1033,36.7468,-119.7726,0.0,3380.5,3380.5,1358.2,38645.7,2.4,16.9,63.0,WARNING,17,86.2,P0562,ONLINE,OFF
TEL-14093,2025-02-11 04:00:00,EQX1033,36.7468,-119.7726,0.0,3380.5,3380.5,1358.2,38645.8,2.4,16.9,62.9,GOOD,10,218.7,,ONLINE,OFF
TEL-14094,2025-02-11 05:00:00,EQX1033,36.7468,-119.7726,0.0,3380.5,3380.5,1358.2,38645.9,2.4,16.8,62.8,GOOD,30,123.9,,ONLINE,OFF
TEL-14095,2025-02-11 06:00:00,EQX1033,36.7468,-119.7726,0.0,3380.5,3380.5,1358.2,38646.0,2.4,16.8,62.7,GOOD,9,28.8,,ONLINE,OFF
TEL-14096,2025-02-11 07:00:00,EQX1033,36.7468,-119.7726,0.0,3380.5,3380.5,1358.2,38646.1,2.4,16.8,62.6,CRITICAL,30,241.8,P0420,ONLINE,OFF
TEL-14097,2025-02-11 08:00:00,EQX1033,36.749108,-119.769872,23.5,3381.0,3381.0,1358.3,38654.0,189.8,14.5,62.5,GOOD,22,99.4,,ONLINE,ON
TEL-14098,2025-02-11 09:00:00,EQX1033,36.748407,-119.767804,9.8,3381.5,3381.5,1358.4,38659.0,119.5,13.1,62.4,GOOD,26,164.5,,ONLINE,ON
TEL-14099,2025-02-11 10:00:00,EQX1033,36.74415,-119.768388,34.5,3382.0,3382.0,1358.5,38665.6,158.2,11.2,62.3,GOOD,27,213.9,,ONLINE,ON
TEL-14100,2025-02-11 11:00:00,EQX1033,36.749262,-119.770836,19.9,3382.5,3382.5,1358.6,38671.2,134.9,95.0,62.2,GOOD,3,26.1,,ONLINE,ON
TEL-14101,2025-02-11 12:00:00,EQX1033,36.744993,-119.770742,32.4,3383.0,3383.0,1358.7,38678.3,170.6,93.0,62.1,GOOD,22,163.0,,ONLINE,ON
TEL-14102,2025-02-11 13:00:00,EQX1033,36.751632,-119.774836,21.1,3383.5,3383.5,1358.8,38683.9,134.6,91.4,62.0,GOOD,0,76.4,,ONLINE,ON
TEL-14103,2025-02-11 14:00:00,EQX1033,36.749775,-119.77753,33.9,3384.0,3384.0,1358.9,38691.1,173.0,89.3,61.9,GOOD,26,163.1,,ONLINE,ON
TEL-14104,2025-02-11 15:00:00,EQX1033,36.750068,-119.776288,7.0,3384.5,3384.5,1359.0,38698.7,181.4,87.1,61.8,GOOD,11,287.2,,ONLINE,ON
TEL-14105,2025-02-11 16:00:00,EQX1033,36.749108,-119.771637,14.9,3385.0,3385.0,1359.1,38705.5,162.5,85.2,61.7,GOOD,25,105.8,,ONLINE,ON
TEL-14106,2025-02-11 17:00:00,EQX1033,36.747873,-119.769074,17.2,3385.5,3385.5,1359.2,38710.8,126.7,83.7,61.6,GOOD,14,296.8,,ONLINE,ON
TEL-14107,2025-02-11 18:00:00,EQX1033,36.7468,-119.7726,0.0,3385.5,3385.5,1359.2,38710.9,2.4,83.7,61.5,GOOD,24,99.4,,ONLINE,OFF
TEL-14108,2025-02-11 19:00:00,EQX1033,36.7468,-119.7726,0.0,3385.5,3385.5,1359.2,38711.0,2.4,83.6,61.4,GOOD,10,230.1,,ONLINE,OFF
TEL-14109,2025-02-11 20:00:00,EQX1033,36.7468,-119.7726,0.0,3385.5,3385.5,1359.2,38711.1,2.4,83.6,61.3,GOOD,17,171.0,,ONLINE,OFF
TEL-14110,2025-02-11 21:00:00,EQX1033,36.7468,-119.7726,0.0,3385.5,3385.5,1359.2,38711.2,2.4,83.6,61.2,GOOD,14,273.5,,ONLINE,OFF
TEL-14111,2025-02-11 22:00:00,EQX1033,36.7468,-119.7726,0.0,3385.5,3385.5,1359.2,38711.3,2.4,83.6,61.1,GOOD,21,278.5,,ONLINE,OFF
TEL-14112,2025-02-11 23:00:00,EQX1033,36.7468,-119.7726,0.0,3385.5,3385.5,1359.2,38711.4,2.4,83.5,61.0,GOOD,12,212.8,,ONLINE,OFF
TEL-14113,2025-02-12 00:00:00,EQX1033,36.7468,-119.7726,0.0,3385.5,3385.5,1359.2,38711.5,2.4,83.5,60.9,CRITICAL,6,81.7,P0420,ONLINE,OFF
TEL-14114,2025-02-12 01:00:00,EQX1033,36.7468,-119.7726,0.0,3385.5,3385.5,1359.2,38711.6,2.4,83.5,60.8,GOOD,16,190.7,,ONLINE,OFF
TEL-14115,2025-02-12 02:00:00,EQX1033,36.7468,-119.7726,0.0,3385.5,3385.5,1359.2,38711.7,2.4,83.4,60.7,GOOD,0,206.1,,ONLINE,OFF
TEL-14116,2025-02-12 03:00:00,EQX1033,36.7468,-119.7726,0.0,3385.5,3385.5,1359.2,38711.8,2.4,83.4,60.6,GOOD,23,35.0,,ONLINE,OFF
TEL-14117,2025-02-12 04:00:00,EQX1033,36.7468,-119.7726,0.0,3385.5,3385.5,1359.2,38711.9,2.4,83.4,60.5,GOOD,20,143.7,,ONLINE,OFF
TEL-14118,2025-02-12 05:00:00,EQX1033,36.7468,-119.7726,0.0,3385.5,3385.5,1359.2,38712.0,2.4,83.4,60.4,GOOD,3,190.0,,ONLINE,OFF
TEL-14119,2025-02-12 06:00:00,EQX1033,36.7468,-119.7726,0.0,3385.5,3385.5,1359.2,38712.1,2.4,83.3,60.3,GOOD,29,234.9,,ONLINE,OFF
TEL-14120,2025-02-12 07:00:00,EQX1033,36.7468,-119.7726,0.0,3385.5,3385.5,1359.2,38712.2,2.4,83.3,60.2,GOOD,23,162.3,,ONLINE,OFF
TEL-14121,2025-02-12 08:00:00,EQX1033,36.746934,-119.770261,20.6,3386.0,3386.0,1359.3,38717.6,129.8,81.8,60.1,GOOD,19,153.6,,ONLINE,ON
TEL-14122,2025-02-12 09:00:00,EQX1033,36.744382,-119.775251,20.4,3386.5,3386.5,1359.4,38722.0,106.1,80.5,60.0,GOOD,7,15.3,,ONLINE,ON
TEL-14123,2025-02-12 10:00:00,EQX1033,36.746503,-119.772636,32.3,3387.0,3387.0,1359.5,38728.3,150.5,78.7,59.9,GOOD,19,254.9,,ONLINE,ON
TEL-14124,2025-02-12 11:00:00,EQX1033,36.744567,-119.772974,33.3,3387.5,3387.5,1359.6,38734.9,158.6,76.8,59.8,GOOD,27,240.0,,ONLINE,ON
TEL-14125,2025-02-12 12:00:00,EQX1033,36.74583,-119.768544,13.3,3388.0,3388.0,1359.7,38742.3,177.6,74.7,59.7,GOOD,12,192.1,,ONLINE,ON
TEL-14126,2024-11-07 08:00:00,EQX1034,36.74571,-119.768233,29.9,3264.5,3264.5,931.8,38186.3,191.3,82.7,90.6,GOOD,18,195.7,,ONLINE,ON
TEL-14127,2024-11-07 09:00:00,EQX1034,36.751348,-119.771232,20.5,3265.0,3265.0,931.9,38194.0,184.3,80.5,90.5,GOOD,14,243.7,,ONLINE,ON
TEL-14128,2024-11-07 10:00:00,EQX1034,36.746863,-119.774458,26.1,3265.5,3265.5,932.0,38200.2,151.0,78.7,90.4,GOOD,21,149.1,,ONLINE,ON
TEL-14129,2024-11-07 11:00:00,EQX1034,36.745584,-119.772338,17.5,3266.0,3266.0,932.1,38208.2,190.6,76.5,90.3,GOOD,9,203.2,,ONLINE,ON
TEL-14130,2024-11-07 12:00:00,EQX1034,36.751761,-119.771078,19.7,3266.5,3266.5,932.2,38216.0,187.7,74.2,90.2,GOOD,14,139.7,,ONLINE,ON
TEL-14131,2024-11-07 13:00:00,EQX1034,36.750399,-119.774437,16.6,3267.0,3267.0,932.3,38223.5,180.5,72.1,90.1,WARNING,0,147.6,P0562,ONLINE,ON
TEL-14132,2024-11-07 14:00:00,EQX1034,36.743707,-119.770445,21.0,3267.5,3267.5,932.4,38229.1,133.2,70.5,90.0,GOOD,7,271.3,,ONLINE,ON
TEL-14133,2024-11-07 15:00:00,EQX1034,36.751339,-119.77427,17.3,3268.0,3268.0,932.5,38235.4,152.4,68.7,89.9,GOOD,7,26.1,,ONLINE,ON
TEL-14134,2024-11-07 16:00:00,EQX1034,36.749812,-119.774449,35.0,3268.5,3268.5,932.6,38240.0,109.2,67.4,89.8,GOOD,22,201.3,,ONLINE,ON
TEL-14135,2024-11-07 17:00:00,EQX1034,36.743359,-119.771658,14.9,3269.0,3269.0,932.7,38244.5,107.5,66.1,89.7,GOOD,4,73.7,,ONLINE,ON
TEL-14136,2024-11-07 18:00:00,EQX1034,36.7468,-119.7726,0.0,3269.0,3269.0,932.7,38244.6,2.4,66.1,89.6,GOOD,19,98.9,,ONLINE,OFF
TEL-14137,2024-11-07 19:00:00,EQX1034,36.7468,-119.7726,0.0,3269.0,3269.0,932.7,38244.7,2.4,66.0,89.5,GOOD,11,103.4,,ONLINE,OFF
TEL-14138,2024-11-07 20:00:00,EQX1034,36.7468,-119.7726,0.0,3269.0,3269.0,932.7,38244.8,2.4,66.0,89.4,GOOD,4,11.0,,ONLINE,OFF
TEL-14139,2024-11-07 21:00:00,EQX1034,36.7468,-119.7726,0.0,3269.0,3269.0,932.7,38244.9,2.4,66.0,89.3,GOOD,13,292.3,,ONLINE,OFF
TEL-14140,2024-11-07 22:00:00,EQX1034,36.7468,-119.7726,0.0,3269.0,3269.0,932.7,38245.0,2.4,66.0,89.2,GOOD,8,239.8,,ONLINE,OFF
TEL-14141,2024-11-07 23:00:00,EQX1034,36.7468,-119.7726,0.0,3269.0,3269.0,932.7,38245.1,2.4,65.9,89.1,GOOD,17,169.1,,ONLINE,OFF
TEL-14142,2024-11-08 00:00:00,EQX1034,36.7468,-119.7726,0.0,3269.0,3269.0,932.7,38245.2,2.4,65.9,89.0,GOOD,4,143.3,,ONLINE,OFF
TEL-14143,2024-11-08 01:00:00,EQX1034,36.7468,-119.7726,0.0,3269.0,3269.0,932.7,38245.2,2.4,65.9,88.9,GOOD,10,8.9,,ONLINE,OFF
TEL-14144,2024-11-08 02:00:00,EQX1034,36.7468,-119.7726,0.0,3269.0,3269.0,932.7,38245.3,2.4,65.8,88.8,GOOD,27,44.8,,ONLINE,OFF
TEL-14145,2024-11-08 03:00:00,EQX1034,36.7468,-119.7726,0.0,3269.0,3269.0,932.7,38245.4,2.4,65.8,88.7,GOOD,20,7.9,,ONLINE,OFF
TEL-14146,2024-11-08 04:00:00,EQX1034,36.7468,-119.7726,0.0,3269.0,3269.0,932.7,38245.5,2.4,65.8,88.6,GOOD,11,74.5,,ONLINE,OFF
TEL-14147,2024-11-08 05:00:00,EQX1034,36.7468,-119.7726,0.0,3269.0,3269.0,932.7,38245.6,2.4,65.8,88.5,GOOD,25,281.9,,OFFLINE,OFF
TEL-14148,2024-11-08 06:00:00,EQX1034,36.7468,-119.7726,0.0,3269.0,3269.0,932.7,38245.7,2.4,65.7,88.4,GOOD,6,211.7,,ONLINE,OFF
TEL-14149,2024-11-08 07:00:00,EQX1034,36.7468,-119.7726,0.0,3269.0,3269.0,932.7,38245.8,2.4,65.7,88.3,GOOD,17,181.7,,ONLINE,OFF
TEL-14150,2024-11-08 08:00:00,EQX1034,36.748262,-119.772718,25.2,3269.5,3269.5,932.8,38253.5,184.6,63.5,88.2,GOOD,23,180.2,,ONLINE,ON
TEL-14151,2024-11-08 09:00:00,EQX1034,36.746995,-119.770657,12.9,3270.0,3270.0,932.9,38260.8,175.0,61.4,88.1,GOOD,12,216.3,,ONLINE,ON
TEL-14152,2024-11-08 10:00:00,EQX1034,36.746041,-119.768309,34.5,3270.5,3270.5,933.0,38268.2,176.2,59.3,88.0,WARNING,5,44.9,P0562,ONLINE,ON
TEL-14153,2024-11-08 11:00:00,EQX1034,36.742034,-119.776558,21.9,3271.0,3271.0,933.1,38273.7,132.0,57.8,87.9,GOOD,20,281.6,,ONLINE,ON
TEL-14154,2024-11-08 12:00:00,EQX1034,36.745208,-119.776522,18.9,3271.5,3271.5,933.2,38281.3,184.1,55.6,87.8,WARNING,18,254.5,P0087,ONLINE,ON
TEL-14155,2024-11-08 13:00:00,EQX1034,36.747791,-119.76866,12.6,3272.0,3272.0,933.3,38287.8,154.8,53.7,87.7,GOOD,23,22.2,,ONLINE,ON
TEL-14156,2024-11-08 14:00:00,EQX1034,36.749979,-119.771718,24.5,3272.5,3272.5,933.4,38294.5,161.8,51.8,87.6,GOOD,23,178.9,,ONLINE,ON
TEL-14157,2024-11-08 15:00:00,EQX1034,36.743267,-119.777576,22.3,3273.0,3273.0,933.5,38300.0,132.2,50.2,87.5,GOOD,2,47.9,,ONLINE,ON
TEL-14158,2024-11-08 16:00:00,EQX1034,36.747392,-119.768755,32.6,3273.5,3273.5,933.6,38304.2,100.1,49.0,87.4,GOOD,14,224.6,,ONLINE,ON
TEL-14159,2024-11-08 17:00:00,EQX1034,36.748004,-119.774358,10.5,3274.0,3274.0,933.7,38311.3,170.9,47.0,87.3,GOOD,14,236.8,,ONLINE,ON
TEL-14160,2024-11-08 18:00:00,EQX1034,36.7468,-119.7726,0.0,3274.0,3274.0,933.7,38311.4,2.4,47.0,87.2,GOOD,6,45.2,,ONLINE,OFF
TEL-14161,2024-11-08 19:00:00,EQX1034,36.7468,-119.7726,0.0,3274.0,3274.0,933.7,38311.5,2.4,46.9,87.1,GOOD,23,7.7,,ONLINE,OFF
TEL-14162,2024-11-08 20:00:00,EQX1034,36.7468,-119.7726,0.0,3274.0,3274.0,933.7,38311.6,2.4,46.9,87.0,GOOD,18,166.0,,ONLINE,OFF
TEL-14163,2024-11-08 21:00:00,EQX1034,36.7468,-119.7726,0.0,3274.0,3274.0,933.7,38311.7,2.4,46.9,86.9,GOOD,11,151.0,,ONLINE,OFF
TEL-14164,2024-11-08 22:00:00,EQX1034,36.7468,-119.7726,0.0,3274.0,3274.0,933.7,38311.8,2.4,46.8,86.8,GOOD,13,3.9,,ONLINE,OFF
TEL-14165,2024-11-08 23:00:00,EQX1034,36.7468,-119.7726,0.0,3274.0,3274.0,933.7,38311.9,2.4,46.8,86.7,GOOD,20,128.0,,ONLINE,OFF
TEL-14166,2024-11-09 00:00:00,EQX1034,36.7468,-119.7726,0.0,3274.0,3274.0,933.7,38312.0,2.4,46.8,86.6,GOOD,20,77.1,,ONLINE,OFF
TEL-14167,2024-11-09 01:00:00,EQX1034,36.7468,-119.7726,0.0,3274.0,3274.0,933.7,38312.1,2.4,46.8,86.5,GOOD,6,135.9,,ONLINE,OFF
TEL-14168,2024-11-09 02:00:00,EQX1034,36.7468,-119.7726,0.0,3274.0,3274.0,933.7,38312.2,2.4,46.7,86.4,GOOD,28,160.9,,ONLINE,OFF
TEL-14169,2024-11-09 03:00:00,EQX1034,36.7468,-119.7726,0.0,3274.0,3274.0,933.7,38312.3,2.4,46.7,86.3,WARNING,22,181.8,P0562,OFFLINE,OFF
TEL-14170,2024-11-09 04:00:00,EQX1034,36.7468,-119.7726,0.0,3274.0,3274.0,933.7,38312.4,2.4,46.7,86.2,GOOD,27,15.9,,ONLINE,OFF
TEL-14171,2024-11-09 05:00:00,EQX1034,36.7468,-119.7726,0.0,3274.0,3274.0,933.7,38312.5,2.4,46.6,86.1,GOOD,16,182.0,,ONLINE,OFF
TEL-14172,2024-11-09 06:00:00,EQX1034,36.7468,-119.7726,0.0,3274.0,3274.0,933.7,38312.6,2.4,46.6,86.0,GOOD,12,156.7,,ONLINE,OFF
TEL-14173,2024-11-09 07:00:00,EQX1034,36.7468,-119.7726,0.0,3274.0,3274.0,933.7,38312.7,2.4,46.6,85.9,GOOD,4,268.1,,ONLINE,OFF
TEL-14174,2024-11-09 08:00:00,EQX1034,36.745577,-119.776405,25.6,3274.5,3274.5,933.8,38317.0,102.7,45.4,85.8,WARNING,6,259.7,P0217,ONLINE,ON
TEL-14175,2024-11-09 09:00:00,EQX1034,36.745147,-119.770314,7.2,3275.0,3275.0,933.9,38323.1,145.4,43.6,85.7,GOOD,25,60.4,,ONLINE,ON
TEL-14176,2024-11-09 10:00:00,EQX1034,36.744856,-119.77288,25.7,3275.5,3275.5,934.0,38330.9,188.4,41.4,85.6,GOOD,20,19.2,,ONLINE,ON
TEL-14177,2024-11-09 11:00:00,EQX1034,36.750601,-119.76999,19.0,3276.0,3276.0,934.1,38337.0,146.2,39.7,85.5,GOOD,21,108.3,,ONLINE,ON
TEL-14178,2024-11-09 12:00:00,EQX1034,36.750185,-119.769682,34.5,3276.5,3276.5,934.2,38343.7,160.6,37.7,85.4,GOOD,19,166.9,,ONLINE,ON
TEL-14179,2024-11-09 13:00:00,EQX1034,36.75111,-119.776415,12.9,3277.0,3277.0,934.3,38347.8,97.9,36.6,85.3,WARNING,24,217.2,P0420,ONLINE,ON
TEL-14180,2024-11-09 14:00:00,EQX1034,36.743506,-119.772805,17.0,3277.5,3277.5,934.4,38355.3,179.8,34.4,85.2,GOOD,1,141.4,,ONLINE,ON
TEL-14181,2024-11-09 15:00:00,EQX1034,36.75155,-119.77181,13.6,3278.0,3278.0,934.5,38360.4,123.4,33.0,85.1,GOOD,14,209.8,,ONLINE,ON
TEL-14182,2024-11-09 16:00:00,EQX1034,36.742337,-119.767856,24.4,3278.5,3278.5,934.6,38365.6,124.1,31.5,85.0,GOOD,18,277.5,,ONLINE,ON
TEL-14183,2024-11-09 17:00:00,EQX1034,36.746764,-119.770231,6.5,3279.0,3279.0,934.7,38371.5,141.1,29.8,84.9,WARNING,0,111.7,P0087,ONLINE,ON
TEL-14184,2024-11-09 18:00:00,EQX1034,36.7468,-119.7726,0.0,3279.0,3279.0,934.7,38371.6,2.4,29.8,84.8,GOOD,5,205.8,,ONLINE,OFF
TEL-14185,2024-11-09 19:00:00,EQX1034,36.7468,-119.7726,0.0,3279.0,3279.0,934.7,38371.7,2.4,29.8,84.7,GOOD,5,9.8,,ONLINE,OFF
TEL-14186,2024-11-09 20:00:00,EQX1034,36.7468,-119.7726,0.0,3279.0,3279.0,934.7,38371.8,2.4,29.7,84.6,GOOD,28,141.2,,OFFLINE,OFF
TEL-14187,2024-11-09 21:00:00,EQX1034,36.7468,-119.7726,0.0,3279.0,3279.0,934.7,38371.9,2.4,29.7,84.5,GOOD,20,138.2,,ONLINE,OFF
TEL-14188,2024-11-09 22:00:00,EQX1034,36.7468,-119.7726,0.0,3279.0,3279.0,934.7,38372.0,2.4,29.7,84.4,GOOD,20,69.0,,ONLINE,OFF
TEL-14189,2024-11-09 23:00:00,EQX1034,36.7468,-119.7726,0.0,3279.0,3279.0,934.7,38372.1,2.4,29.6,84.3,GOOD,14,224.4,,ONLINE,OFF
TEL-14190,2024-11-10 00:00:00,EQX1034,36.7468,-119.7726,0.0,3279.0,3279.0,934.7,38372.2,2.4,29.6,84.2,GOOD,12,198.9,,ONLINE,OFF
TEL-14191,2024-11-10 01:00:00,EQX1034,36.7468,-119.7726,0.0,3279.0,3279.0,934.7,38372.3,2.4,29.6,84.1,GOOD,20,49.7,,ONLINE,OFF
TEL-14192,2024-11-10 02:00:00,EQX1034,36.7468,-119.7726,0.0,3279.0,3279.0,934.7,38372.4,2.4,29.6,84.0,GOOD,24,215.6,,ONLINE,OFF
TEL-14193,2024-11-10 03:00:00,EQX1034,36.7468,-119.7726,0.0,3279.0,3279.0,934.7,38372.5,2.4,29.5,83.9,WARNING,27,109.9,P0562,ONLINE,OFF
TEL-14194,2024-11-10 04:00:00,EQX1034,36.7468,-119.7726,0.0,3279.0,3279.0,934.7,38372.6,2.4,29.5,83.8,GOOD,29,234.3,,ONLINE,OFF
TEL-14195,2024-11-10 05:00:00,EQX1034,36.7468,-119.7726,0.0,3279.0,3279.0,934.7,38372.7,2.4,29.5,83.7,GOOD,13,238.9,,ONLINE,OFF
TEL-14196,2024-11-10 06:00:00,EQX1034,36.7468,-119.7726,0.0,3279.0,3279.0,934.7,38372.8,2.4,29.4,83.6,GOOD,19,134.2,,ONLINE,OFF
TEL-14197,2024-11-10 07:00:00,EQX1034,36.7468,-119.7726,0.0,3279.0,3279.0,934.7,38372.9,2.4,29.4,83.5,GOOD,24,275.2,,ONLINE,OFF
TEL-14198,2024-11-10 08:00:00,EQX1034,36.742684,-119.769643,30.1,3279.5,3279.5,934.8,38378.1,126.7,27.9,83.4,GOOD,25,109.0,,ONLINE,ON
TEL-14199,2024-11-10 09:00:00,EQX1034,36.742588,-119.774871,13.9,3280.0,3280.0,934.9,38385.0,165.4,25.9,83.3,GOOD,6,286.8,,ONLINE,ON
TEL-14200,2024-11-10 10:00:00,EQX1034,36.749145,-119.770862,28.9,3280.5,3280.5,935.0,38391.0,144.2,24.2,83.2,GOOD,0,169.5,,ONLINE,ON
TEL-14201,2024-11-10 11:00:00,EQX1034,36.745539,-119.775165,22.3,3281.0,3281.0,935.1,38396.8,138.0,22.6,83.1,GOOD,18,32.8,,ONLINE,ON
TEL-14202,2024-11-10 12:00:00,EQX1034,36.75091,-119.772419,32.0,3281.5,3281.5,935.2,38401.1,104.6,21.3,83.0,GOOD,30,160.3,,ONLINE,ON
TEL-14203,2024-11-10 13:00:00,EQX1034,36.747339,-119.767645,17.3,3282.0,3282.0,935.3,38406.8,136.8,19.7,82.9,GOOD,5,22.9,,ONLINE,ON
TEL-14204,2024-11-10 14:00:00,EQX1034,36.74846,-119.777077,15.7,3282.5,3282.5,935.4,38413.2,151.4,17.9,82.8,GOOD,6,195.3,,ONLINE,ON
TEL-14205,2024-11-10 15:00:00,EQX1034,36.749394,-119.768753,25.8,3283.0,3283.0,935.5,38420.6,177.8,15.8,82.7,GOOD,8,46.5,,OFFLINE,ON
TEL-14206,2024-11-10 16:00:00,EQX1034,36.743143,-119.774251,23.5,3283.5,3283.5,935.6,38428.4,187.0,13.6,82.6,GOOD,5,246.8,,ONLINE,ON
TEL-14207,2024-11-10 17:00:00,EQX1034,36.749717,-119.768955,20.5,3284.0,3284.0,935.7,38435.9,181.0,11.4,82.5,GOOD,2,256.2,,ONLINE,ON
TEL-14208,2024-11-10 18:00:00,EQX1034,36.7468,-119.7726,0.0,3284.0,3284.0,935.7,38436.0,2.4,11.4,82.4,GOOD,19,218.7,,ONLINE,OFF
TEL-14209,2024-11-10 19:00:00,EQX1034,36.7468,-119.7726,0.0,3284.0,3284.0,935.7,38436.1,2.4,11.3,82.3,CRITICAL,18,74.4,P0087,ONLINE,OFF
TEL-14210,2024-11-10 20:00:00,EQX1034,36.7468,-119.7726,0.0,3284.0,3284.0,935.7,38436.2,2.4,11.3,82.2,GOOD,29,75.6,,ONLINE,OFF
TEL-14211,2024-11-10 21:00:00,EQX1034,36.7468,-119.7726,0.0,3284.0,3284.0,935.7,38436.3,2.4,11.3,82.1,GOOD,8,128.9,,ONLINE,OFF
TEL-14212,2024-11-10 22:00:00,EQX1034,36.7468,-119.7726,0.0,3284.0,3284.0,935.7,38436.4,2.4,11.3,82.0,GOOD,25,81.4,,ONLINE,OFF
TEL-14213,2024-11-10 23:00:00,EQX1034,36.7468,-119.7726,0.0,3284.0,3284.0,935.7,38436.5,2.4,11.2,81.9,GOOD,13,133.8,,ONLINE,OFF
TEL-14214,2024-11-11 00:00:00,EQX1034,36.7468,-119.7726,0.0,3284.0,3284.0,935.7,38436.6,2.4,11.2,81.8,GOOD,16,194.7,,ONLINE,OFF
TEL-14215,2024-11-11 01:00:00,EQX1034,36.7468,-119.7726,0.0,3284.0,3284.0,935.7,38436.7,2.4,11.2,81.7,GOOD,30,141.2,,ONLINE,OFF
TEL-14216,2024-11-11 02:00:00,EQX1034,36.7468,-119.7726,0.0,3284.0,3284.0,935.7,38436.8,2.4,11.1,81.6,GOOD,14,227.5,,ONLINE,OFF
TEL-14217,2024-11-11 03:00:00,EQX1034,36.7468,-119.7726,0.0,3284.0,3284.0,935.7,38436.9,2.4,11.1,81.5,CRITICAL,29,298.5,P0420,ONLINE,OFF
TEL-14218,2024-11-11 04:00:00,EQX1034,36.7468,-119.7726,0.0,3284.0,3284.0,935.7,38437.0,2.4,11.1,81.4,GOOD,6,124.8,,ONLINE,OFF
TEL-14219,2024-11-11 05:00:00,EQX1034,36.7468,-119.7726,0.0,3284.0,3284.0,935.7,38437.1,2.4,11.1,81.3,WARNING,30,180.6,P0217,ONLINE,OFF
TEL-14220,2024-11-11 06:00:00,EQX1034,36.7468,-119.7726,0.0,3284.0,3284.0,935.7,38437.2,2.4,11.0,81.2,GOOD,2,296.4,,ONLINE,OFF
TEL-14221,2024-11-11 07:00:00,EQX1034,36.7468,-119.7726,0.0,3284.0,3284.0,935.7,38437.3,2.4,11.0,81.1,GOOD,16,180.8,,ONLINE,OFF
TEL-14222,2024-11-11 08:00:00,EQX1034,36.74708,-119.769724,8.3,3284.5,3284.5,935.8,38444.7,176.6,95.0,81.0,GOOD,23,236.5,,ONLINE,ON
TEL-14223,2024-11-11 09:00:00,EQX1034,36.751612,-119.773504,15.5,3285.0,3285.0,935.9,38449.1,107.5,93.7,80.9,GOOD,4,210.4,,ONLINE,ON
TEL-14224,2024-11-11 10:00:00,EQX1034,36.749914,-119.777318,12.2,3285.5,3285.5,936.0,38456.7,182.2,91.6,80.8,GOOD,16,9.1,,ONLINE,ON
TEL-14225,2024-11-11 11:00:00,EQX1034,36.743113,-119.776295,14.5,3286.0,3286.0,936.1,38461.7,118.3,90.1,80.7,GOOD,7,15.9,,ONLINE,ON
TEL-14226,2024-11-11 12:00:00,EQX1034,36.75065,-119.771094,30.1,3286.5,3286.5,936.2,38469.5,188.2,87.9,80.6,GOOD,17,124.2,,ONLINE,ON
TEL-14227,2024-11-11 13:00:00,EQX1034,36.750543,-119.773416,24.5,3287.0,3287.0,936.3,38474.6,123.4,86.4,80.5,GOOD,3,39.0,,ONLINE,ON
TEL-14228,2024-11-11 14:00:00,EQX1034,36.747245,-119.77574,7.3,3287.5,3287.5,936.4,38480.8,148.1,84.7,80.4,GOOD,25,14.2,,OFFLINE,ON
TEL-14229,2024-11-11 15:00:00,EQX1034,36.744788,-119.771374,16.9,3288.0,3288.0,936.5,38485.1,103.4,83.4,80.3,GOOD,12,69.5,,ONLINE,ON
TEL-14230,2024-11-11 16:00:00,EQX1034,36.747029,-119.777313,18.0,3288.5,3288.5,936.6,38491.9,163.9,81.5,80.2,GOOD,16,52.8,,ONLINE,ON
TEL-14231,2024-11-11 17:00:00,EQX1034,36.747033,-119.772197,9.2,3289.0,3289.0,936.7,38499.7,186.0,79.3,80.1,GOOD,29,94.8,,ONLINE,ON
TEL-14232,2024-11-11 18:00:00,EQX1034,36.7468,-119.7726,0.0,3289.0,3289.0,936.7,38499.8,2.4,79.2,80.0,GOOD,22,181.7,,ONLINE,OFF
TEL-14233,2024-11-11 19:00:00,EQX1034,36.7468,-119.7726,0.0,3289.0,3289.0,936.7,38499.9,2.4,79.2,79.9,GOOD,5,298.1,,ONLINE,OFF
TEL-14234,2024-11-11 20:00:00,EQX1034,36.7468,-119.7726,0.0,3289.0,3289.0,936.7,38500.0,2.4,79.2,79.8,GOOD,1,98.5,,ONLINE,OFF
TEL-14235,2024-11-11 21:00:00,EQX1034,36.7468,-119.7726,0.0,3289.0,3289.0,936.7,38500.1,2.4,79.2,79.7,GOOD,21,50.3,,ONLINE,OFF
TEL-14236,2024-11-11 22:00:00,EQX1034,36.7468,-119.7726,0.0,3289.0,3289.0,936.7,38500.2,2.4,79.1,79.6,GOOD,2,237.8,,ONLINE,OFF
TEL-14237,2024-11-11 23:00:00,EQX1034,36.7468,-119.7726,0.0,3289.0,3289.0,936.7,38500.3,2.4,79.1,79.5,GOOD,29,5.0,,ONLINE,OFF
TEL-14238,2024-11-12 00:00:00,EQX1034,36.7468,-119.7726,0.0,3289.0,3289.0,936.7,38500.4,2.4,79.1,79.4,GOOD,9,38.0,,ONLINE,OFF
TEL-14239,2024-11-12 01:00:00,EQX1034,36.7468,-119.7726,0.0,3289.0,3289.0,936.7,38500.5,2.4,79.0,79.3,GOOD,12,40.9,,ONLINE,OFF
TEL-14240,2024-11-12 02:00:00,EQX1034,36.7468,-119.7726,0.0,3289.0,3289.0,936.7,38500.6,2.4,79.0,79.2,GOOD,5,141.4,,ONLINE,OFF
TEL-14241,2024-11-12 03:00:00,EQX1034,36.7468,-119.7726,0.0,3289.0,3289.0,936.7,38500.7,2.4,79.0,79.1,GOOD,23,73.0,,ONLINE,OFF
TEL-14242,2024-11-12 04:00:00,EQX1034,36.7468,-119.7726,0.0,3289.0,3289.0,936.7,38500.8,2.4,79.0,79.0,GOOD,17,67.9,,OFFLINE,OFF
TEL-14243,2024-11-12 05:00:00,EQX1034,36.7468,-119.7726,0.0,3289.0,3289.0,936.7,38500.9,2.4,78.9,78.9,GOOD,0,122.0,,ONLINE,OFF
TEL-14244,2024-11-12 06:00:00,EQX1034,36.7468,-119.7726,0.0,3289.0,3289.0,936.7,38501.0,2.4,78.9,78.8,GOOD,20,190.0,,ONLINE,OFF
TEL-14245,2024-11-12 07:00:00,EQX1034,36.7468,-119.7726,0.0,3289.0,3289.0,936.7,38501.1,2.4,78.9,78.7,GOOD,20,211.3,,ONLINE,OFF
TEL-14246,2024-11-12 08:00:00,EQX1034,36.743729,-119.771096,19.4,3289.5,3289.5,936.8,38506.5,128.9,77.3,78.6,GOOD,14,149.9,,ONLINE,ON
TEL-14247,2024-11-12 09:00:00,EQX1034,36.74393,-119.772293,26.4,3290.0,3290.0,936.9,38510.6,99.6,76.2,78.5,GOOD,1,282.5,,ONLINE,ON
TEL-14248,2024-11-12 10:00:00,EQX1034,36.750049,-119.775898,28.3,3290.5,3290.5,937.0,38515.5,117.1,74.8,78.4,GOOD,14,276.8,,ONLINE,ON
TEL-14249,2024-11-12 11:00:00,EQX1034,36.742218,-119.770332,5.7,3291.0,3291.0,937.1,38522.3,164.2,72.8,78.3,GOOD,9,272.5,,ONLINE,ON
TEL-14250,2024-11-12 12:00:00,EQX1034,36.744029,-119.771812,20.6,3291.5,3291.5,937.2,38529.2,165.8,70.8,78.2,GOOD,14,194.8,,ONLINE,ON
TEL-14251,2024-12-16 08:00:00,EQX1035,37.774113,-122.416557,30.6,1238.6,1238.6,286.3,15393.9,102.7,83.8,82.2,GOOD,14,69.9,,ONLINE,ON
TEL-14252,2024-12-16 09:00:00,EQX1035,37.773701,-122.424298,16.7,1239.1,1239.1,286.4,15401.0,171.6,81.7,82.1,GOOD,21,278.2,,ONLINE,ON
TEL-14253,2024-12-16 10:00:00,EQX1035,37.772183,-122.422526,12.9,1239.6,1239.6,286.5,15407.7,160.3,79.8,82.0,GOOD,30,206.9,,ONLINE,ON
TEL-14254,2024-12-16 11:00:00,EQX1035,37.774552,-122.417505,13.5,1240.1,1240.1,286.6,15414.1,153.8,78.0,81.9,WARNING,27,127.0,P0562,ONLINE,ON
TEL-14255,2024-12-16 12:00:00,EQX1035,37.773028,-122.415997,9.9,1240.6,1240.6,286.7,15420.8,161.0,76.1,81.8,GOOD,5,126.5,,ONLINE,ON
TEL-14256,2024-12-16 13:00:00,EQX1035,37.775846,-122.422337,6.0,1241.1,1241.1,286.8,15426.5,135.6,74.5,81.7,GOOD,1,67.6,,ONLINE,ON
TEL-14257,2024-12-16 14:00:00,EQX1035,37.771073,-122.417187,33.7,1241.6,1241.6,286.9,15432.8,151.2,72.7,81.6,GOOD,24,112.8,,OFFLINE,ON
TEL-14258,2024-12-16 15:00:00,EQX1035,37.776146,-122.421195,21.3,1242.1,1242.1,287.0,15437.8,119.8,71.2,81.5,GOOD,2,11.5,,ONLINE,ON
TEL-14259,2024-12-16 16:00:00,EQX1035,37.772085,-122.41983,25.2,1242.6,1242.6,287.1,15445.6,187.0,69.0,81.4,GOOD,12,137.5,,ONLINE,ON
TEL-14260,2024-12-16 17:00:00,EQX1035,37.775015,-122.419792,8.9,1243.1,1243.1,287.2,15452.2,158.9,67.1,81.3,GOOD,11,182.4,,ONLINE,ON
TEL-14261,2024-12-16 18:00:00,EQX1035,37.7749,-122.4194,0.0,1243.1,1243.1,287.2,15452.3,2.4,67.1,81.2,GOOD,18,200.3,,ONLINE,OFF
TEL-14262,2024-12-16 19:00:00,EQX1035,37.7749,-122.4194,0.0,1243.1,1243.1,287.2,15452.4,2.4,67.1,81.1,GOOD,10,183.5,,ONLINE,OFF
TEL-14263,2024-12-16 20:00:00,EQX1035,37.7749,-122.4194,0.0,1243.1,1243.1,287.2,15452.5,2.4,67.0,81.0,GOOD,10,269.0,,ONLINE,OFF
TEL-14264,2024-12-16 21:00:00,EQX1035,37.7749,-122.4194,0.0,1243.1,1243.1,287.2,15452.6,2.4,67.0,80.9,GOOD,22,189.5,,ONLINE,OFF
TEL-14265,2024-12-16 22:00:00,EQX1035,37.7749,-122.4194,0.0,1243.1,1243.1,287.2,15452.7,2.4,67.0,80.8,GOOD,28,287.1,,ONLINE,OFF
TEL-14266,2024-12-16 23:00:00,EQX1035,37.7749,-122.4194,0.0,1243.1,1243.1,287.2,15452.8,2.4,66.9,80.7,GOOD,11,282.6,,ONLINE,OFF
TEL-14267,2024-12-17 00:00:00,EQX1035,37.7749,-122.4194,0.0,1243.1,1243.1,287.2,15452.9,2.4,66.9,80.6,GOOD,28,110.1,,ONLINE,OFF
TEL-14268,2024-12-17 01:00:00,EQX1035,37.7749,-122.4194,0.0,1243.1,1243.1,287.2,15453.0,2.4,66.9,80.5,GOOD,21,232.1,,ONLINE,OFF
TEL-14269,2024-12-17 02:00:00,EQX1035,37.7749,-122.4194,0.0,1243.1,1243.1,287.2,15453.1,2.4,66.9,80.4,GOOD,2,118.3,,ONLINE,OFF
TEL-14270,2024-12-17 03:00:00,EQX1035,37.7749,-122.4194,0.0,1243.1,1243.1,287.2,15453.2,2.4,66.8,80.3,GOOD,22,55.5,,ONLINE,OFF
TEL-14271,2024-12-17 04:00:00,EQX1035,37.7749,-122.4194,0.0,1243.1,1243.1,287.2,15453.3,2.4,66.8,80.2,GOOD,22,88.8,,ONLINE,OFF
TEL-14272,2024-12-17 05:00:00,EQX1035,37.7749,-122.4194,0.0,1243.1,1243.1,287.2,15453.4,2.4,66.8,80.1,GOOD,25,199.4,,ONLINE,OFF
TEL-14273,2024-12-17 06:00:00,EQX1035,37.7749,-122.4194,0.0,1243.1,1243.1,287.2,15453.5,2.4,66.7,80.0,GOOD,8,139.0,,ONLINE,OFF
TEL-14274,2024-12-17 07:00:00,EQX1035,37.7749,-122.4194,0.0,1243.1,1243.1,287.2,15453.6,2.4,66.7,79.9,GOOD,9,285.3,,OFFLINE,OFF
TEL-14275,2024-12-17 08:00:00,EQX1035,37.77232,-122.417165,10.7,1243.6,1243.6,287.3,15460.5,166.1,64.7,79.8,GOOD,9,263.4,,ONLINE,ON
TEL-14276,2024-12-17 09:00:00,EQX1035,37.771903,-122.416671,13.6,1244.1,1244.1,287.4,15467.5,166.8,62.8,79.7,GOOD,25,235.8,,ONLINE,ON
TEL-14277,2024-12-17 10:00:00,EQX1035,37.770785,-122.418883,22.3,1244.6,1244.6,287.5,15471.8,104.6,61.5,79.6,WARNING,26,198.0,P0562,ONLINE,ON
TEL-14278,2024-12-17 11:00:00,EQX1035,37.770511,-122.424131,15.6,1245.1,1245.1,287.6,15478.1,151.0,59.7,79.5,GOOD,29,75.9,,ONLINE,ON
TEL-14279,2024-12-17 12:00:00,EQX1035,37.771439,-122.421375,9.1,1245.6,1245.6,287.7,15485.7,183.4,57.5,79.4,WARNING,28,178.3,P0420,ONLINE,ON
TEL-14280,2024-12-17 13:00:00,EQX1035,37.772926,-122.414768,33.6,1246.1,1246.1,287.8,15492.9,171.1,55.5,79.3,GOOD,16,213.0,,ONLINE,ON
TEL-14281,2024-12-17 14:00:00,EQX1035,37.776756,-122.420076,19.2,1246.6,1246.6,287.9,15497.7,115.4,54.1,79.2,GOOD,17,124.8,,ONLINE,ON
TEL-14282,2024-12-17 15:00:00,EQX1035,37.77106,-122.423235,10.6,1247.1,1247.1,288.0,15502.6,119.0,52.7,79.1,WARNING,19,25.9,P0087,ONLINE,ON
TEL-14283,2024-12-17 16:00:00,EQX1035,37.772138,-122.423477,25.9,1247.6,1247.6,288.1,15507.5,115.7,51.3,79.0,GOOD,1,48.8,,ONLINE,ON
TEL-14284,2024-12-17 17:00:00,EQX1035,37.776347,-122.417286,20.8,1248.1,1248.1,288.2,15513.9,153.8,49.5,78.9,GOOD,9,242.9,,ONLINE,ON
TEL-14285,2024-12-17 18:00:00,EQX1035,37.7749,-122.4194,0.0,1248.1,1248.1,288.2,15514.0,2.4,49.5,78.8,GOOD,21,172.7,,ONLINE,OFF
TEL-14286,2024-12-17 19:00:00,EQX1035,37.7749,-122.4194,0.0,1248.1,1248.1,288.2,15514.1,2.4,49.4,78.7,GOOD,6,57.7,,ONLINE,OFF
TEL-14287,2024-12-17 20:00:00,EQX1035,37.7749,-122.4194,0.0,1248.1,1248.1,288.2,15514.2,2.4,49.4,78.6,GOOD,6,28.2,,ONLINE,OFF
TEL-14288,2024-12-17 21:00:00,EQX1035,37.7749,-122.4194,0.0,1248.1,1248.1,288.2,15514.3,2.4,49.4,78.5,GOOD,27,187.8,,ONLINE,OFF
TEL-14289,2024-12-17 22:00:00,EQX1035,37.7749,-122.4194,0.0,1248.1,1248.1,288.2,15514.4,2.4,49.4,78.4,GOOD,22,264.0,,ONLINE,OFF
TEL-14290,2024-12-17 23:00:00,EQX1035,37.7749,-122.4194,0.0,1248.1,1248.1,288.2,15514.5,2.4,49.3,78.3,GOOD,27,196.6,,ONLINE,OFF
TEL-14291,2024-12-18 00:00:00,EQX1035,37.7749,-122.4194,0.0,1248.1,1248.1,288.2,15514.6,2.4,49.3,78.2,GOOD,3,266.4,,ONLINE,OFF
TEL-14292,2024-12-18 01:00:00,EQX1035,37.7749,-122.4194,0.0,1248.1,1248.1,288.2,15514.7,2.4,49.3,78.1,GOOD,26,260.0,,ONLINE,OFF
TEL-14293,2024-12-18 02:00:00,EQX1035,37.7749,-122.4194,0.0,1248.1,1248.1,288.2,15514.8,2.4,49.2,78.0,GOOD,0,229.0,,ONLINE,OFF
TEL-14294,2024-12-18 03:00:00,EQX1035,37.7749,-122.4194,0.0,1248.1,1248.1,288.2,15514.9,2.4,49.2,77.9,GOOD,18,110.4,,ONLINE,OFF
TEL-14295,2024-12-18 04:00:00,EQX1035,37.7749,-122.4194,0.0,1248.1,1248.1,288.2,15515.0,2.4,49.2,77.8,GOOD,16,142.4,,OFFLINE,OFF
TEL-14296,2024-12-18 05:00:00,EQX1035,37.7749,-122.4194,0.0,1248.1,1248.1,288.2,15515.1,2.4,49.2,77.7,GOOD,14,104.0,,ONLINE,OFF
TEL-14297,2024-12-18 06:00:00,EQX1035,37.7749,-122.4194,0.0,1248.1,1248.1,288.2,15515.2,2.4,49.1,77.6,GOOD,14,45.6,,ONLINE,OFF
TEL-14298,2024-12-18 07:00:00,EQX1035,37.7749,-122.4194,0.0,1248.1,1248.1,288.2,15515.3,2.4,49.1,77.5,GOOD,3,118.3,,ONLINE,OFF
TEL-14299,2024-12-18 08:00:00,EQX1035,37.774938,-122.423632,30.1,1248.6,1248.6,288.3,15521.9,159.6,47.2,77.4,GOOD,23,293.0,,ONLINE,ON
TEL-14300,2024-12-18 09:00:00,EQX1035,37.774295,-122.415931,6.6,1249.1,1249.1,288.4,15529.0,169.9,45.2,77.3,WARNING,24,257.1,P0087,ONLINE,ON
TEL-14301,2024-12-18 10:00:00,EQX1035,37.774145,-122.415704,23.4,1249.6,1249.6,288.5,15536.4,178.6,43.0,77.2,WARNING,19,182.3,P0217,ONLINE,ON
TEL-14302,2024-12-18 11:00:00,EQX1035,37.773869,-122.417536,17.1,1250.1,1250.1,288.6,15542.8,153.4,41.2,77.1,GOOD,24,74.3,,ONLINE,ON
TEL-14303,2024-12-18 12:00:00,EQX1035,37.777322,-122.421217,25.7,1250.6,1250.6,288.7,15547.1,101.8,40.0,77.0,GOOD,18,148.6,,ONLINE,ON
TEL-14304,2024-12-18 13:00:00,EQX1035,37.774109,-122.421904,32.4,1251.1,1251.1,288.8,15552.2,122.4,38.6,76.9,GOOD,0,239.7,,ONLINE,ON
TEL-14305,2024-12-18 14:00:00,EQX1035,37.772832,-122.415583,17.2,1251.6,1251.6,288.9,15559.7,181.4,36.4,76.8,GOOD,6,186.9,,ONLINE,ON
TEL-14306,2024-12-18 15:00:00,EQX1035,37.777222,-122.415993,24.5,1252.1,1252.1,289.0,15564.7,119.3,35.0,76.7,GOOD,27,266.8,,ONLINE,ON
TEL-14307,2024-12-18 16:00:00,EQX1035,37.773638,-122.414944,32.4,1252.6,1252.6,289.1,15572.1,176.4,32.9,76.6,GOOD,27,33.8,,ONLINE,ON
TEL-14308,2024-12-18 17:00:00,EQX1035,37.774108,-122.424161,23.6,1253.1,1253.1,289.2,15576.5,107.0,31.6,76.5,GOOD,27,49.5,,ONLINE,ON
TEL-14309,2024-12-18 18:00:00,EQX1035,37.7749,-122.4194,0.0,1253.1,1253.1,289.2,15576.6,2.4,31.6,76.4,GOOD,29,61.9,,ONLINE,OFF
TEL-14310,2024-12-18 19:00:00,EQX1035,37.7749,-122.4194,0.0,1253.1,1253.1,289.2,15576.7,2.4,31.5,76.3,GOOD,26,190.5,,ONLINE,OFF
TEL-14311,2024-12-18 20:00:00,EQX1035,37.7749,-122.4194,0.0,1253.1,1253.1,289.2,15576.8,2.4,31.5,76.2,CRITICAL,22,70.6,P0217,ONLINE,OFF
TEL-14312,2024-12-18 21:00:00,EQX1035,37.7749,-122.4194,0.0,1253.1,1253.1,289.2,15576.9,2.4,31.5,76.1,GOOD,13,269.6,,ONLINE,OFF
TEL-14313,2024-12-18 22:00:00,EQX1035,37.7749,-122.4194,0.0,1253.1,1253.1,289.2,15577.0,2.4,31.5,76.0,GOOD,22,79.7,,ONLINE,OFF
TEL-14314,2024-12-18 23:00:00,EQX1035,37.7749,-122.4194,0.0,1253.1,1253.1,289.2,15577.1,2.4,31.4,75.9,GOOD,1,120.1,,ONLINE,OFF
TEL-14315,2024-12-19 00:00:00,EQX1035,37.7749,-122.4194,0.0,1253.1,1253.1,289.2,15577.2,2.4,31.4,75.8,GOOD,18,132.7,,ONLINE,OFF
TEL-14316,2024-12-19 01:00:00,EQX1035,37.7749,-122.4194,0.0,1253.1,1253.1,289.2,15577.3,2.4,31.4,75.7,GOOD,9,1.5,,ONLINE,OFF
TEL-14317,2024-12-19 02:00:00,EQX1035,37.7749,-122.4194,0.0,1253.1,1253.1,289.2,15577.4,2.4,31.3,75.6,GOOD,25,23.8,,ONLINE,OFF
TEL-14318,2024-12-19 03:00:00,EQX1035,37.7749,-122.4194,0.0,1253.1,1253.1,289.2,15577.5,2.4,31.3,75.5,GOOD,22,64.3,,ONLINE,OFF
TEL-14319,2024-12-19 04:00:00,EQX1035,37.7749,-122.4194,0.0,1253.1,1253.1,289.2,15577.6,2.4,31.3,75.4,GOOD,12,35.5,,ONLINE,OFF
TEL-14320,2024-12-19 05:00:00,EQX1035,37.7749,-122.4194,0.0,1253.1,1253.1,289.2,15577.7,2.4,31.3,75.3,GOOD,28,112.5,,ONLINE,OFF
TEL-14321,2024-12-19 06:00:00,EQX1035,37.7749,-122.4194,0.0,1253.1,1253.1,289.2,15577.8,2.4,31.2,75.2,GOOD,23,6.6,,ONLINE,OFF
TEL-14322,2024-12-19 07:00:00,EQX1035,37.7749,-122.4194,0.0,1253.1,1253.1,289.2,15577.9,2.4,31.2,75.1,GOOD,12,291.4,,ONLINE,OFF
TEL-14323,2024-12-19 08:00:00,EQX1035,37.779598,-122.420602,32.3,1253.6,1253.6,289.3,15582.6,112.8,29.9,75.0,GOOD,30,233.7,,ONLINE,ON
TEL-14324,2024-12-19 09:00:00,EQX1035,37.779786,-122.41633,30.4,1254.1,1254.1,289.4,15587.5,118.3,28.4,74.9,GOOD,21,81.8,,ONLINE,ON
TEL-14325,2024-12-19 10:00:00,EQX1035,37.775566,-122.417654,25.6,1254.6,1254.6,289.5,15592.7,122.9,27.0,74.8,GOOD,7,297.7,,ONLINE,ON
TEL-14326,2024-12-19 11:00:00,EQX1035,37.776335,-122.423023,30.5,1255.1,1255.1,289.6,15597.0,104.9,25.7,74.7,GOOD,7,290.6,,ONLINE,ON
TEL-14327,2024-12-19 12:00:00,EQX1035,37.77677,-122.417495,16.3,1255.6,1255.6,289.7,15603.4,152.4,23.9,74.6,GOOD,24,133.5,,ONLINE,ON
TEL-14328,2024-12-19 13:00:00,EQX1035,37.772218,-122.420723,31.2,1256.1,1256.1,289.8,15608.2,115.9,22.5,74.5,GOOD,18,97.5,,ONLINE,ON
TEL-14329,2024-12-19 14:00:00,EQX1035,37.775755,-122.421814,25.4,1256.6,1256.6,289.9,15614.0,139.2,20.9,74.4,GOOD,2,121.9,,ONLINE,ON
TEL-14330,2024-12-19 15:00:00,EQX1035,37.770596,-122.420281,32.6,1257.1,1257.1,290.0,15619.5,130.6,19.3,74.3,GOOD,28,226.1,,ONLINE,ON
TEL-14331,2024-12-19 16:00:00,EQX1035,37.776184,-122.41878,33.4,1257.6,1257.6,290.1,15624.4,119.0,17.9,74.2,GOOD,15,243.9,,ONLINE,ON
TEL-14332,2024-12-19 17:00:00,EQX1035,37.77477,-122.418696,6.0,1258.1,1258.1,290.2,15631.2,162.2,16.0,74.1,GOOD,28,212.9,,ONLINE,ON
TEL-14333,2024-12-19 18:00:00,EQX1035,37.7749,-122.4194,0.0,1258.1,1258.1,290.2,15631.3,2.4,16.0,74.0,GOOD,8,85.5,,ONLINE,OFF
TEL-14334,2024-12-19 19:00:00,EQX1035,37.7749,-122.4194,0.0,1258.1,1258.1,290.2,15631.4,2.4,15.9,73.9,GOOD,4,250.6,,ONLINE,OFF
TEL-14335,2024-12-19 20:00:00,EQX1035,37.7749,-122.4194,0.0,1258.1,1258.1,290.2,15631.5,2.4,15.9,73.8,GOOD,22,209.4,,ONLINE,OFF
TEL-14336,2024-12-19 21:00:00,EQX1035,37.7749,-122.4194,0.0,1258.1,1258.1,290.2,15631.6,2.4,15.9,73.7,GOOD,5,150.1,,ONLINE,OFF
TEL-14337,2024-12-19 22:00:00,EQX1035,37.7749,-122.4194,0.0,1258.1,1258.1,290.2,15631.7,2.4,15.8,73.6,GOOD,23,266.7,,ONLINE,OFF
TEL-14338,2024-12-19 23:00:00,EQX1035,37.7749,-122.4194,0.0,1258.1,1258.1,290.2,15631.8,2.4,15.8,73.5,GOOD,14,61.4,,ONLINE,OFF
TEL-14339,2024-12-20 00:00:00,EQX1035,37.7749,-122.4194,0.0,1258.1,1258.1,290.2,15631.9,2.4,15.8,73.4,GOOD,22,225.4,,ONLINE,OFF
TEL-14340,2024-12-20 01:00:00,EQX1035,37.7749,-122.4194,0.0,1258.1,1258.1,290.2,15632.0,2.4,15.8,73.3,GOOD,26,122.8,,ONLINE,OFF
TEL-14341,2024-12-20 02:00:00,EQX1035,37.7749,-122.4194,0.0,1258.1,1258.1,290.2,15632.1,2.4,15.7,73.2,GOOD,8,272.8,,ONLINE,OFF
TEL-14342,2024-12-20 03:00:00,EQX1035,37.7749,-122.4194,0.0,1258.1,1258.1,290.2,15632.2,2.4,15.7,73.1,GOOD,30,205.1,,ONLINE,OFF
TEL-14343,2024-12-20 04:00:00,EQX1035,37.7749,-122.4194,0.0,1258.1,1258.1,290.2,15632.3,2.4,15.7,73.0,CRITICAL,30,283.8,P0420,ONLINE,OFF
TEL-14344,2024-12-20 05:00:00,EQX1035,37.7749,-122.4194,0.0,1258.1,1258.1,290.2,15632.4,2.4,15.6,72.9,GOOD,20,101.4,,ONLINE,OFF
TEL-14345,2024-12-20 06:00:00,EQX1035,37.7749,-122.4194,0.0,1258.1,1258.1,290.2,15632.5,2.4,15.6,72.8,GOOD,1,256.9,,ONLINE,OFF
TEL-14346,2024-12-20 07:00:00,EQX1035,37.7749,-122.4194,0.0,1258.1,1258.1,290.2,15632.6,2.4,15.6,72.7,GOOD,9,167.8,,ONLINE,OFF
TEL-14347,2024-12-20 08:00:00,EQX1035,37.776155,-122.41549,7.7,1258.6,1258.6,290.3,15640.3,184.3,13.4,72.6,GOOD,10,214.1,,ONLINE,ON
TEL-14348,2024-12-20 09:00:00,EQX1035,37.778819,-122.42238,28.2,1259.1,1259.1,290.4,15647.4,171.6,11.3,72.5,GOOD,17,242.9,,ONLINE,ON
TEL-14349,2024-12-20 10:00:00,EQX1035,37.775638,-122.418852,26.4,1259.6,1259.6,290.5,15654.8,178.6,95.0,72.4,GOOD,4,124.4,,ONLINE,ON
TEL-14350,2024-12-20 11:00:00,EQX1035,37.77701,-122.423441,14.8,1260.1,1260.1,290.6,15659.9,122.4,93.5,72.3,GOOD,4,265.1,,ONLINE,ON
TEL-14351,2024-12-20 12:00:00,EQX1035,37.779779,-122.419713,26.9,1260.6,1260.6,290.7,15664.2,102.2,92.3,72.2,WARNING,25,178.4,P0420,ONLINE,ON
TEL-14352,2024-12-20 13:00:00,EQX1035,37.777177,-122.423192,7.2,1261.1,1261.1,290.8,15671.1,165.4,90.4,72.1,GOOD,9,279.9,,OFFLINE,ON
TEL-14353,2024-12-20 14:00:00,EQX1035,37.779578,-122.414406,12.7,1261.6,1261.6,290.9,15676.6,132.7,88.8,72.0,GOOD,24,173.0,,ONLINE,ON
TEL-14354,2024-12-20 15:00:00,EQX1035,37.77292,-122.415217,15.9,1262.1,1262.1,291.0,15681.8,125.0,87.3,71.9,GOOD,24,201.2,,ONLINE,ON
TEL-14355,2024-12-20 16:00:00,EQX1035,37.779601,-122.422553,32.5,1262.6,1262.6,291.1,15689.3,178.3,85.2,71.8,GOOD,15,291.1,,ONLINE,ON
TEL-14356,2024-12-20 17:00:00,EQX1035,37.774485,-122.423835,21.8,1263.1,1263.1,291.2,15696.6,176.6,83.1,71.7,GOOD,20,44.1,,ONLINE,ON
TEL-14357,2024-12-20 18:00:00,EQX1035,37.7749,-122.4194,0.0,1263.1,1263.1,291.2,15696.7,2.4,83.0,71.6,GOOD,2,225.3,,ONLINE,OFF
TEL-14358,2024-12-20 19:00:00,EQX1035,37.7749,-122.4194,0.0,1263.1,1263.1,291.2,15696.8,2.4,83.0,71.5,GOOD,5,226.5,,ONLINE,OFF
TEL-14359,2024-12-20 20:00:00,EQX1035,37.7749,-122.4194,0.0,1263.1,1263.1,291.2,15696.9,2.4,83.0,71.4,GOOD,19,122.7,,ONLINE,OFF
TEL-14360,2024-12-20 21:00:00,EQX1035,37.7749,-122.4194,0.0,1263.1,1263.1,291.2,15697.0,2.4,82.9,71.3,GOOD,13,108.2,,ONLINE,OFF
TEL-14361,2024-12-20 22:00:00,EQX1035,37.7749,-122.4194,0.0,1263.1,1263.1,291.2,15697.1,2.4,82.9,71.2,GOOD,26,171.3,,ONLINE,OFF
TEL-14362,2024-12-20 23:00:00,EQX1035,37.7749,-122.4194,0.0,1263.1,1263.1,291.2,15697.2,2.4,82.9,71.1,GOOD,12,227.4,,ONLINE,OFF
TEL-14363,2024-12-21 00:00:00,EQX1035,37.7749,-122.4194,0.0,1263.1,1263.1,291.2,15697.3,2.4,82.9,71.0,GOOD,22,0.3,,ONLINE,OFF
TEL-14364,2024-12-21 01:00:00,EQX1035,37.7749,-122.4194,0.0,1263.1,1263.1,291.2,15697.4,2.4,82.8,70.9,GOOD,0,249.6,,OFFLINE,OFF
TEL-14365,2024-12-21 02:00:00,EQX1035,37.7749,-122.4194,0.0,1263.1,1263.1,291.2,15697.5,2.4,82.8,70.8,GOOD,1,243.2,,ONLINE,OFF
TEL-14366,2024-12-21 03:00:00,EQX1035,37.7749,-122.4194,0.0,1263.1,1263.1,291.2,15697.6,2.4,82.8,70.7,GOOD,16,225.5,,ONLINE,OFF
TEL-14367,2024-12-21 04:00:00,EQX1035,37.7749,-122.4194,0.0,1263.1,1263.1,291.2,15697.7,2.4,82.7,70.6,GOOD,24,242.3,,ONLINE,OFF
TEL-14368,2024-12-21 05:00:00,EQX1035,37.7749,-122.4194,0.0,1263.1,1263.1,291.2,15697.8,2.4,82.7,70.5,GOOD,26,238.3,,ONLINE,OFF
TEL-14369,2024-12-21 06:00:00,EQX1035,37.7749,-122.4194,0.0,1263.1,1263.1,291.2,15697.9,2.4,82.7,70.4,GOOD,16,70.4,,ONLINE,OFF
TEL-14370,2024-12-21 07:00:00,EQX1035,37.7749,-122.4194,0.0,1263.1,1263.1,291.2,15698.0,2.4,82.7,70.3,GOOD,22,130.6,,ONLINE,OFF
TEL-14371,2024-12-21 08:00:00,EQX1035,37.779239,-122.42264,26.7,1263.6,1263.6,291.3,15704.2,147.8,80.9,70.2,GOOD,15,239.5,,ONLINE,ON
TEL-14372,2024-12-21 09:00:00,EQX1035,37.773067,-122.423068,25.2,1264.1,1264.1,291.4,15709.3,121.9,79.5,70.1,GOOD,8,26.9,,ONLINE,ON
TEL-14373,2024-12-21 10:00:00,EQX1035,37.779879,-122.421686,22.9,1264.6,1264.6,291.5,15713.9,111.4,78.1,70.0,GOOD,27,275.8,,ONLINE,ON
TEL-14374,2024-12-21 11:00:00,EQX1035,37.777448,-122.42379,6.2,1265.1,1265.1,291.6,15719.1,125.5,76.6,69.9,GOOD,19,297.5,,ONLINE,ON
TEL-14375,2024-12-21 12:00:00,EQX1035,37.773789,-122.41488,11.8,1265.6,1265.6,291.7,15724.0,116.9,75.2,69.8,GOOD,29,111.4,,ONLINE,ON
TEL-14376,2024-09-01 08:00:00,EQX1036,37.8076,-122.268444,6.0,1719.1,1719.1,468.3,22066.9,191.3,82.7,88.5,WARNING,7,100.5,P0300,ONLINE,ON
TEL-14377,2024-09-01 09:00:00,EQX1036,37.802118,-122.272203,18.0,1719.6,1719.6,468.4,22072.2,128.9,81.2,88.4,GOOD,10,212.4,,ONLINE,ON
TEL-14378,2024-09-01 10:00:00,EQX1036,37.809234,-122.275582,11.0,1720.1,1720.1,468.5,22079.3,169.0,79.2,88.3,GOOD,28,63.0,,ONLINE,ON
TEL-14379,2024-09-01 11:00:00,EQX1036,37.801489,-122.27484,26.7,1720.6,1720.6,468.6,22086.4,169.7,77.2,88.2,GOOD,8,38.9,,ONLINE,ON
TEL-14380,2024-09-01 12:00:00,EQX1036,37.807133,-122.268492,21.0,1721.1,1721.1,468.7,22091.8,130.1,75.6,88.1,GOOD,25,249.9,,ONLINE,ON
TEL-14381,2024-09-01 13:00:00,EQX1036,37.80277,-122.270403,29.4,1721.6,1721.6,468.8,22097.8,143.8,73.9,88.0,GOOD,7,215.2,,ONLINE,ON
TEL-14382,2024-09-01 14:00:00,EQX1036,37.799932,-122.270768,29.7,1722.1,1722.1,468.9,22104.7,166.3,71.9,87.9,GOOD,6,75.3,,ONLINE,ON
TEL-14383,2024-09-01 15:00:00,EQX1036,37.802071,-122.274289,31.9,1722.6,1722.6,469.0,22109.5,115.7,70.5,87.8,GOOD,3,189.7,,ONLINE,ON
TEL-14384,2024-09-01 16:00:00,EQX1036,37.802209,-122.272214,21.1,1723.1,1723.1,469.1,22116.8,173.8,68.5,87.7,GOOD,11,193.7,,ONLINE,ON
TEL-14385,2024-09-01 17:00:00,EQX1036,37.804047,-122.271801,31.7,1723.6,1723.6,469.2,22123.3,156.0,66.6,87.6,GOOD,20,187.9,,OFFLINE,ON
TEL-14386,2024-09-01 18:00:00,EQX1036,37.8044,-122.2712,0.0,1723.6,1723.6,469.2,22123.4,2.4,66.6,87.5,GOOD,30,126.3,,ONLINE,OFF
TEL-14387,2024-09-01 19:00:00,EQX1036,37.8044,-122.2712,0.0,1723.6,1723.6,469.2,22123.5,2.4,66.6,87.4,GOOD,20,188.4,,ONLINE,OFF
TEL-14388,2024-09-01 20:00:00,EQX1036,37.8044,-122.2712,0.0,1723.6,1723.6,469.2,22123.5,2.4,66.5,87.3,GOOD,9,218.4,,ONLINE,OFF
TEL-14389,2024-09-01 21:00:00,EQX1036,37.8044,-122.2712,0.0,1723.6,1723.6,469.2,22123.6,2.4,66.5,87.2,GOOD,22,161.8,,ONLINE,OFF
TEL-14390,2024-09-01 22:00:00,EQX1036,37.8044,-122.2712,0.0,1723.6,1723.6,469.2,22123.7,2.4,66.5,87.1,GOOD,9,9.0,,ONLINE,OFF
TEL-14391,2024-09-01 23:00:00,EQX1036,37.8044,-122.2712,0.0,1723.6,1723.6,469.2,22123.8,2.4,66.4,87.0,GOOD,6,194.3,,ONLINE,OFF
TEL-14392,2024-09-02 00:00:00,EQX1036,37.8044,-122.2712,0.0,1723.6,1723.6,469.2,22123.9,2.4,66.4,86.9,GOOD,11,185.0,,ONLINE,OFF
TEL-14393,2024-09-02 01:00:00,EQX1036,37.8044,-122.2712,0.0,1723.6,1723.6,469.2,22124.0,2.4,66.4,86.8,GOOD,17,64.0,,ONLINE,OFF
TEL-14394,2024-09-02 02:00:00,EQX1036,37.8044,-122.2712,0.0,1723.6,1723.6,469.2,22124.1,2.4,66.4,86.7,WARNING,14,184.1,P0420,ONLINE,OFF
TEL-14395,2024-09-02 03:00:00,EQX1036,37.8044,-122.2712,0.0,1723.6,1723.6,469.2,22124.2,2.4,66.3,86.6,GOOD,16,258.8,,ONLINE,OFF
TEL-14396,2024-09-02 04:00:00,EQX1036,37.8044,-122.2712,0.0,1723.6,1723.6,469.2,22124.3,2.4,66.3,86.5,GOOD,7,49.5,,ONLINE,OFF
TEL-14397,2024-09-02 05:00:00,EQX1036,37.8044,-122.2712,0.0,1723.6,1723.6,469.2,22124.4,2.4,66.3,86.4,GOOD,21,126.2,,ONLINE,OFF
TEL-14398,2024-09-02 06:00:00,EQX1036,37.8044,-122.2712,0.0,1723.6,1723.6,469.2,22124.5,2.4,66.2,86.3,GOOD,21,218.2,,ONLINE,OFF
TEL-14399,2024-09-02 07:00:00,EQX1036,37.8044,-122.2712,0.0,1723.6,1723.6,469.2,22124.6,2.4,66.2,86.2,WARNING,13,263.1,P0300,ONLINE,OFF
TEL-14400,2024-09-02 08:00:00,EQX1036,37.807074,-122.272167,27.1,1724.1,1724.1,469.3,22130.7,146.4,64.5,86.1,GOOD,15,125.3,,ONLINE,ON
TEL-14401,2024-09-02 09:00:00,EQX1036,37.806185,-122.271914,7.8,1724.6,1724.6,469.4,22135.9,124.6,63.0,86.0,GOOD,23,184.7,,ONLINE,ON
TEL-14402,2024-09-02 10:00:00,EQX1036,37.801252,-122.274734,31.7,1725.1,1725.1,469.5,22139.9,96.0,61.8,85.9,GOOD,3,97.6,,ONLINE,ON
TEL-14403,2024-09-02 11:00:00,EQX1036,37.803818,-122.274141,22.0,1725.6,1725.6,469.6,22145.5,134.4,60.2,85.8,GOOD,19,181.1,,ONLINE,ON
TEL-14404,2024-09-02 12:00:00,EQX1036,37.801411,-122.270571,23.5,1726.1,1726.1,469.7,22153.2,184.1,58.1,85.7,GOOD,13,108.7,,ONLINE,ON
TEL-14405,2024-09-02 13:00:00,EQX1036,37.804099,-122.271065,28.4,1726.6,1726.6,469.8,22159.8,158.6,56.2,85.6,GOOD,23,255.7,,ONLINE,ON
TEL-14406,2024-09-02 14:00:00,EQX1036,37.804077,-122.27416,5.5,1727.1,1727.1,469.9,22164.4,110.2,54.9,85.5,GOOD,23,291.9,,ONLINE,ON
TEL-14407,2024-09-02 15:00:00,EQX1036,37.801449,-122.269155,15.5,1727.6,1727.6,470.0,22170.0,133.4,53.3,85.4,GOOD,6,85.5,,ONLINE,ON
TEL-14408,2024-09-02 16:00:00,EQX1036,37.809197,-122.271939,20.1,1728.1,1728.1,470.1,22175.0,121.7,51.8,85.3,GOOD,18,37.2,,ONLINE,ON
TEL-14409,2024-09-02 17:00:00,EQX1036,37.803363,-122.266498,23.1,1728.6,1728.6,470.2,22180.2,125.0,50.3,85.2,WARNING,6,292.8,P0300,ONLINE,ON
TEL-14410,2024-09-02 18:00:00,EQX1036,37.8044,-122.2712,0.0,1728.6,1728.6,470.2,22180.3,2.4,50.3,85.1,GOOD,24,134.2,,ONLINE,OFF
TEL-14411,2024-09-02 19:00:00,EQX1036,37.8044,-122.2712,0.0,1728.6,1728.6,470.2,22180.4,2.4,50.3,85.0,GOOD,6,199.3,,ONLINE,OFF
TEL-14412,2024-09-02 20:00:00,EQX1036,37.8044,-122.2712,0.0,1728.6,1728.6,470.2,22180.5,2.4,50.2,84.9,GOOD,8,27.4,,ONLINE,OFF
TEL-14413,2024-09-02 21:00:00,EQX1036,37.8044,-122.2712,0.0,1728.6,1728.6,470.2,22180.6,2.4,50.2,84.8,GOOD,19,201.3,,ONLINE,OFF
TEL-14414,2024-09-02 22:00:00,EQX1036,37.8044,-122.2712,0.0,1728.6,1728.6,470.2,22180.7,2.4,50.2,84.7,GOOD,9,274.6,,ONLINE,OFF
TEL-14415,2024-09-02 23:00:00,EQX1036,37.8044,-122.2712,0.0,1728.6,1728.6,470.2,22180.8,2.4,50.2,84.6,GOOD,30,167.8,,ONLINE,OFF
TEL-14416,2024-09-03 00:00:00,EQX1036,37.8044,-122.2712,0.0,1728.6,1728.6,470.2,22180.9,2.4,50.1,84.5,GOOD,7,214.7,,OFFLINE,OFF
TEL-14417,2024-09-03 01:00:00,EQX1036,37.8044,-122.2712,0.0,1728.6,1728.6,470.2,22181.0,2.4,50.1,84.4,GOOD,8,274.2,,ONLINE,OFF
TEL-14418,2024-09-03 02:00:00,EQX1036,37.8044,-122.2712,0.0,1728.6,1728.6,470.2,22181.1,2.4,50.1,84.3,GOOD,17,132.1,,ONLINE,OFF
TEL-14419,2024-09-03 03:00:00,EQX1036,37.8044,-122.2712,0.0,1728.6,1728.6,470.2,22181.2,2.4,50.0,84.2,GOOD,28,283.4,,ONLINE,OFF
TEL-14420,2024-09-03 04:00:00,EQX1036,37.8044,-122.2712,0.0,1728.6,1728.6,470.2,22181.3,2.4,50.0,84.1,GOOD,21,99.5,,ONLINE,OFF
TEL-14421,2024-09-03 05:00:00,EQX1036,37.8044,-122.2712,0.0,1728.6,1728.6,470.2,22181.4,2.4,50.0,84.0,GOOD,6,132.8,,ONLINE,OFF
TEL-14422,2024-09-03 06:00:00,EQX1036,37.8044,-122.2712,0.0,1728.6,1728.6,470.2,22181.5,2.4,50.0,83.9,GOOD,2,178.0,,ONLINE,OFF
TEL-14423,2024-09-03 07:00:00,EQX1036,37.8044,-122.2712,0.0,1728.6,1728.6,470.2,22181.6,2.4,49.9,83.8,GOOD,14,82.0,,ONLINE,OFF
TEL-14424,2024-09-03 08:00:00,EQX1036,37.803433,-122.273011,29.5,1729.1,1729.1,470.3,22187.1,130.1,48.4,83.7,GOOD,5,224.1,,ONLINE,ON
TEL-14425,2024-09-03 09:00:00,EQX1036,37.805106,-122.270283,6.7,1729.6,1729.6,470.4,22192.0,119.0,47.0,83.6,GOOD,25,182.5,,ONLINE,ON
TEL-14426,2024-09-03 10:00:00,EQX1036,37.807145,-122.273878,24.2,1730.1,1730.1,470.5,22197.1,121.4,45.5,83.5,GOOD,10,53.0,,ONLINE,ON
TEL-14427,2024-09-03 11:00:00,EQX1036,37.803289,-122.267975,8.4,1730.6,1730.6,470.6,22204.4,174.7,43.4,83.4,GOOD,16,163.8,,ONLINE,ON
TEL-14428,2024-09-03 12:00:00,EQX1036,37.802307,-122.271928,11.3,1731.1,1731.1,470.7,22211.8,179.3,41.3,83.3,GOOD,1,63.6,,ONLINE,ON
TEL-14429,2024-09-03 13:00:00,EQX1036,37.806747,-122.270372,17.1,1731.6,1731.6,470.8,22217.6,138.5,39.7,83.2,GOOD,13,24.3,,ONLINE,ON
TEL-14430,2024-09-03 14:00:00,EQX1036,37.806946,-122.26893,10.3,1732.1,1732.1,470.9,22224.9,174.0,37.6,83.1,GOOD,10,293.7,,ONLINE,ON
TEL-14431,2024-09-03 15:00:00,EQX1036,37.808662,-122.275499,21.5,1732.6,1732.6,471.0,22230.5,135.4,36.0,83.0,GOOD,1,236.3,,ONLINE,ON
TEL-14432,2024-09-03 16:00:00,EQX1036,37.801549,-122.272472,14.1,1733.1,1733.1,471.1,22235.8,126.2,34.5,82.9,GOOD,22,198.5,,ONLINE,ON
TEL-14433,2024-09-03 17:00:00,EQX1036,37.802557,-122.276197,5.0,1733.6,1733.6,471.2,22243.0,174.2,32.4,82.8,GOOD,10,235.6,,ONLINE,ON
TEL-14434,2024-09-03 18:00:00,EQX1036,37.8044,-122.2712,0.0,1733.6,1733.6,471.2,22243.1,2.4,32.4,82.7,CRITICAL,2,55.3,P0017,ONLINE,OFF
TEL-14435,2024-09-03 19:00:00,EQX1036,37.8044,-122.2712,0.0,1733.6,1733.6,471.2,22243.2,2.4,32.3,82.6,GOOD,30,162.6,,ONLINE,OFF
TEL-14436,2024-09-03 20:00:00,EQX1036,37.8044,-122.2712,0.0,1733.6,1733.6,471.2,22243.3,2.4,32.3,82.5,GOOD,29,196.2,,ONLINE,OFF
TEL-14437,2024-09-03 21:00:00,EQX1036,37.8044,-122.2712,0.0,1733.6,1733.6,471.2,22243.4,2.4,32.3,82.4,GOOD,18,34.8,,ONLINE,OFF
TEL-14438,2024-09-03 22:00:00,EQX1036,37.8044,-122.2712,0.0,1733.6,1733.6,471.2,22243.5,2.4,32.3,82.3,GOOD,1,263.1,,ONLINE,OFF
TEL-14439,2024-09-03 23:00:00,EQX1036,37.8044,-122.2712,0.0,1733.6,1733.6,471.2,22243.6,2.4,32.2,82.2,GOOD,23,243.2,,ONLINE,OFF
TEL-14440,2024-09-04 00:00:00,EQX1036,37.8044,-122.2712,0.0,1733.6,1733.6,471.2,22243.7,2.4,32.2,82.1,GOOD,14,24.4,,ONLINE,OFF
TEL-14441,2024-09-04 01:00:00,EQX1036,37.8044,-122.2712,0.0,1733.6,1733.6,471.2,22243.8,2.4,32.2,82.0,GOOD,0,160.9,,ONLINE,OFF
TEL-14442,2024-09-04 02:00:00,EQX1036,37.8044,-122.2712,0.0,1733.6,1733.6,471.2,22243.9,2.4,32.1,81.9,GOOD,27,61.2,,ONLINE,OFF
TEL-14443,2024-09-04 03:00:00,EQX1036,37.8044,-122.2712,0.0,1733.6,1733.6,471.2,22244.0,2.4,32.1,81.8,GOOD,17,272.2,,ONLINE,OFF
TEL-14444,2024-09-04 04:00:00,EQX1036,37.8044,-122.2712,0.0,1733.6,1733.6,471.2,22244.1,2.4,32.1,81.7,GOOD,0,147.1,,ONLINE,OFF
TEL-14445,2024-09-04 05:00:00,EQX1036,37.8044,-122.2712,0.0,1733.6,1733.6,471.2,22244.2,2.4,32.1,81.6,GOOD,4,288.9,,ONLINE,OFF
TEL-14446,2024-09-04 06:00:00,EQX1036,37.8044,-122.2712,0.0,1733.6,1733.6,471.2,22244.3,2.4,32.0,81.5,GOOD,6,83.8,,ONLINE,OFF
TEL-14447,2024-09-04 07:00:00,EQX1036,37.8044,-122.2712,0.0,1733.6,1733.6,471.2,22244.4,2.4,32.0,81.4,GOOD,27,282.6,,ONLINE,OFF
TEL-14448,2024-09-04 08:00:00,EQX1036,37.808837,-122.267932,28.2,1734.1,1734.1,471.3,22249.5,121.4,30.5,81.3,GOOD,29,278.7,,ONLINE,ON
TEL-14449,2024-09-04 09:00:00,EQX1036,37.800945,-122.27171,19.9,1734.6,1734.6,471.4,22255.6,146.2,28.8,81.2,GOOD,3,20.5,,ONLINE,ON
TEL-14450,2024-09-04 10:00:00,EQX1036,37.803545,-122.266437,32.5,1735.1,1735.1,471.5,22263.4,187.0,26.6,81.1,GOOD,7,275.1,,ONLINE,ON
TEL-14451,2024-09-04 11:00:00,EQX1036,37.808832,-122.271907,34.8,1735.6,1735.6,471.6,22269.7,152.9,24.8,81.0,GOOD,3,35.4,,ONLINE,ON
TEL-14452,2024-09-04 12:00:00,EQX1036,37.800219,-122.274986,17.9,1736.1,1736.1,471.7,22277.1,175.9,22.7,80.9,GOOD,22,193.5,,ONLINE,ON
TEL-14453,2024-09-04 13:00:00,EQX1036,37.808662,-122.274243,11.9,1736.6,1736.6,471.8,22283.8,161.3,20.7,80.8,GOOD,27,223.7,,ONLINE,ON
TEL-14454,2024-09-04 14:00:00,EQX1036,37.799996,-122.26832,28.1,1737.1,1737.1,471.9,22290.1,151.7,18.9,80.7,GOOD,26,198.8,,ONLINE,ON
TEL-14455,2024-09-04 15:00:00,EQX1036,37.806411,-122.266236,23.0,1737.6,1737.6,472.0,22296.3,149.3,17.2,80.6,GOOD,28,174.8,,ONLINE,ON
TEL-14456,2024-09-04 16:00:00,EQX1036,37.808002,-122.275716,16.6,1738.1,1738.1,472.1,22300.7,106.3,15.9,80.5,GOOD,5,26.7,,ONLINE,ON
TEL-14457,2024-09-04 17:00:00,EQX1036,37.803622,-122.271011,9.2,1738.6,1738.6,472.2,22304.9,100.8,14.7,80.4,GOOD,3,282.4,,ONLINE,ON
TEL-14458,2024-09-04 18:00:00,EQX1036,37.8044,-122.2712,0.0,1738.6,1738.6,472.2,22305.0,2.4,14.7,80.3,GOOD,23,238.9,,ONLINE,OFF
TEL-14459,2024-09-04 19:00:00,EQX1036,37.8044,-122.2712,0.0,1738.6,1738.6,472.2,22305.1,2.4,14.6,80.2,WARNING,22,22.6,P0420,ONLINE,OFF
TEL-14460,2024-09-04 20:00:00,EQX1036,37.8044,-122.2712,0.0,1738.6,1738.6,472.2,22305.2,2.4,14.6,80.1,GOOD,25,232.3,,ONLINE,OFF
TEL-14461,2024-09-04 21:00:00,EQX1036,37.8044,-122.2712,0.0,1738.6,1738.6,472.2,22305.3,2.4,14.6,80.0,GOOD,8,84.1,,ONLINE,OFF
TEL-14462,2024-09-04 22:00:00,EQX1036,37.8044,-122.2712,0.0,1738.6,1738.6,472.2,22305.4,2.4,14.6,79.9,WARNING,0,177.2,P0300,ONLINE,OFF
TEL-14463,2024-09-04 23:00:00,EQX1036,37.8044,-122.2712,0.0,1738.6,1738.6,472.2,22305.5,2.4,14.5,79.8,GOOD,29,150.5,,ONLINE,OFF
TEL-14464,2024-09-05 00:00:00,EQX1036,37.8044,-122.2712,0.0,1738.6,1738.6,472.2,22305.6,2.4,14.5,79.7,GOOD,8,102.1,,ONLINE,OFF
TEL-14465,2024-09-05 01:00:00,EQX1036,37.8044,-122.2712,0.0,1738.6,1738.6,472.2,22305.7,2.4,14.5,79.6,GOOD,20,163.9,,ONLINE,OFF
TEL-14466,2024-09-05 02:00:00,EQX1036,37.8044,-122.2712,0.0,1738.6,1738.6,472.2,22305.8,2.4,14.4,79.5,GOOD,8,42.5,,ONLINE,OFF
TEL-14467,2024-09-05 03:00:00,EQX1036,37.8044,-122.2712,0.0,1738.6,1738.6,472.2,22305.9,2.4,14.4,79.4,GOOD,19,197.4,,ONLINE,OFF
TEL-14468,2024-09-05 04:00:00,EQX1036,37.8044,-122.2712,0.0,1738.6,1738.6,472.2,22306.0,2.4,14.4,79.3,GOOD,20,132.9,,ONLINE,OFF
TEL-14469,2024-09-05 05:00:00,EQX1036,37.8044,-122.2712,0.0,1738.6,1738.6,472.2,22306.1,2.4,14.4,79.2,GOOD,24,188.1,,ONLINE,OFF
TEL-14470,2024-09-05 06:00:00,EQX1036,37.8044,-122.2712,0.0,1738.6,1738.6,472.2,22306.2,2.4,14.3,79.1,GOOD,2,263.4,,ONLINE,OFF
TEL-14471,2024-09-05 07:00:00,EQX1036,37.8044,-122.2712,0.0,1738.6,1738.6,472.2,22306.3,2.4,14.3,79.0,GOOD,30,257.0,,ONLINE,OFF
TEL-14472,2024-09-05 08:00:00,EQX1036,37.803409,-122.271506,13.6,1739.1,1739.1,472.3,22310.9,109.4,13.0,78.9,GOOD,28,155.6,,ONLINE,ON
TEL-14473,2024-09-05 09:00:00,EQX1036,37.809019,-122.272326,22.5,1739.6,1739.6,472.4,22315.0,97.4,11.8,78.8,GOOD,12,25.4,,ONLINE,ON
TEL-14474,2024-09-05 10:00:00,EQX1036,37.804801,-122.271846,27.8,1740.1,1740.1,472.5,22320.5,133.2,10.3,78.7,GOOD,16,38.2,,ONLINE,ON
TEL-14475,2024-09-05 11:00:00,EQX1036,37.808575,-122.266221,29.2,1740.6,1740.6,472.6,22326.1,134.4,95.0,78.6,GOOD,1,37.5,,ONLINE,ON
TEL-14476,2024-09-05 12:00:00,EQX1036,37.804311,-122.269362,16.1,1741.1,1741.1,472.7,22330.7,111.1,93.7,78.5,WARNING,28,109.2,P0017,ONLINE,ON
TEL-14477,2024-09-05 13:00:00,EQX1036,37.806568,-122.274725,33.0,1741.6,1741.6,472.8,22338.6,187.4,91.4,78.4,GOOD,6,102.1,,ONLINE,ON
TEL-14478,2024-09-05 14:00:00,EQX1036,37.799407,-122.27299,15.2,1742.1,1742.1,472.9,22345.5,167.3,89.5,78.3,GOOD,9,180.1,,ONLINE,ON
TEL-14479,2024-09-05 15:00:00,EQX1036,37.808958,-122.275634,31.4,1742.6,1742.6,473.0,22351.3,139.4,87.8,78.2,CRITICAL,29,219.6,P0217,ONLINE,ON
TEL-14480,2024-09-05 16:00:00,EQX1036,37.80659,-122.27105,11.8,1743.1,1743.1,473.1,22356.1,115.2,86.4,78.1,GOOD,10,183.8,,ONLINE,ON
TEL-14481,2024-09-05 17:00:00,EQX1036,37.801822,-122.274931,29.9,1743.6,1743.6,473.2,22361.1,118.1,85.0,78.0,GOOD,19,25.6,,ONLINE,ON
TEL-14482,2024-09-05 18:00:00,EQX1036,37.8044,-122.2712,0.0,1743.6,1743.6,473.2,22361.2,2.4,85.0,77.9,GOOD,8,266.7,,ONLINE,OFF
TEL-14483,2024-09-05 19:00:00,EQX1036,37.8044,-122.2712,0.0,1743.6,1743.6,473.2,22361.3,2.4,85.0,77.8,GOOD,29,209.5,,ONLINE,OFF
TEL-14484,2024-09-05 20:00:00,EQX1036,37.8044,-122.2712,0.0,1743.6,1743.6,473.2,22361.4,2.4,84.9,77.7,GOOD,28,161.5,,ONLINE,OFF
TEL-14485,2024-09-05 21:00:00,EQX1036,37.8044,-122.2712,0.0,1743.6,1743.6,473.2,22361.5,2.4,84.9,77.6,GOOD,29,240.1,,ONLINE,OFF
TEL-14486,2024-09-05 22:00:00,EQX1036,37.8044,-122.2712,0.0,1743.6,1743.6,473.2,22361.6,2.4,84.9,77.5,GOOD,26,144.5,,ONLINE,OFF
TEL-14487,2024-09-05 23:00:00,EQX1036,37.8044,-122.2712,0.0,1743.6,1743.6,473.2,22361.7,2.4,84.8,77.4,GOOD,1,226.9,,ONLINE,OFF
TEL-14488,2024-09-06 00:00:00,EQX1036,37.8044,-122.2712,0.0,1743.6,1743.6,473.2,22361.8,2.4,84.8,77.3,GOOD,4,68.4,,ONLINE,OFF
TEL-14489,2024-09-06 01:00:00,EQX1036,37.8044,-122.2712,0.0,1743.6,1743.6,473.2,22361.9,2.4,84.8,77.2,GOOD,21,270.4,,ONLINE,OFF
TEL-14490,2024-09-06 02:00:00,EQX1036,37.8044,-122.2712,0.0,1743.6,1743.6,473.2,22362.0,2.4,84.8,77.1,GOOD,30,12.8,,ONLINE,OFF
TEL-14491,2024-09-06 03:00:00,EQX1036,37.8044,-122.2712,0.0,1743.6,1743.6,473.2,22362.1,2.4,84.7,77.0,GOOD,5,292.0,,ONLINE,OFF
TEL-14492,2024-09-06 04:00:00,EQX1036,37.8044,-122.2712,0.0,1743.6,1743.6,473.2,22362.2,2.4,84.7,76.9,GOOD,24,241.7,,ONLINE,OFF
TEL-14493,2024-09-06 05:00:00,EQX1036,37.8044,-122.2712,0.0,1743.6,1743.6,473.2,22362.3,2.4,84.7,76.8,GOOD,15,135.5,,ONLINE,OFF
TEL-14494,2024-09-06 06:00:00,EQX1036,37.8044,-122.2712,0.0,1743.6,1743.6,473.2,22362.4,2.4,84.6,76.7,GOOD,4,125.1,,ONLINE,OFF
TEL-14495,2024-09-06 07:00:00,EQX1036,37.8044,-122.2712,0.0,1743.6,1743.6,473.2,22362.5,2.4,84.6,76.6,GOOD,17,43.1,,ONLINE,OFF
TEL-14496,2024-09-06 08:00:00,EQX1036,37.800891,-122.273092,27.5,1744.1,1744.1,473.3,22370.4,191.3,82.3,76.5,GOOD,10,60.8,,ONLINE,ON
TEL-14497,2024-09-06 09:00:00,EQX1036,37.806196,-122.268628,8.5,1744.6,1744.6,473.4,22378.0,182.4,80.2,76.4,GOOD,7,75.5,,ONLINE,ON
TEL-14498,2024-09-06 10:00:00,EQX1036,37.804508,-122.271483,16.0,1745.1,1745.1,473.5,22384.2,149.3,78.4,76.3,WARNING,14,119.0,P0217,ONLINE,ON
TEL-14499,2024-09-06 11:00:00,EQX1036,37.804723,-122.270797,18.1,1745.6,1745.6,473.6,22391.9,183.8,76.2,76.2,GOOD,22,208.9,,ONLINE,ON
TEL-14500,2024-09-06 12:00:00,EQX1036,37.799956,-122.271474,20.0,1746.1,1746.1,473.7,22396.2,103.7,75.0,76.1,GOOD,26,64.5,,ONLINE,ON
TEL-14501,2025-04-03 08:00:00,EQX1037,37.770853,-122.417852,28.3,3216.7,3216.7,1179.3,41214.5,164.2,83.0,64.0,GOOD,28,282.2,,ONLINE,ON
TEL-14502,2025-04-03 09:00:00,EQX1037,37.776256,-122.423182,12.7,3217.2,3217.2,1179.4,41222.4,187.7,80.8,63.9,GOOD,29,85.8,,ONLINE,ON
TEL-14503,2025-04-03 10:00:00,EQX1037,37.779214,-122.420875,9.3,3217.7,3217.7,1179.5,41229.5,171.6,78.8,63.8,GOOD,6,64.1,,ONLINE,ON
TEL-14504,2025-04-03 11:00:00,EQX1037,37.778008,-122.417565,22.9,3218.2,3218.2,1179.6,41236.0,154.8,76.9,63.7,GOOD,7,266.1,,ONLINE,ON
TEL-14505,2025-04-03 12:00:00,EQX1037,37.774221,-122.418247,28.6,3218.7,3218.7,1179.7,41243.7,185.5,74.7,63.6,WARNING,24,13.7,P0017,ONLINE,ON
TEL-14506,2025-04-03 13:00:00,EQX1037,37.772915,-122.418403,11.2,3219.2,3219.2,1179.8,41250.2,156.7,72.9,63.5,GOOD,22,106.8,,ONLINE,ON
TEL-14507,2025-04-03 14:00:00,EQX1037,37.775207,-122.419334,21.5,3219.7,3219.7,1179.9,41255.9,135.6,71.2,63.4,GOOD,12,16.1,,ONLINE,ON
TEL-14508,2025-04-03 15:00:00,EQX1037,37.771056,-122.418673,26.3,3220.2,3220.2,1180.0,41263.6,185.3,69.0,63.3,GOOD,6,136.9,,ONLINE,ON
TEL-14509,2025-04-03 16:00:00,EQX1037,37.77893,-122.418566,34.3,3220.7,3220.7,1180.1,41268.5,117.1,67.6,63.2,WARNING,6,35.3,P0087,ONLINE,ON
TEL-14510,2025-04-03 17:00:00,EQX1037,37.77254,-122.42399,10.0,3221.2,3221.2,1180.2,41273.4,118.1,66.2,63.1,CRITICAL,6,205.7,P0300,ONLINE,ON
TEL-14511,2025-04-03 18:00:00,EQX1037,37.7749,-122.4194,0.0,3221.2,3221.2,1180.2,41273.5,2.4,66.2,63.0,GOOD,28,270.9,,ONLINE,OFF
TEL-14512,2025-04-03 19:00:00,EQX1037,37.7749,-122.4194,0.0,3221.2,3221.2,1180.2,41273.6,2.4,66.2,62.9,GOOD,14,141.5,,ONLINE,OFF
TEL-14513,2025-04-03 20:00:00,EQX1037,37.7749,-122.4194,0.0,3221.2,3221.2,1180.2,41273.7,2.4,66.1,62.8,GOOD,7,120.8,,ONLINE,OFF
TEL-14514,2025-04-03 21:00:00,EQX1037,37.7749,-122.4194,0.0,3221.2,3221.2,1180.2,41273.8,2.4,66.1,62.7,GOOD,12,3.8,,ONLINE,OFF
TEL-14515,2025-04-03 22:00:00,EQX1037,37.7749,-122.4194,0.0,3221.2,3221.2,1180.2,41273.9,2.4,66.1,62.6,GOOD,4,48.6,,ONLINE,OFF
TEL-14516,2025-04-03 23:00:00,EQX1037,37.7749,-122.4194,0.0,3221.2,3221.2,1180.2,41274.0,2.4,66.1,62.5,GOOD,30,54.3,,ONLINE,OFF
TEL-14517,2025-04-04 00:00:00,EQX1037,37.7749,-122.4194,0.0,3221.2,3221.2,1180.2,41274.1,2.4,66.0,62.4,GOOD,26,278.4,,ONLINE,OFF
TEL-14518,2025-04-04 01:00:00,EQX1037,37.7749,-122.4194,0.0,3221.2,3221.2,1180.2,41274.2,2.4,66.0,62.3,GOOD,17,49.5,,ONLINE,OFF
TEL-14519,2025-04-04 02:00:00,EQX1037,37.7749,-122.4194,0.0,3221.2,3221.2,1180.2,41274.3,2.4,66.0,62.2,GOOD,13,78.4,,ONLINE,OFF
TEL-14520,2025-04-04 03:00:00,EQX1037,37.7749,-122.4194,0.0,3221.2,3221.2,1180.2,41274.4,2.4,65.9,62.1,GOOD,0,271.9,,ONLINE,OFF
TEL-14521,2025-04-04 04:00:00,EQX1037,37.7749,-122.4194,0.0,3221.2,3221.2,1180.2,41274.5,2.4,65.9,62.0,GOOD,26,129.3,,ONLINE,OFF
TEL-14522,2025-04-04 05:00:00,EQX1037,37.7749,-122.4194,0.0,3221.2,3221.2,1180.2,41274.6,2.4,65.9,61.9,GOOD,12,198.0,,ONLINE,OFF
TEL-14523,2025-04-04 06:00:00,EQX1037,37.7749,-122.4194,0.0,3221.2,3221.2,1180.2,41274.7,2.4,65.9,61.8,GOOD,7,28.4,,ONLINE,OFF
TEL-14524,2025-04-04 07:00:00,EQX1037,37.7749,-122.4194,0.0,3221.2,3221.2,1180.2,41274.8,2.4,65.8,61.7,GOOD,10,156.3,,ONLINE,OFF
TEL-14525,2025-04-04 08:00:00,EQX1037,37.770816,-122.414734,26.8,3221.7,3221.7,1180.3,41281.1,151.4,64.0,61.6,GOOD,25,129.9,,ONLINE,ON
TEL-14526,2025-04-04 09:00:00,EQX1037,37.770191,-122.420512,7.9,3222.2,3222.2,1180.4,41289.0,188.9,61.8,61.5,GOOD,2,142.2,,ONLINE,ON
TEL-14527,2025-04-04 10:00:00,EQX1037,37.77928,-122.416507,26.2,3222.7,3222.7,1180.5,41294.2,125.5,60.3,61.4,GOOD,3,24.9,,ONLINE,ON
TEL-14528,2025-04-04 11:00:00,EQX1037,37.773514,-122.414551,17.3,3223.2,3223.2,1180.6,41299.5,128.4,58.8,61.3,GOOD,11,171.8,,ONLINE,ON
TEL-14529,2025-04-04 12:00:00,EQX1037,37.775638,-122.422427,12.7,3223.7,3223.7,1180.7,41303.8,103.0,57.5,61.2,GOOD,13,58.0,,ONLINE,ON
TEL-14530,2025-04-04 13:00:00,EQX1037,37.774789,-122.419788,25.7,3224.2,3224.2,1180.8,41309.2,128.4,56.0,61.1,GOOD,11,170.4,,ONLINE,ON
TEL-14531,2025-04-04 14:00:00,EQX1037,37.778234,-122.421314,15.8,3224.7,3224.7,1180.9,41315.4,149.8,54.2,61.0,GOOD,2,175.4,,ONLINE,ON
TEL-14532,2025-04-04 15:00:00,EQX1037,37.779499,-122.417876,11.6,3225.2,3225.2,1181.0,41322.7,174.2,52.1,60.9,GOOD,25,147.4,,ONLINE,ON
TEL-14533,2025-04-04 16:00:00,EQX1037,37.776696,-122.4195,8.9,3225.7,3225.7,1181.1,41327.5,115.2,50.8,60.8,GOOD,0,9.9,,ONLINE,ON
TEL-14534,2025-04-04 17:00:00,EQX1037,37.772979,-122.41473,7.2,3226.2,3226.2,1181.2,41332.4,117.6,49.4,60.7,GOOD,6,123.8,,ONLINE,ON
TEL-14535,2025-04-04 18:00:00,EQX1037,37.7749,-122.4194,0.0,3226.2,3226.2,1181.2,41332.5,2.4,49.3,60.6,GOOD,8,297.8,,ONLINE,OFF
TEL-14536,2025-04-04 19:00:00,EQX1037,37.7749,-122.4194,0.0,3226.2,3226.2,1181.2,41332.6,2.4,49.3,60.5,GOOD,16,285.2,,ONLINE,OFF
TEL-14537,2025-04-04 20:00:00,EQX1037,37.7749,-122.4194,0.0,3226.2,3226.2,1181.2,41332.7,2.4,49.3,60.4,GOOD,29,247.0,,ONLINE,OFF
TEL-14538,2025-04-04 21:00:00,EQX1037,37.7749,-122.4194,0.0,3226.2,3226.2,1181.2,41332.8,2.4,49.3,60.3,CRITICAL,25,197.6,P0562,ONLINE,OFF
TEL-14539,2025-04-04 22:00:00,EQX1037,37.7749,-122.4194,0.0,3226.2,3226.2,1181.2,41332.9,2.4,49.2,60.2,GOOD,15,67.3,,ONLINE,OFF
TEL-14540,2025-04-04 23:00:00,EQX1037,37.7749,-122.4194,0.0,3226.2,3226.2,1181.2,41333.0,2.4,49.2,60.1,WARNING,19,281.6,P0300,ONLINE,OFF
TEL-14541,2025-04-05 00:00:00,EQX1037,37.7749,-122.4194,0.0,3226.2,3226.2,1181.2,41333.1,2.4,49.2,60.0,GOOD,5,293.3,,ONLINE,OFF
TEL-14542,2025-04-05 01:00:00,EQX1037,37.7749,-122.4194,0.0,3226.2,3226.2,1181.2,41333.2,2.4,49.1,59.9,GOOD,5,228.5,,ONLINE,OFF
TEL-14543,2025-04-05 02:00:00,EQX1037,37.7749,-122.4194,0.0,3226.2,3226.2,1181.2,41333.3,2.4,49.1,59.8,GOOD,5,17.1,,ONLINE,OFF
TEL-14544,2025-04-05 03:00:00,EQX1037,37.7749,-122.4194,0.0,3226.2,3226.2,1181.2,41333.4,2.4,49.1,59.7,GOOD,5,268.7,,ONLINE,OFF
TEL-14545,2025-04-05 04:00:00,EQX1037,37.7749,-122.4194,0.0,3226.2,3226.2,1181.2,41333.5,2.4,49.1,59.6,GOOD,21,253.3,,ONLINE,OFF
TEL-14546,2025-04-05 05:00:00,EQX1037,37.7749,-122.4194,0.0,3226.2,3226.2,1181.2,41333.6,2.4,49.0,59.5,GOOD,19,58.6,,ONLINE,OFF
TEL-14547,2025-04-05 06:00:00,EQX1037,37.7749,-122.4194,0.0,3226.2,3226.2,1181.2,41333.7,2.4,49.0,59.4,CRITICAL,21,100.7,P0017,ONLINE,OFF
TEL-14548,2025-04-05 07:00:00,EQX1037,37.7749,-122.4194,0.0,3226.2,3226.2,1181.2,41333.8,2.4,49.0,59.3,GOOD,21,149.7,,ONLINE,OFF
TEL-14549,2025-04-05 08:00:00,EQX1037,37.774037,-122.416228,23.8,3226.7,3226.7,1181.3,41338.5,113.5,47.6,59.2,GOOD,13,152.5,,ONLINE,ON
TEL-14550,2025-04-05 09:00:00,EQX1037,37.774101,-122.423772,25.6,3227.2,3227.2,1181.4,41346.0,179.3,45.5,59.1,GOOD,21,181.5,,ONLINE,ON
TEL-14551,2025-04-05 10:00:00,EQX1037,37.779582,-122.41578,11.0,3227.7,3227.7,1181.5,41351.4,129.4,43.9,59.0,GOOD,9,248.8,,ONLINE,ON
TEL-14552,2025-04-05 11:00:00,EQX1037,37.774007,-122.421685,33.5,3228.2,3228.2,1181.6,41359.0,183.8,41.8,58.9,GOOD,6,45.1,,ONLINE,ON
TEL-14553,2025-04-05 12:00:00,EQX1037,37.777919,-122.415655,16.9,3228.7,3228.7,1181.7,41365.0,143.3,40.1,58.8,GOOD,25,79.2,,ONLINE,ON
TEL-14554,2025-04-05 13:00:00,EQX1037,37.77375,-122.421807,15.0,3229.2,3229.2,1181.8,41370.8,138.7,38.4,58.7,GOOD,14,223.4,,ONLINE,ON
TEL-14555,2025-04-05 14:00:00,EQX1037,37.772286,-122.415863,15.5,3229.7,3229.7,1181.9,41378.2,176.9,36.3,58.6,GOOD,20,10.8,,ONLINE,ON
TEL-14556,2025-04-05 15:00:00,EQX1037,37.772313,-122.419448,24.2,3230.2,3230.2,1182.0,41383.2,120.2,34.9,58.5,CRITICAL,8,203.8,P0562,ONLINE,ON
TEL-14557,2025-04-05 16:00:00,EQX1037,37.77217,-122.418163,27.4,3230.7,3230.7,1182.1,41389.6,154.6,33.0,58.4,GOOD,14,241.4,,ONLINE,ON
TEL-14558,2025-04-05 17:00:00,EQX1037,37.777629,-122.41958,15.5,3231.2,3231.2,1182.2,41395.8,149.3,31.2,58.3,WARNING,17,64.8,P0087,ONLINE,ON
TEL-14559,2025-04-05 18:00:00,EQX1037,37.7749,-122.4194,0.0,3231.2,3231.2,1182.2,41395.9,2.4,31.2,58.2,GOOD,6,56.0,,ONLINE,OFF
TEL-14560,2025-04-05 19:00:00,EQX1037,37.7749,-122.4194,0.0,3231.2,3231.2,1182.2,41396.0,2.4,31.2,58.1,GOOD,9,292.8,,ONLINE,OFF
TEL-14561,2025-04-05 20:00:00,EQX1037,37.7749,-122.4194,0.0,3231.2,3231.2,1182.2,41396.1,2.4,31.2,58.0,GOOD,24,8.8,,ONLINE,OFF
TEL-14562,2025-04-05 21:00:00,EQX1037,37.7749,-122.4194,0.0,3231.2,3231.2,1182.2,41396.2,2.4,31.1,57.9,GOOD,28,82.5,,ONLINE,OFF
TEL-14563,2025-04-05 22:00:00,EQX1037,37.7749,-122.4194,0.0,3231.2,3231.2,1182.2,41396.3,2.4,31.1,57.8,GOOD,5,243.2,,ONLINE,OFF
TEL-14564,2025-04-05 23:00:00,EQX1037,37.7749,-122.4194,0.0,3231.2,3231.2,1182.2,41396.4,2.4,31.1,57.7,GOOD,1,240.6,,ONLINE,OFF
TEL-14565,2025-04-06 00:00:00,EQX1037,37.7749,-122.4194,0.0,3231.2,3231.2,1182.2,41396.5,2.4,31.0,57.6,GOOD,27,159.9,,ONLINE,OFF
TEL-14566,2025-04-06 01:00:00,EQX1037,37.7749,-122.4194,0.0,3231.2,3231.2,1182.2,41396.6,2.4,31.0,57.5,GOOD,9,277.4,,ONLINE,OFF
TEL-14567,2025-04-06 02:00:00,EQX1037,37.7749,-122.4194,0.0,3231.2,3231.2,1182.2,41396.7,2.4,31.0,57.4,GOOD,25,286.2,,ONLINE,OFF
TEL-14568,2025-04-06 03:00:00,EQX1037,37.7749,-122.4194,0.0,3231.2,3231.2,1182.2,41396.8,2.4,31.0,57.3,GOOD,6,255.2,,ONLINE,OFF
TEL-14569,2025-04-06 04:00:00,EQX1037,37.7749,-122.4194,0.0,3231.2,3231.2,1182.2,41396.9,2.4,30.9,57.2,GOOD,25,171.1,,ONLINE,OFF
TEL-14570,2025-04-06 05:00:00,EQX1037,37.7749,-122.4194,0.0,3231.2,3231.2,1182.2,41397.0,2.4,30.9,57.1,GOOD,25,16.1,,ONLINE,OFF
TEL-14571,2025-04-06 06:00:00,EQX1037,37.7749,-122.4194,0.0,3231.2,3231.2,1182.2,41397.1,2.4,30.9,57.0,GOOD,2,16.0,,ONLINE,OFF
TEL-14572,2025-04-06 07:00:00,EQX1037,37.7749,-122.4194,0.0,3231.2,3231.2,1182.2,41397.2,2.4,30.8,56.9,GOOD,1,144.9,,ONLINE,OFF
TEL-14573,2025-04-06 08:00:00,EQX1037,37.77105,-122.42141,21.0,3231.7,3231.7,1182.3,41404.0,161.5,28.9,56.8,GOOD,14,142.7,,ONLINE,ON
TEL-14574,2025-04-06 09:00:00,EQX1037,37.772261,-122.416055,24.0,3232.2,3232.2,1182.4,41408.8,115.4,27.6,56.7,GOOD,6,266.8,,ONLINE,ON
TEL-14575,2025-04-06 10:00:00,EQX1037,37.779365,-122.419119,18.4,3232.7,3232.7,1182.5,41415.4,158.9,25.7,56.6,GOOD,30,242.6,,ONLINE,ON
TEL-14576,2025-04-06 11:00:00,EQX1037,37.771734,-122.424083,15.3,3233.2,3233.2,1182.6,41422.4,168.7,23.7,56.5,GOOD,12,258.2,,ONLINE,ON
TEL-14577,2025-04-06 12:00:00,EQX1037,37.774709,-122.418035,19.1,3233.7,3233.7,1182.7,41428.1,137.5,22.0,56.4,GOOD,30,35.9,,ONLINE,ON
TEL-14578,2025-04-06 13:00:00,EQX1037,37.773891,-122.423451,9.8,3234.2,3234.2,1182.8,41432.9,113.5,20.7,56.3,GOOD,6,147.6,,ONLINE,ON
TEL-14579,2025-04-06 14:00:00,EQX1037,37.779554,-122.4148,12.6,3234.7,3234.7,1182.9,41439.3,153.4,18.8,56.2,GOOD,6,272.8,,ONLINE,ON
TEL-14580,2025-04-06 15:00:00,EQX1037,37.76999,-122.415233,12.5,3235.2,3235.2,1183.0,41444.9,135.4,17.2,56.1,GOOD,15,173.6,,ONLINE,ON
TEL-14581,2025-04-06 16:00:00,EQX1037,37.77835,-122.420766,27.8,3235.7,3235.7,1183.1,41451.4,156.2,15.4,56.0,GOOD,8,12.2,,ONLINE,ON
TEL-14582,2025-04-06 17:00:00,EQX1037,37.775278,-122.417945,6.1,3236.2,3236.2,1183.2,41457.2,139.7,13.7,55.9,GOOD,16,290.7,,ONLINE,ON
TEL-14583,2025-04-06 18:00:00,EQX1037,37.7749,-122.4194,0.0,3236.2,3236.2,1183.2,41457.3,2.4,13.7,55.8,GOOD,24,105.4,,ONLINE,OFF
TEL-14584,2025-04-06 19:00:00,EQX1037,37.7749,-122.4194,0.0,3236.2,3236.2,1183.2,41457.4,2.4,13.6,55.7,GOOD,9,207.0,,ONLINE,OFF
TEL-14585,2025-04-06 20:00:00,EQX1037,37.7749,-122.4194,0.0,3236.2,3236.2,1183.2,41457.5,2.4,13.6,55.6,GOOD,4,143.8,,OFFLINE,OFF
TEL-14586,2025-04-06 21:00:00,EQX1037,37.7749,-122.4194,0.0,3236.2,3236.2,1183.2,41457.6,2.4,13.6,55.5,GOOD,27,135.5,,ONLINE,OFF
TEL-14587,2025-04-06 22:00:00,EQX1037,37.7749,-122.4194,0.0,3236.2,3236.2,1183.2,41457.7,2.4,13.6,55.4,GOOD,25,117.0,,ONLINE,OFF
TEL-14588,2025-04-06 23:00:00,EQX1037,37.7749,-122.4194,0.0,3236.2,3236.2,1183.2,41457.8,2.4,13.5,55.3,GOOD,13,147.7,,ONLINE,OFF
TEL-14589,2025-04-07 00:00:00,EQX1037,37.7749,-122.4194,0.0,3236.2,3236.2,1183.2,41457.9,2.4,13.5,55.2,GOOD,8,284.4,,ONLINE,OFF
TEL-14590,2025-04-07 01:00:00,EQX1037,37.7749,-122.4194,0.0,3236.2,3236.2,1183.2,41458.0,2.4,13.5,55.1,GOOD,21,171.8,,ONLINE,OFF
TEL-14591,2025-04-07 02:00:00,EQX1037,37.7749,-122.4194,0.0,3236.2,3236.2,1183.2,41458.1,2.4,13.4,55.0,GOOD,6,298.8,,ONLINE,OFF
TEL-14592,2025-04-07 03:00:00,EQX1037,37.7749,-122.4194,0.0,3236.2,3236.2,1183.2,41458.2,2.4,13.4,54.9,WARNING,28,111.5,P0562,ONLINE,OFF
TEL-14593,2025-04-07 04:00:00,EQX1037,37.7749,-122.4194,0.0,3236.2,3236.2,1183.2,41458.3,2.4,13.4,54.8,GOOD,13,185.8,,OFFLINE,OFF
TEL-14594,2025-04-07 05:00:00,EQX1037,37.7749,-122.4194,0.0,3236.2,3236.2,1183.2,41458.4,2.4,13.4,54.7,GOOD,6,250.0,,ONLINE,OFF
TEL-14595,2025-04-07 06:00:00,EQX1037,37.7749,-122.4194,0.0,3236.2,3236.2,1183.2,41458.5,2.4,13.3,54.6,GOOD,19,197.5,,ONLINE,OFF
TEL-14596,2025-04-07 07:00:00,EQX1037,37.7749,-122.4194,0.0,3236.2,3236.2,1183.2,41458.6,2.4,13.3,54.5,GOOD,19,246.8,,ONLINE,OFF
TEL-14597,2025-04-07 08:00:00,EQX1037,37.773896,-122.421753,10.0,3236.7,3236.7,1183.3,41463.6,119.5,11.9,54.4,WARNING,0,132.1,P0087,ONLINE,ON
TEL-14598,2025-04-07 09:00:00,EQX1037,37.777951,-122.415984,24.3,3237.2,3237.2,1183.4,41468.1,107.3,10.6,54.3,GOOD,6,277.3,,ONLINE,ON
TEL-14599,2025-04-07 10:00:00,EQX1037,37.775993,-122.42225,5.8,3237.7,3237.7,1183.5,41472.7,109.9,95.0,54.2,GOOD,0,6.6,,ONLINE,ON
TEL-14600,2025-04-07 11:00:00,EQX1037,37.7713,-122.42401,8.8,3238.2,3238.2,1183.6,41477.0,103.4,93.8,54.1,GOOD,29,155.2,,ONLINE,ON
TEL-14601,2025-04-07 12:00:00,EQX1037,37.771144,-122.417469,29.2,3238.7,3238.7,1183.7,41481.2,101.3,92.6,54.0,GOOD,1,272.9,,ONLINE,ON
TEL-14602,2025-04-07 13:00:00,EQX1037,37.772075,-122.419238,15.4,3239.2,3239.2,1183.8,41487.3,146.9,90.8,53.9,GOOD,19,134.1,,ONLINE,ON
TEL-14603,2025-04-07 14:00:00,EQX1037,37.771404,-122.41609,11.1,3239.7,3239.7,1183.9,41494.6,174.0,88.7,53.8,GOOD,7,157.9,,ONLINE,ON
TEL-14604,2025-04-07 15:00:00,EQX1037,37.77476,-122.415804,8.1,3240.2,3240.2,1184.0,41502.0,178.3,86.6,53.7,GOOD,4,131.0,,ONLINE,ON
TEL-14605,2025-04-07 16:00:00,EQX1037,37.779467,-122.419356,13.2,3240.7,3240.7,1184.1,41506.5,108.7,85.3,53.6,GOOD,20,140.1,,ONLINE,ON
TEL-14606,2025-04-07 17:00:00,EQX1037,37.777138,-122.421035,17.6,3241.2,3241.2,1184.2,41512.6,146.6,83.6,53.5,GOOD,1,281.1,,ONLINE,ON
TEL-14607,2025-04-07 18:00:00,EQX1037,37.7749,-122.4194,0.0,3241.2,3241.2,1184.2,41512.7,2.4,83.6,53.4,GOOD,26,186.2,,ONLINE,OFF
TEL-14608,2025-04-07 19:00:00,EQX1037,37.7749,-122.4194,0.0,3241.2,3241.2,1184.2,41512.8,2.4,83.5,53.3,GOOD,12,31.0,,ONLINE,OFF
TEL-14609,2025-04-07 20:00:00,EQX1037,37.7749,-122.4194,0.0,3241.2,3241.2,1184.2,41512.9,2.4,83.5,53.2,WARNING,24,88.3,P0562,ONLINE,OFF
TEL-14610,2025-04-07 21:00:00,EQX1037,37.7749,-122.4194,0.0,3241.2,3241.2,1184.2,41513.0,2.4,83.5,53.1,GOOD,22,253.6,,ONLINE,OFF
TEL-14611,2025-04-07 22:00:00,EQX1037,37.7749,-122.4194,0.0,3241.2,3241.2,1184.2,41513.1,2.4,83.4,53.0,GOOD,8,86.4,,ONLINE,OFF
TEL-14612,2025-04-07 23:00:00,EQX1037,37.7749,-122.4194,0.0,3241.2,3241.2,1184.2,41513.2,2.4,83.4,52.9,WARNING,0,133.1,P0217,ONLINE,OFF
TEL-14613,2025-04-08 00:00:00,EQX1037,37.7749,-122.4194,0.0,3241.2,3241.2,1184.2,41513.3,2.4,83.4,52.8,GOOD,25,105.7,,ONLINE,OFF
TEL-14614,2025-04-08 01:00:00,EQX1037,37.7749,-122.4194,0.0,3241.2,3241.2,1184.2,41513.4,2.4,83.4,52.7,GOOD,27,99.8,,ONLINE,OFF
TEL-14615,2025-04-08 02:00:00,EQX1037,37.7749,-122.4194,0.0,3241.2,3241.2,1184.2,41513.5,2.4,83.3,52.6,GOOD,22,40.2,,ONLINE,OFF
TEL-14616,2025-04-08 03:00:00,EQX1037,37.7749,-122.4194,0.0,3241.2,3241.2,1184.2,41513.6,2.4,83.3,52.5,GOOD,14,230.3,,ONLINE,OFF
TEL-14617,2025-04-08 04:00:00,EQX1037,37.7749,-122.4194,0.0,3241.2,3241.2,1184.2,41513.7,2.4,83.3,52.4,GOOD,11,172.3,,ONLINE,OFF
TEL-14618,2025-04-08 05:00:00,EQX1037,37.7749,-122.4194,0.0,3241.2,3241.2,1184.2,41513.8,2.4,83.2,52.3,GOOD,4,65.0,,ONLINE,OFF
TEL-14619,2025-04-08 06:00:00,EQX1037,37.7749,-122.4194,0.0,3241.2,3241.2,1184.2,41513.9,2.4,83.2,52.2,GOOD,25,243.4,,ONLINE,OFF
TEL-14620,2025-04-08 07:00:00,EQX1037,37.7749,-122.4194,0.0,3241.2,3241.2,1184.2,41514.0,2.4,83.2,52.1,GOOD,15,18.6,,ONLINE,OFF
TEL-14621,2025-04-08 08:00:00,EQX1037,37.779733,-122.418926,13.6,3241.7,3241.7,1184.3,41519.4,127.7,81.7,52.0,GOOD,13,138.6,,ONLINE,ON
TEL-14622,2025-04-08 09:00:00,EQX1037,37.774264,-122.423074,13.0,3242.2,3242.2,1184.4,41526.2,165.1,79.7,51.9,GOOD,13,197.7,,ONLINE,ON
TEL-14623,2025-04-08 10:00:00,EQX1037,37.77211,-122.415384,19.7,3242.7,3242.7,1184.5,41530.9,110.9,78.4,51.8,GOOD,13,134.0,,ONLINE,ON
TEL-14624,2025-04-08 11:00:00,EQX1037,37.771139,-122.422851,23.7,3243.2,3243.2,1184.6,41538.0,171.8,76.3,51.7,GOOD,4,203.9,,ONLINE,ON
TEL-14625,2025-04-08 12:00:00,EQX1037,37.77273,-122.420722,16.9,3243.7,3243.7,1184.7,41542.8,115.0,75.0,51.6,GOOD,8,31.0,,ONLINE,ON
TEL-14626,2025-03-14 08:00:00,EQX1038,37.336098,-121.887744,33.8,3201.0,3201.0,1251.8,35685.4,128.4,83.5,73.5,GOOD,11,277.1,,ONLINE,ON
TEL-14627,2025-03-14 09:00:00,EQX1038,37.338782,-121.881601,29.0,3201.5,3201.5,1251.9,35693.3,187.9,81.2,73.4,GOOD,29,197.4,,ONLINE,ON
TEL-14628,2025-03-14 10:00:00,EQX1038,37.33829,-121.885695,26.0,3202.0,3202.0,1252.0,35700.7,178.6,79.1,73.3,GOOD,0,90.5,,ONLINE,ON
TEL-14629,2025-03-14 11:00:00,EQX1038,37.337374,-121.884125,29.1,3202.5,3202.5,1252.1,35707.0,151.7,77.3,73.2,GOOD,2,111.2,,OFFLINE,ON
TEL-14630,2025-03-14 12:00:00,EQX1038,37.334787,-121.885043,14.9,3203.0,3203.0,1252.2,35712.9,141.4,75.6,73.1,GOOD,7,117.3,,ONLINE,ON
TEL-14631,2025-03-14 13:00:00,EQX1038,37.340016,-121.888874,16.5,3203.5,3203.5,1252.3,35717.1,100.3,74.4,73.0,GOOD,1,157.1,,ONLINE,ON
TEL-14632,2025-03-14 14:00:00,EQX1038,37.338663,-121.884838,33.7,3204.0,3204.0,1252.4,35724.6,180.7,72.3,72.9,WARNING,1,110.6,P0017,ONLINE,ON
TEL-14633,2025-03-14 15:00:00,EQX1038,37.334128,-121.887606,28.7,3204.5,3204.5,1252.5,35730.8,149.0,70.5,72.8,GOOD,12,85.5,,ONLINE,ON
TEL-14634,2025-03-14 16:00:00,EQX1038,37.340536,-121.884224,6.0,3205.0,3205.0,1252.6,35737.7,163.9,68.5,72.7,GOOD,15,176.2,,ONLINE,ON
TEL-14635,2025-03-14 17:00:00,EQX1038,37.335562,-121.885695,10.5,3205.5,3205.5,1252.7,35741.7,96.2,67.4,72.6,GOOD,20,298.3,,ONLINE,ON
TEL-14636,2025-03-14 18:00:00,EQX1038,37.3382,-121.8863,0.0,3205.5,3205.5,1252.7,35741.8,2.4,67.4,72.5,GOOD,9,85.0,,ONLINE,OFF
TEL-14637,2025-03-14 19:00:00,EQX1038,37.3382,-121.8863,0.0,3205.5,3205.5,1252.7,35741.9,2.4,67.3,72.4,GOOD,13,231.9,,ONLINE,OFF
TEL-14638,2025-03-14 20:00:00,EQX1038,37.3382,-121.8863,0.0,3205.5,3205.5,1252.7,35742.0,2.4,67.3,72.3,GOOD,28,253.0,,ONLINE,OFF
TEL-14639,2025-03-14 21:00:00,EQX1038,37.3382,-121.8863,0.0,3205.5,3205.5,1252.7,35742.1,2.4,67.3,72.2,WARNING,9,153.8,P0087,ONLINE,OFF
TEL-14640,2025-03-14 22:00:00,EQX1038,37.3382,-121.8863,0.0,3205.5,3205.5,1252.7,35742.2,2.4,67.3,72.1,GOOD,12,130.5,,ONLINE,OFF
TEL-14641,2025-03-14 23:00:00,EQX1038,37.3382,-121.8863,0.0,3205.5,3205.5,1252.7,35742.3,2.4,67.2,72.0,GOOD,9,82.4,,ONLINE,OFF
TEL-14642,2025-03-15 00:00:00,EQX1038,37.3382,-121.8863,0.0,3205.5,3205.5,1252.7,35742.4,2.4,67.2,71.9,GOOD,24,205.3,,OFFLINE,OFF
TEL-14643,2025-03-15 01:00:00,EQX1038,37.3382,-121.8863,0.0,3205.5,3205.5,1252.7,35742.5,2.4,67.2,71.8,GOOD,13,71.9,,ONLINE,OFF
TEL-14644,2025-03-15 02:00:00,EQX1038,37.3382,-121.8863,0.0,3205.5,3205.5,1252.7,35742.6,2.4,67.1,71.7,GOOD,21,207.9,,ONLINE,OFF
TEL-14645,2025-03-15 03:00:00,EQX1038,37.3382,-121.8863,0.0,3205.5,3205.5,1252.7,35742.7,2.4,67.1,71.6,GOOD,19,169.9,,ONLINE,OFF
TEL-14646,2025-03-15 04:00:00,EQX1038,37.3382,-121.8863,0.0,3205.5,3205.5,1252.7,35742.8,2.4,67.1,71.5,GOOD,9,279.7,,ONLINE,OFF
TEL-14647,2025-03-15 05:00:00,EQX1038,37.3382,-121.8863,0.0,3205.5,3205.5,1252.7,35742.9,2.4,67.1,71.4,GOOD,25,170.7,,ONLINE,OFF
TEL-14648,2025-03-15 06:00:00,EQX1038,37.3382,-121.8863,0.0,3205.5,3205.5,1252.7,35743.0,2.4,67.0,71.3,GOOD,10,242.4,,ONLINE,OFF
TEL-14649,2025-03-15 07:00:00,EQX1038,37.3382,-121.8863,0.0,3205.5,3205.5,1252.7,35743.1,2.4,67.0,71.2,GOOD,8,3.1,,ONLINE,OFF
TEL-14650,2025-03-15 08:00:00,EQX1038,37.34079,-121.882831,9.6,3206.0,3206.0,1252.8,35748.6,132.5,65.4,71.1,GOOD,8,229.7,,ONLINE,ON
TEL-14651,2025-03-15 09:00:00,EQX1038,37.341278,-121.890661,22.7,3206.5,3206.5,1252.9,35754.2,133.4,63.8,71.0,GOOD,17,54.6,,ONLINE,ON
TEL-14652,2025-03-15 10:00:00,EQX1038,37.33985,-121.884801,9.2,3207.0,3207.0,1253.0,35761.3,171.1,61.8,70.9,GOOD,8,115.1,,ONLINE,ON
TEL-14653,2025-03-15 11:00:00,EQX1038,37.337877,-121.888996,19.7,3207.5,3207.5,1253.1,35766.0,113.8,60.4,70.8,GOOD,1,294.4,,ONLINE,ON
TEL-14654,2025-03-15 12:00:00,EQX1038,37.338119,-121.888292,25.3,3208.0,3208.0,1253.2,35770.3,102.2,59.2,70.7,GOOD,10,148.7,,ONLINE,ON
TEL-14655,2025-03-15 13:00:00,EQX1038,37.336479,-121.88745,12.3,3208.5,3208.5,1253.3,35778.0,185.0,57.0,70.6,GOOD,21,232.7,,ONLINE,ON
TEL-14656,2025-03-15 14:00:00,EQX1038,37.341108,-121.887582,24.9,3209.0,3209.0,1253.4,35784.6,158.6,55.1,70.5,GOOD,17,203.1,,ONLINE,ON
TEL-14657,2025-03-15 15:00:00,EQX1038,37.340548,-121.882134,6.6,3209.5,3209.5,1253.5,35790.0,129.8,53.6,70.4,GOOD,13,78.3,,ONLINE,ON
TEL-14658,2025-03-15 16:00:00,EQX1038,37.337342,-121.889058,12.7,3210.0,3210.0,1253.6,35796.4,153.8,51.8,70.3,GOOD,3,76.6,,ONLINE,ON
TEL-14659,2025-03-15 17:00:00,EQX1038,37.335732,-121.890877,18.0,3210.5,3210.5,1253.7,35801.2,114.5,50.4,70.2,GOOD,21,153.0,,ONLINE,ON
TEL-14660,2025-03-15 18:00:00,EQX1038,37.3382,-121.8863,0.0,3210.5,3210.5,1253.7,35801.3,2.4,50.4,70.1,GOOD,11,41.2,,ONLINE,OFF
TEL-14661,2025-03-15 19:00:00,EQX1038,37.3382,-121.8863,0.0,3210.5,3210.5,1253.7,35801.4,2.4,50.3,70.0,GOOD,18,291.3,,ONLINE,OFF
TEL-14662,2025-03-15 20:00:00,EQX1038,37.3382,-121.8863,0.0,3210.5,3210.5,1253.7,35801.5,2.4,50.3,69.9,GOOD,10,122.7,,ONLINE,OFF
TEL-14663,2025-03-15 21:00:00,EQX1038,37.3382,-121.8863,0.0,3210.5,3210.5,1253.7,35801.6,2.4,50.3,69.8,GOOD,27,164.2,,ONLINE,OFF
TEL-14664,2025-03-15 22:00:00,EQX1038,37.3382,-121.8863,0.0,3210.5,3210.5,1253.7,35801.7,2.4,50.3,69.7,GOOD,6,273.7,,ONLINE,OFF
TEL-14665,2025-03-15 23:00:00,EQX1038,37.3382,-121.8863,0.0,3210.5,3210.5,1253.7,35801.8,2.4,50.2,69.6,GOOD,29,142.7,,ONLINE,OFF
TEL-14666,2025-03-16 00:00:00,EQX1038,37.3382,-121.8863,0.0,3210.5,3210.5,1253.7,35801.9,2.4,50.2,69.5,GOOD,27,147.0,,ONLINE,OFF
TEL-14667,2025-03-16 01:00:00,EQX1038,37.3382,-121.8863,0.0,3210.5,3210.5,1253.7,35802.0,2.4,50.2,69.4,GOOD,4,62.2,,ONLINE,OFF
TEL-14668,2025-03-16 02:00:00,EQX1038,37.3382,-121.8863,0.0,3210.5,3210.5,1253.7,35802.1,2.4,50.1,69.3,WARNING,29,294.5,P0017,ONLINE,OFF
TEL-14669,2025-03-16 03:00:00,EQX1038,37.3382,-121.8863,0.0,3210.5,3210.5,1253.7,35802.2,2.4,50.1,69.2,GOOD,26,147.3,,ONLINE,OFF
TEL-14670,2025-03-16 04:00:00,EQX1038,37.3382,-121.8863,0.0,3210.5,3210.5,1253.7,35802.3,2.4,50.1,69.1,GOOD,16,80.2,,ONLINE,OFF
TEL-14671,2025-03-16 05:00:00,EQX1038,37.3382,-121.8863,0.0,3210.5,3210.5,1253.7,35802.4,2.4,50.1,69.0,GOOD,29,88.6,,ONLINE,OFF
TEL-14672,2025-03-16 06:00:00,EQX1038,37.3382,-121.8863,0.0,3210.5,3210.5,1253.7,35802.5,2.4,50.0,68.9,GOOD,0,100.1,,ONLINE,OFF
TEL-14673,2025-03-16 07:00:00,EQX1038,37.3382,-121.8863,0.0,3210.5,3210.5,1253.7,35802.6,2.4,50.0,68.8,WARNING,11,184.9,P0087,ONLINE,OFF
TEL-14674,2025-03-16 08:00:00,EQX1038,37.335356,-121.882264,17.9,3211.0,3211.0,1253.8,35810.4,187.9,47.8,68.7,GOOD,9,282.7,,ONLINE,ON
TEL-14675,2025-03-16 09:00:00,EQX1038,37.34062,-121.887637,5.2,3211.5,3211.5,1253.9,35816.4,142.6,46.1,68.6,GOOD,0,178.6,,ONLINE,ON
TEL-14676,2025-03-16 10:00:00,EQX1038,37.337215,-121.885423,9.6,3212.0,3212.0,1254.0,35823.9,181.4,43.9,68.5,GOOD,6,246.9,,ONLINE,ON
TEL-14677,2025-03-16 11:00:00,EQX1038,37.341544,-121.890863,8.3,3212.5,3212.5,1254.1,35831.9,191.8,41.6,68.4,GOOD,14,84.6,,ONLINE,ON
TEL-14678,2025-03-16 12:00:00,EQX1038,37.336714,-121.882741,29.0,3213.0,3213.0,1254.2,35836.6,113.3,40.3,68.3,GOOD,2,271.3,,ONLINE,ON
TEL-14679,2025-03-16 13:00:00,EQX1038,37.340828,-121.888795,34.0,3213.5,3213.5,1254.3,35842.0,128.6,38.7,68.2,GOOD,13,137.1,,OFFLINE,ON
TEL-14680,2025-03-16 14:00:00,EQX1038,37.339491,-121.886569,9.2,3214.0,3214.0,1254.4,35846.2,101.3,37.5,68.1,GOOD,10,33.8,,ONLINE,ON
TEL-14681,2025-03-16 15:00:00,EQX1038,37.341655,-121.882125,5.2,3214.5,3214.5,1254.5,35854.1,188.2,35.3,68.0,GOOD,1,127.9,,ONLINE,ON
TEL-14682,2025-03-16 16:00:00,EQX1038,37.33391,-121.889522,5.1,3215.0,3215.0,1254.6,35859.9,140.4,33.6,67.9,GOOD,12,136.1,,ONLINE,ON
TEL-14683,2025-03-16 17:00:00,EQX1038,37.335609,-121.883306,25.6,3215.5,3215.5,1254.7,35864.7,115.4,32.2,67.8,GOOD,24,208.9,,ONLINE,ON
TEL-14684,2025-03-16 18:00:00,EQX1038,37.3382,-121.8863,0.0,3215.5,3215.5,1254.7,35864.8,2.4,32.2,67.7,GOOD,16,84.6,,ONLINE,OFF
TEL-14685,2025-03-16 19:00:00,EQX1038,37.3382,-121.8863,0.0,3215.5,3215.5,1254.7,35864.9,2.4,32.2,67.6,GOOD,27,125.6,,ONLINE,OFF
TEL-14686,2025-03-16 20:00:00,EQX1038,37.3382,-121.8863,0.0,3215.5,3215.5,1254.7,35865.0,2.4,32.2,67.5,GOOD,9,56.5,,ONLINE,OFF
TEL-14687,2025-03-16 21:00:00,EQX1038,37.3382,-121.8863,0.0,3215.5,3215.5,1254.7,35865.1,2.4,32.1,67.4,GOOD,4,81.4,,ONLINE,OFF
TEL-14688,2025-03-16 22:00:00,EQX1038,37.3382,-121.8863,0.0,3215.5,3215.5,1254.7,35865.2,2.4,32.1,67.3,GOOD,25,100.3,,ONLINE,OFF
TEL-14689,2025-03-16 23:00:00,EQX1038,37.3382,-121.8863,0.0,3215.5,3215.5,1254.7,35865.3,2.4,32.1,67.2,GOOD,0,42.8,,ONLINE,OFF
TEL-14690,2025-03-17 00:00:00,EQX1038,37.3382,-121.8863,0.0,3215.5,3215.5,1254.7,35865.4,2.4,32.0,67.1,GOOD,28,19.4,,ONLINE,OFF
TEL-14691,2025-03-17 01:00:00,EQX1038,37.3382,-121.8863,0.0,3215.5,3215.5,1254.7,35865.5,2.4,32.0,67.0,GOOD,10,29.6,,ONLINE,OFF
TEL-14692,2025-03-17 02:00:00,EQX1038,37.3382,-121.8863,0.0,3215.5,3215.5,1254.7,35865.6,2.4,32.0,66.9,GOOD,11,217.0,,ONLINE,OFF
TEL-14693,2025-03-17 03:00:00,EQX1038,37.3382,-121.8863,0.0,3215.5,3215.5,1254.7,35865.7,2.4,32.0,66.8,GOOD,0,94.7,,ONLINE,OFF
TEL-14694,2025-03-17 04:00:00,EQX1038,37.3382,-121.8863,0.0,3215.5,3215.5,1254.7,35865.8,2.4,31.9,66.7,GOOD,14,210.2,,ONLINE,OFF
TEL-14695,2025-03-17 05:00:00,EQX1038,37.3382,-121.8863,0.0,3215.5,3215.5,1254.7,35865.9,2.4,31.9,66.6,GOOD,9,35.9,,ONLINE,OFF
TEL-14696,2025-03-17 06:00:00,EQX1038,37.3382,-121.8863,0.0,3215.5,3215.5,1254.7,35866.0,2.4,31.9,66.5,GOOD,14,9.9,,ONLINE,OFF
TEL-14697,2025-03-17 07:00:00,EQX1038,37.3382,-121.8863,0.0,3215.5,3215.5,1254.7,35866.1,2.4,31.8,66.4,GOOD,26,290.0,,ONLINE,OFF
TEL-14698,2025-03-17 08:00:00,EQX1038,37.33661,-121.884299,13.1,3216.0,3216.0,1254.8,35870.4,102.0,30.6,66.3,GOOD,21,250.4,,ONLINE,ON
TEL-14699,2025-03-17 09:00:00,EQX1038,37.341398,-121.883851,11.7,3216.5,3216.5,1254.9,35875.2,116.4,29.2,66.2,GOOD,27,161.7,,ONLINE,ON
TEL-14700,2025-03-17 10:00:00,EQX1038,37.337644,-121.890932,16.4,3217.0,3217.0,1255.0,35879.7,106.3,28.0,66.1,GOOD,23,71.0,,ONLINE,ON
TEL-14701,2025-03-17 11:00:00,EQX1038,37.340214,-121.88149,25.7,3217.5,3217.5,1255.1,35885.9,150.0,26.2,66.0,GOOD,28,247.6,,ONLINE,ON
TEL-14702,2025-03-17 12:00:00,EQX1038,37.335092,-121.884125,7.5,3218.0,3218.0,1255.2,35891.4,132.2,24.6,65.9,GOOD,28,112.7,,ONLINE,ON
TEL-14703,2025-03-17 13:00:00,EQX1038,37.341366,-121.884073,24.3,3218.5,3218.5,1255.3,35895.5,98.6,23.4,65.8,WARNING,22,215.2,P0217,ONLINE,ON
TEL-14704,2025-03-17 14:00:00,EQX1038,37.34148,-121.881509,23.9,3219.0,3219.0,1255.4,35903.2,185.0,21.2,65.7,GOOD,26,110.6,,ONLINE,ON
TEL-14705,2025-03-17 15:00:00,EQX1038,37.337022,-121.887613,5.6,3219.5,3219.5,1255.5,35909.2,143.8,19.5,65.6,GOOD,27,3.7,,ONLINE,ON
TEL-14706,2025-03-17 16:00:00,EQX1038,37.339726,-121.884088,21.1,3220.0,3220.0,1255.6,35915.8,158.2,17.7,65.5,GOOD,26,48.0,,ONLINE,ON
TEL-14707,2025-03-17 17:00:00,EQX1038,37.339516,-121.88747,5.8,3220.5,3220.5,1255.7,35920.3,108.2,16.4,65.4,GOOD,3,168.3,,ONLINE,ON
TEL-14708,2025-03-17 18:00:00,EQX1038,37.3382,-121.8863,0.0,3220.5,3220.5,1255.7,35920.4,2.4,16.3,65.3,GOOD,0,297.0,,ONLINE,OFF
TEL-14709,2025-03-17 19:00:00,EQX1038,37.3382,-121.8863,0.0,3220.5,3220.5,1255.7,35920.5,2.4,16.3,65.2,GOOD,0,176.3,,ONLINE,OFF
TEL-14710,2025-03-17 20:00:00,EQX1038,37.3382,-121.8863,0.0,3220.5,3220.5,1255.7,35920.6,2.4,16.3,65.1,GOOD,26,166.7,,ONLINE,OFF
TEL-14711,2025-03-17 21:00:00,EQX1038,37.3382,-121.8863,0.0,3220.5,3220.5,1255.7,35920.7,2.4,16.2,65.0,WARNING,4,149.9,P0087,ONLINE,OFF
TEL-14712,2025-03-17 22:00:00,EQX1038,37.3382,-121.8863,0.0,3220.5,3220.5,1255.7,35920.8,2.4,16.2,64.9,GOOD,29,253.2,,ONLINE,OFF
TEL-14713,2025-03-17 23:00:00,EQX1038,37.3382,-121.8863,0.0,3220.5,3220.5,1255.7,35920.9,2.4,16.2,64.8,GOOD,26,147.3,,ONLINE,OFF
TEL-14714,2025-03-18 00:00:00,EQX1038,37.3382,-121.8863,0.0,3220.5,3220.5,1255.7,35921.0,2.4,16.2,64.7,WARNING,21,176.6,P0217,ONLINE,OFF
TEL-14715,2025-03-18 01:00:00,EQX1038,37.3382,-121.8863,0.0,3220.5,3220.5,1255.7,35921.1,2.4,16.1,64.6,GOOD,30,30.2,,ONLINE,OFF
TEL-14716,2025-03-18 02:00:00,EQX1038,37.3382,-121.8863,0.0,3220.5,3220.5,1255.7,35921.2,2.4,16.1,64.5,GOOD,23,180.0,,ONLINE,OFF
TEL-14717,2025-03-18 03:00:00,EQX1038,37.3382,-121.8863,0.0,3220.5,3220.5,1255.7,35921.3,2.4,16.1,64.4,GOOD,14,60.7,,ONLINE,OFF
TEL-14718,2025-03-18 04:00:00,EQX1038,37.3382,-121.8863,0.0,3220.5,3220.5,1255.7,35921.4,2.4,16.0,64.3,GOOD,25,168.9,,ONLINE,OFF
TEL-14719,2025-03-18 05:00:00,EQX1038,37.3382,-121.8863,0.0,3220.5,3220.5,1255.7,35921.5,2.4,16.0,64.2,GOOD,1,106.2,,ONLINE,OFF
TEL-14720,2025-03-18 06:00:00,EQX1038,37.3382,-121.8863,0.0,3220.5,3220.5,1255.7,35921.6,2.4,16.0,64.1,GOOD,11,120.4,,ONLINE,OFF
TEL-14721,2025-03-18 07:00:00,EQX1038,37.3382,-121.8863,0.0,3220.5,3220.5,1255.7,35921.7,2.4,16.0,64.0,GOOD,23,198.9,,ONLINE,OFF
TEL-14722,2025-03-18 08:00:00,EQX1038,37.339298,-121.887783,28.9,3221.0,3221.0,1255.8,35928.6,166.1,14.0,63.9,WARNING,3,127.3,P0217,ONLINE,ON
TEL-14723,2025-03-18 09:00:00,EQX1038,37.337361,-121.886571,27.4,3221.5,3221.5,1255.9,35936.2,180.5,11.8,63.8,GOOD,4,219.2,,ONLINE,ON
TEL-14724,2025-03-18 10:00:00,EQX1038,37.342639,-121.888478,19.7,3222.0,3222.0,1256.0,35942.2,143.8,10.1,63.7,GOOD,27,295.5,,ONLINE,ON
TEL-14725,2025-03-18 11:00:00,EQX1038,37.339746,-121.888231,32.9,3222.5,3222.5,1256.1,35948.8,160.1,95.0,63.6,GOOD,19,173.6,,ONLINE,ON
TEL-14726,2025-03-18 12:00:00,EQX1038,37.34093,-121.882876,19.1,3223.0,3223.0,1256.2,35953.3,108.0,93.7,63.5,GOOD,12,267.6,,ONLINE,ON
TEL-14727,2025-03-18 13:00:00,EQX1038,37.341299,-121.890181,17.8,3223.5,3223.5,1256.3,35959.6,151.4,91.9,63.4,GOOD,18,172.6,,ONLINE,ON
TEL-14728,2025-03-18 14:00:00,EQX1038,37.339471,-121.888847,11.3,3224.0,3224.0,1256.4,35964.6,119.0,90.5,63.3,GOOD,1,96.3,,ONLINE,ON
TEL-14729,2025-03-18 15:00:00,EQX1038,37.340437,-121.886526,16.8,3224.5,3224.5,1256.5,35969.1,108.7,89.2,63.2,GOOD,10,53.4,,ONLINE,ON
TEL-14730,2025-03-18 16:00:00,EQX1038,37.335968,-121.885811,25.7,3225.0,3225.0,1256.6,35973.3,101.0,88.0,63.1,GOOD,3,34.1,,ONLINE,ON
TEL-14731,2025-03-18 17:00:00,EQX1038,37.339092,-121.888396,21.8,3225.5,3225.5,1256.7,35978.9,134.6,86.4,63.0,GOOD,18,292.1,,ONLINE,ON
TEL-14732,2025-03-18 18:00:00,EQX1038,37.3382,-121.8863,0.0,3225.5,3225.5,1256.7,35979.0,2.4,86.4,62.9,GOOD,14,193.4,,ONLINE,OFF
TEL-14733,2025-03-18 19:00:00,EQX1038,37.3382,-121.8863,0.0,3225.5,3225.5,1256.7,35979.1,2.4,86.3,62.8,GOOD,25,73.3,,ONLINE,OFF
TEL-14734,2025-03-18 20:00:00,EQX1038,37.3382,-121.8863,0.0,3225.5,3225.5,1256.7,35979.2,2.4,86.3,62.7,GOOD,14,112.1,,ONLINE,OFF
TEL-14735,2025-03-18 21:00:00,EQX1038,37.3382,-121.8863,0.0,3225.5,3225.5,1256.7,35979.3,2.4,86.3,62.6,GOOD,30,144.7,,ONLINE,OFF
TEL-14736,2025-03-18 22:00:00,EQX1038,37.3382,-121.8863,0.0,3225.5,3225.5,1256.7,35979.4,2.4,86.3,62.5,GOOD,18,23.7,,ONLINE,OFF
TEL-14737,2025-03-18 23:00:00,EQX1038,37.3382,-121.8863,0.0,3225.5,3225.5,1256.7,35979.5,2.4,86.2,62.4,GOOD,9,63.5,,ONLINE,OFF
TEL-14738,2025-03-19 00:00:00,EQX1038,37.3382,-121.8863,0.0,3225.5,3225.5,1256.7,35979.6,2.4,86.2,62.3,GOOD,29,208.7,,ONLINE,OFF
TEL-14739,2025-03-19 01:00:00,EQX1038,37.3382,-121.8863,0.0,3225.5,3225.5,1256.7,35979.7,2.4,86.2,62.2,GOOD,27,176.3,,ONLINE,OFF
TEL-14740,2025-03-19 02:00:00,EQX1038,37.3382,-121.8863,0.0,3225.5,3225.5,1256.7,35979.8,2.4,86.1,62.1,GOOD,8,154.7,,ONLINE,OFF
TEL-14741,2025-03-19 03:00:00,EQX1038,37.3382,-121.8863,0.0,3225.5,3225.5,1256.7,35979.9,2.4,86.1,62.0,GOOD,27,111.9,,ONLINE,OFF
TEL-14742,2025-03-19 04:00:00,EQX1038,37.3382,-121.8863,0.0,3225.5,3225.5,1256.7,35980.0,2.4,86.1,61.9,GOOD,19,77.0,,ONLINE,OFF
TEL-14743,2025-03-19 05:00:00,EQX1038,37.3382,-121.8863,0.0,3225.5,3225.5,1256.7,35980.1,2.4,86.1,61.8,GOOD,28,248.0,,ONLINE,OFF
TEL-14744,2025-03-19 06:00:00,EQX1038,37.3382,-121.8863,0.0,3225.5,3225.5,1256.7,35980.2,2.4,86.0,61.7,WARNING,17,94.6,P0420,ONLINE,OFF
TEL-14745,2025-03-19 07:00:00,EQX1038,37.3382,-121.8863,0.0,3225.5,3225.5,1256.7,35980.3,2.4,86.0,61.6,GOOD,24,276.8,,OFFLINE,OFF
TEL-14746,2025-03-19 08:00:00,EQX1038,37.333804,-121.884131,24.3,3226.0,3226.0,1256.8,35985.4,122.2,84.5,61.5,WARNING,27,146.0,P0087,ONLINE,ON
TEL-14747,2025-03-19 09:00:00,EQX1038,37.336688,-121.882885,27.5,3226.5,3226.5,1256.9,35991.3,141.6,82.9,61.4,GOOD,0,32.0,,ONLINE,ON
TEL-14748,2025-03-19 10:00:00,EQX1038,37.339604,-121.887143,20.7,3227.0,3227.0,1257.0,35995.6,102.7,81.6,61.3,GOOD,3,64.2,,ONLINE,ON
TEL-14749,2025-03-19 11:00:00,EQX1038,37.335654,-121.886817,9.7,3227.5,3227.5,1257.1,36003.0,177.4,79.5,61.2,GOOD,9,239.0,,ONLINE,ON
TEL-14750,2025-03-19 12:00:00,EQX1038,37.340366,-121.890924,31.6,3228.0,3228.0,1257.2,36007.3,103.4,78.3,61.1,GOOD,12,16.0,,ONLINE,ON
TEL-14751,2024-09-25 08:00:00,EQX1039,36.750122,-119.774257,31.4,596.5,596.5,294.1,7297.3,111.6,83.7,93.6,GOOD,5,1.0,,ONLINE,ON
TEL-14752,2024-09-25 09:00:00,EQX1039,36.74889,-119.76967,10.3,597.0,597.0,294.2,7301.8,107.8,82.4,93.5,GOOD,4,199.1,,ONLINE,ON
TEL-14753,2024-09-25 10:00:00,EQX1039,36.742634,-119.773152,22.1,597.5,597.5,294.3,7305.9,96.5,81.2,93.4,GOOD,12,114.9,,ONLINE,ON
TEL-14754,2024-09-25 11:00:00,EQX1039,36.745205,-119.768338,6.9,598.0,598.0,294.4,7313.7,187.4,79.0,93.3,GOOD,21,15.2,,ONLINE,ON
TEL-14755,2024-09-25 12:00:00,EQX1039,36.747055,-119.767747,6.5,598.5,598.5,294.5,7320.8,172.1,77.0,93.2,GOOD,24,107.2,,ONLINE,ON
TEL-14756,2024-09-25 13:00:00,EQX1039,36.748124,-119.770219,16.7,599.0,599.0,294.6,7326.2,128.4,75.4,93.1,CRITICAL,5,87.3,P0087,ONLINE,ON
TEL-14757,2024-09-25 14:00:00,EQX1039,36.746946,-119.768546,8.2,599.5,599.5,294.7,7331.5,128.4,73.9,93.0,GOOD,26,25.8,,ONLINE,ON
TEL-14758,2024-09-25 15:00:00,EQX1039,36.743717,-119.770859,27.0,600.0,600.0,294.8,7339.2,183.1,71.7,92.9,GOOD,25,3.7,,ONLINE,ON
TEL-14759,2024-09-25 16:00:00,EQX1039,36.75101,-119.774313,20.5,600.5,600.5,294.9,7347.1,190.1,69.5,92.8,GOOD,10,165.6,,ONLINE,ON
TEL-14760,2024-09-25 17:00:00,EQX1039,36.74907,-119.772112,18.2,601.0,601.0,295.0,7353.5,154.8,67.6,92.7,GOOD,5,221.3,,ONLINE,ON
TEL-14761,2024-09-25 18:00:00,EQX1039,36.7468,-119.7726,0.0,601.0,601.0,295.0,7353.6,2.4,67.6,92.6,GOOD,18,258.8,,ONLINE,OFF
TEL-14762,2024-09-25 19:00:00,EQX1039,36.7468,-119.7726,0.0,601.0,601.0,295.0,7353.7,2.4,67.6,92.5,GOOD,18,174.9,,ONLINE,OFF
TEL-14763,2024-09-25 20:00:00,EQX1039,36.7468,-119.7726,0.0,601.0,601.0,295.0,7353.8,2.4,67.5,92.4,GOOD,9,2.1,,ONLINE,OFF
TEL-14764,2024-09-25 21:00:00,EQX1039,36.7468,-119.7726,0.0,601.0,601.0,295.0,7353.9,2.4,67.5,92.3,GOOD,22,211.0,,ONLINE,OFF
TEL-14765,2024-09-25 22:00:00,EQX1039,36.7468,-119.7726,0.0,601.0,601.0,295.0,7354.0,2.4,67.5,92.2,GOOD,9,256.4,,ONLINE,OFF
TEL-14766,2024-09-25 23:00:00,EQX1039,36.7468,-119.7726,0.0,601.0,601.0,295.0,7354.1,2.4,67.4,92.1,GOOD,26,48.7,,ONLINE,OFF
TEL-14767,2024-09-26 00:00:00,EQX1039,36.7468,-119.7726,0.0,601.0,601.0,295.0,7354.2,2.4,67.4,92.0,GOOD,1,45.6,,ONLINE,OFF
TEL-14768,2024-09-26 01:00:00,EQX1039,36.7468,-119.7726,0.0,601.0,601.0,295.0,7354.3,2.4,67.4,91.9,GOOD,9,130.8,,ONLINE,OFF
TEL-14769,2024-09-26 02:00:00,EQX1039,36.7468,-119.7726,0.0,601.0,601.0,295.0,7354.4,2.4,67.4,91.8,GOOD,12,109.2,,ONLINE,OFF
TEL-14770,2024-09-26 03:00:00,EQX1039,36.7468,-119.7726,0.0,601.0,601.0,295.0,7354.5,2.4,67.3,91.7,GOOD,14,56.0,,ONLINE,OFF
TEL-14771,2024-09-26 04:00:00,EQX1039,36.7468,-119.7726,0.0,601.0,601.0,295.0,7354.6,2.4,67.3,91.6,GOOD,14,266.1,,ONLINE,OFF
TEL-14772,2024-09-26 05:00:00,EQX1039,36.7468,-119.7726,0.0,601.0,601.0,295.0,7354.7,2.4,67.3,91.5,GOOD,13,93.7,,ONLINE,OFF
TEL-14773,2024-09-26 06:00:00,EQX1039,36.7468,-119.7726,0.0,601.0,601.0,295.0,7354.8,2.4,67.2,91.4,GOOD,29,290.0,,ONLINE,OFF
TEL-14774,2024-09-26 07:00:00,EQX1039,36.7468,-119.7726,0.0,601.0,601.0,295.0,7354.9,2.4,67.2,91.3,GOOD,20,7.6,,ONLINE,OFF
TEL-14775,2024-09-26 08:00:00,EQX1039,36.750627,-119.775423,7.9,601.5,601.5,295.1,7359.7,114.2,65.9,91.2,GOOD,17,230.3,,ONLINE,ON
TEL-14776,2024-09-26 09:00:00,EQX1039,36.744307,-119.770447,31.6,602.0,602.0,295.2,7364.6,118.6,64.4,91.1,WARNING,4,264.4,P0087,ONLINE,ON
TEL-14777,2024-09-26 10:00:00,EQX1039,36.751227,-119.772834,31.3,602.5,602.5,295.3,7372.3,184.3,62.3,91.0,GOOD,24,47.4,,ONLINE,ON
TEL-14778,2024-09-26 11:00:00,EQX1039,36.751475,-119.768789,34.8,603.0,603.0,295.4,7377.6,126.0,60.8,90.9,GOOD,14,240.0,,ONLINE,ON
TEL-14779,2024-09-26 12:00:00,EQX1039,36.749528,-119.771409,29.4,603.5,603.5,295.5,7383.5,141.6,59.1,90.8,GOOD,20,280.1,,OFFLINE,ON
TEL-14780,2024-09-26 13:00:00,EQX1039,36.748861,-119.768602,24.8,604.0,604.0,295.6,7390.5,168.2,57.1,90.7,GOOD,9,15.5,,ONLINE,ON
TEL-14781,2024-09-26 14:00:00,EQX1039,36.746668,-119.776259,21.2,604.5,604.5,295.7,7398.0,180.2,54.9,90.6,WARNING,10,53.5,P0562,ONLINE,ON
TEL-14782,2024-09-26 15:00:00,EQX1039,36.750126,-119.77061,13.8,605.0,605.0,295.8,7404.7,162.0,53.0,90.5,GOOD,2,5.6,,OFFLINE,ON
TEL-14783,2024-09-26 16:00:00,EQX1039,36.750429,-119.767935,25.2,605.5,605.5,295.9,7412.0,173.3,50.9,90.4,GOOD,25,292.4,,ONLINE,ON
TEL-14784,2024-09-26 17:00:00,EQX1039,36.750654,-119.773231,15.3,606.0,606.0,296.0,7416.7,113.5,49.6,90.3,GOOD,18,201.3,,ONLINE,ON
TEL-14785,2024-09-26 18:00:00,EQX1039,36.7468,-119.7726,0.0,606.0,606.0,296.0,7416.8,2.4,49.5,90.2,GOOD,24,217.2,,ONLINE,OFF
TEL-14786,2024-09-26 19:00:00,EQX1039,36.7468,-119.7726,0.0,606.0,606.0,296.0,7416.9,2.4,49.5,90.1,GOOD,10,209.8,,ONLINE,OFF
TEL-14787,2024-09-26 20:00:00,EQX1039,36.7468,-119.7726,0.0,606.0,606.0,296.0,7417.0,2.4,49.5,90.0,GOOD,5,238.5,,ONLINE,OFF
TEL-14788,2024-09-26 21:00:00,EQX1039,36.7468,-119.7726,0.0,606.0,606.0,296.0,7417.1,2.4,49.5,89.9,GOOD,6,291.1,,ONLINE,OFF
TEL-14789,2024-09-26 22:00:00,EQX1039,36.7468,-119.7726,0.0,606.0,606.0,296.0,7417.2,2.4,49.4,89.8,GOOD,20,127.9,,ONLINE,OFF
TEL-14790,2024-09-26 23:00:00,EQX1039,36.7468,-119.7726,0.0,606.0,606.0,296.0,7417.3,2.4,49.4,89.7,GOOD,1,82.3,,OFFLINE,OFF
TEL-14791,2024-09-27 00:00:00,EQX1039,36.7468,-119.7726,0.0,606.0,606.0,296.0,7417.4,2.4,49.4,89.6,GOOD,14,232.0,,ONLINE,OFF
TEL-14792,2024-09-27 01:00:00,EQX1039,36.7468,-119.7726,0.0,606.0,606.0,296.0,7417.5,2.4,49.3,89.5,GOOD,18,70.6,,ONLINE,OFF
TEL-14793,2024-09-27 02:00:00,EQX1039,36.7468,-119.7726,0.0,606.0,606.0,296.0,7417.6,2.4,49.3,89.4,GOOD,18,56.1,,ONLINE,OFF
TEL-14794,2024-09-27 03:00:00,EQX1039,36.7468,-119.7726,0.0,606.0,606.0,296.0,7417.7,2.4,49.3,89.3,GOOD,22,140.3,,ONLINE,OFF
TEL-14795,2024-09-27 04:00:00,EQX1039,36.7468,-119.7726,0.0,606.0,606.0,296.0,7417.8,2.4,49.3,89.2,WARNING,27,299.0,P0300,ONLINE,OFF
TEL-14796,2024-09-27 05:00:00,EQX1039,36.7468,-119.7726,0.0,606.0,606.0,296.0,7417.9,2.4,49.2,89.1,CRITICAL,17,275.6,P0420,OFFLINE,OFF
TEL-14797,2024-09-27 06:00:00,EQX1039,36.7468,-119.7726,0.0,606.0,606.0,296.0,7418.0,2.4,49.2,89.0,GOOD,19,183.6,,ONLINE,OFF
TEL-14798,2024-09-27 07:00:00,EQX1039,36.7468,-119.7726,0.0,606.0,606.0,296.0,7418.1,2.4,49.2,88.9,GOOD,12,151.4,,ONLINE,OFF
TEL-14799,2024-09-27 08:00:00,EQX1039,36.744177,-119.768256,26.1,606.5,606.5,296.1,7423.8,135.8,47.6,88.8,GOOD,11,21.9,,ONLINE,ON
TEL-14800,2024-09-27 09:00:00,EQX1039,36.74539,-119.770117,28.4,607.0,607.0,296.2,7428.8,120.7,46.1,88.7,GOOD,10,101.0,,ONLINE,ON
TEL-14801,2024-09-27 10:00:00,EQX1039,36.742146,-119.774326,10.9,607.5,607.5,296.3,7436.2,177.1,44.0,88.6,GOOD,18,124.0,,ONLINE,ON
TEL-14802,2024-09-27 11:00:00,EQX1039,36.74884,-119.768433,24.8,608.0,608.0,296.4,7441.6,130.1,42.5,88.5,WARNING,15,92.6,P0300,ONLINE,ON
TEL-14803,2024-09-27 12:00:00,EQX1039,36.751117,-119.775306,8.2,608.5,608.5,296.5,7446.5,118.1,41.1,88.4,GOOD,0,282.8,,ONLINE,ON
TEL-14804,2024-09-27 13:00:00,EQX1039,36.744174,-119.768771,15.1,609.0,609.0,296.6,7450.6,98.9,39.9,88.3,GOOD,8,40.3,,ONLINE,ON
TEL-14805,2024-09-27 14:00:00,EQX1039,36.749898,-119.768916,31.0,609.5,609.5,296.7,7456.6,142.8,38.2,88.2,GOOD,6,265.1,,ONLINE,ON
TEL-14806,2024-09-27 15:00:00,EQX1039,36.74725,-119.776201,29.8,610.0,610.0,296.8,7461.3,112.6,36.8,88.1,GOOD,25,262.0,,ONLINE,ON
TEL-14807,2024-09-27 16:00:00,EQX1039,36.744101,-119.768155,29.5,610.5,610.5,296.9,7467.9,158.9,34.9,88.0,GOOD,21,255.5,,ONLINE,ON
TEL-14808,2024-09-27 17:00:00,EQX1039,36.742506,-119.775988,14.6,611.0,611.0,297.0,7472.4,109.4,33.6,87.9,GOOD,13,73.3,,ONLINE,ON
TEL-14809,2024-09-27 18:00:00,EQX1039,36.7468,-119.7726,0.0,611.0,611.0,297.0,7472.5,2.4,33.6,87.8,GOOD,2,91.7,,ONLINE,OFF
TEL-14810,2024-09-27 19:00:00,EQX1039,36.7468,-119.7726,0.0,611.0,611.0,297.0,7472.6,2.4,33.6,87.7,GOOD,3,269.3,,ONLINE,OFF
TEL-14811,2024-09-27 20:00:00,EQX1039,36.7468,-119.7726,0.0,611.0,611.0,297.0,7472.7,2.4,33.6,87.6,GOOD,7,16.2,,ONLINE,OFF
TEL-14812,2024-09-27 21:00:00,EQX1039,36.7468,-119.7726,0.0,611.0,611.0,297.0,7472.8,2.4,33.5,87.5,GOOD,18,266.6,,ONLINE,OFF
TEL-14813,2024-09-27 22:00:00,EQX1039,36.7468,-119.7726,0.0,611.0,611.0,297.0,7472.9,2.4,33.5,87.4,WARNING,26,278.3,P0087,ONLINE,OFF
TEL-14814,2024-09-27 23:00:00,EQX1039,36.7468,-119.7726,0.0,611.0,611.0,297.0,7473.0,2.4,33.5,87.3,GOOD,13,89.4,,ONLINE,OFF
TEL-14815,2024-09-28 00:00:00,EQX1039,36.7468,-119.7726,0.0,611.0,611.0,297.0,7473.1,2.4,33.4,87.2,GOOD,29,13.4,,ONLINE,OFF
TEL-14816,2024-09-28 01:00:00,EQX1039,36.7468,-119.7726,0.0,611.0,611.0,297.0,7473.2,2.4,33.4,87.1,GOOD,8,7.1,,ONLINE,OFF
TEL-14817,2024-09-28 02:00:00,EQX1039,36.7468,-119.7726,0.0,611.0,611.0,297.0,7473.3,2.4,33.4,87.0,WARNING,8,291.8,P0420,ONLINE,OFF
TEL-14818,2024-09-28 03:00:00,EQX1039,36.7468,-119.7726,0.0,611.0,611.0,297.0,7473.4,2.4,33.4,86.9,GOOD,14,192.5,,ONLINE,OFF
TEL-14819,2024-09-28 04:00:00,EQX1039,36.7468,-119.7726,0.0,611.0,611.0,297.0,7473.5,2.4,33.3,86.8,GOOD,18,182.0,,ONLINE,OFF
TEL-14820,2024-09-28 05:00:00,EQX1039,36.7468,-119.7726,0.0,611.0,611.0,297.0,7473.6,2.4,33.3,86.7,CRITICAL,4,288.8,P0562,ONLINE,OFF
TEL-14821,2024-09-28 06:00:00,EQX1039,36.7468,-119.7726,0.0,611.0,611.0,297.0,7473.7,2.4,33.3,86.6,GOOD,8,63.9,,ONLINE,OFF
TEL-14822,2024-09-28 07:00:00,EQX1039,36.7468,-119.7726,0.0,611.0,611.0,297.0,7473.8,2.4,33.2,86.5,GOOD,13,108.4,,ONLINE,OFF
TEL-14823,2024-09-28 08:00:00,EQX1039,36.745751,-119.776944,31.1,611.5,611.5,297.1,7481.1,173.3,31.2,86.4,GOOD,3,70.3,,ONLINE,ON
TEL-14824,2024-09-28 09:00:00,EQX1039,36.744835,-119.777127,16.0,612.0,612.0,297.2,7488.9,188.2,28.9,86.3,GOOD,4,205.4,,ONLINE,ON
TEL-14825,2024-09-28 10:00:00,EQX1039,36.746033,-119.768994,8.8,612.5,612.5,297.3,7493.8,118.3,27.5,86.2,GOOD,2,146.7,,ONLINE,ON
TEL-14826,2024-09-28 11:00:00,EQX1039,36.749443,-119.768688,28.8,613.0,613.0,297.4,7498.1,103.4,26.3,86.1,GOOD,15,214.6,,ONLINE,ON
TEL-14827,2024-09-28 12:00:00,EQX1039,36.746561,-119.77322,32.2,613.5,613.5,297.5,7505.4,175.0,24.2,86.0,GOOD,16,144.1,,ONLINE,ON
TEL-14828,2024-09-28 13:00:00,EQX1039,36.74717,-119.77227,24.7,614.0,614.0,297.6,7510.0,108.5,22.9,85.9,GOOD,20,190.8,,ONLINE,ON
TEL-14829,2024-09-28 14:00:00,EQX1039,36.742188,-119.773988,9.8,614.5,614.5,297.7,7515.1,122.6,21.5,85.8,GOOD,23,150.4,,ONLINE,ON
TEL-14830,2024-09-28 15:00:00,EQX1039,36.749165,-119.773038,32.9,615.0,615.0,297.8,7522.3,173.5,19.4,85.7,GOOD,17,166.7,,ONLINE,ON
TEL-14831,2024-09-28 16:00:00,EQX1039,36.748373,-119.769811,25.6,615.5,615.5,297.9,7528.3,143.8,17.7,85.6,GOOD,20,190.1,,ONLINE,ON
TEL-14832,2024-09-28 17:00:00,EQX1039,36.7469,-119.771402,8.2,616.0,616.0,298.0,7535.8,180.2,15.5,85.5,GOOD,17,191.3,,ONLINE,ON
TEL-14833,2024-09-28 18:00:00,EQX1039,36.7468,-119.7726,0.0,616.0,616.0,298.0,7535.9,2.4,15.5,85.4,GOOD,11,270.2,,ONLINE,OFF
TEL-14834,2024-09-28 19:00:00,EQX1039,36.7468,-119.7726,0.0,616.0,616.0,298.0,7536.0,2.4,15.5,85.3,GOOD,18,54.8,,ONLINE,OFF
TEL-14835,2024-09-28 20:00:00,EQX1039,36.7468,-119.7726,0.0,616.0,616.0,298.0,7536.1,2.4,15.5,85.2,GOOD,30,123.2,,ONLINE,OFF
TEL-14836,2024-09-28 21:00:00,EQX1039,36.7468,-119.7726,0.0,616.0,616.0,298.0,7536.2,2.4,15.4,85.1,GOOD,0,42.1,,ONLINE,OFF
TEL-14837,2024-09-28 22:00:00,EQX1039,36.7468,-119.7726,0.0,616.0,616.0,298.0,7536.3,2.4,15.4,85.0,GOOD,24,106.5,,ONLINE,OFF
TEL-14838,2024-09-28 23:00:00,EQX1039,36.7468,-119.7726,0.0,616.0,616.0,298.0,7536.4,2.4,15.4,84.9,GOOD,21,268.6,,ONLINE,OFF
TEL-14839,2024-09-29 00:00:00,EQX1039,36.7468,-119.7726,0.0,616.0,616.0,298.0,7536.5,2.4,15.3,84.8,GOOD,24,65.7,,ONLINE,OFF
TEL-14840,2024-09-29 01:00:00,EQX1039,36.7468,-119.7726,0.0,616.0,616.0,298.0,7536.6,2.4,15.3,84.7,GOOD,1,135.1,,ONLINE,OFF
TEL-14841,2024-09-29 02:00:00,EQX1039,36.7468,-119.7726,0.0,616.0,616.0,298.0,7536.7,2.4,15.3,84.6,GOOD,13,136.8,,ONLINE,OFF
TEL-14842,2024-09-29 03:00:00,EQX1039,36.7468,-119.7726,0.0,616.0,616.0,298.0,7536.8,2.4,15.3,84.5,GOOD,25,176.3,,ONLINE,OFF
TEL-14843,2024-09-29 04:00:00,EQX1039,36.7468,-119.7726,0.0,616.0,616.0,298.0,7536.9,2.4,15.2,84.4,GOOD,4,292.5,,ONLINE,OFF
TEL-14844,2024-09-29 05:00:00,EQX1039,36.7468,-119.7726,0.0,616.0,616.0,298.0,7537.0,2.4,15.2,84.3,GOOD,1,136.7,,ONLINE,OFF
TEL-14845,2024-09-29 06:00:00,EQX1039,36.7468,-119.7726,0.0,616.0,616.0,298.0,7537.1,2.4,15.2,84.2,GOOD,0,230.7,,ONLINE,OFF
TEL-14846,2024-09-29 07:00:00,EQX1039,36.7468,-119.7726,0.0,616.0,616.0,298.0,7537.2,2.4,15.1,84.1,GOOD,3,234.7,,ONLINE,OFF
TEL-14847,2024-09-29 08:00:00,EQX1039,36.748487,-119.772226,13.9,616.5,616.5,298.1,7541.6,106.1,13.9,84.0,WARNING,3,282.8,P0217,ONLINE,ON
TEL-14848,2024-09-29 09:00:00,EQX1039,36.746075,-119.772765,5.7,617.0,617.0,298.2,7548.4,162.7,11.9,83.9,GOOD,8,44.7,,ONLINE,ON
TEL-14849,2024-09-29 10:00:00,EQX1039,36.751272,-119.772624,18.0,617.5,617.5,298.3,7555.5,169.9,95.0,83.8,GOOD,13,141.0,,ONLINE,ON
TEL-14850,2024-09-29 11:00:00,EQX1039,36.746432,-119.769814,8.4,618.0,618.0,298.4,7559.5,97.4,93.8,83.7,GOOD,14,233.0,,ONLINE,ON
TEL-14851,2024-09-29 12:00:00,EQX1039,36.749347,-119.772964,25.8,618.5,618.5,298.5,7566.2,159.4,91.9,83.6,GOOD,21,126.9,,ONLINE,ON
TEL-14852,2024-09-29 13:00:00,EQX1039,36.748373,-119.775036,20.9,619.0,619.0,298.6,7574.1,191.3,89.7,83.5,GOOD,24,64.1,,ONLINE,ON
TEL-14853,2024-09-29 14:00:00,EQX1039,36.746934,-119.776589,28.3,619.5,619.5,298.7,7579.2,121.0,88.2,83.4,GOOD,28,222.2,,ONLINE,ON
TEL-14854,2024-09-29 15:00:00,EQX1039,36.750215,-119.775992,33.0,620.0,620.0,298.8,7585.5,151.0,86.4,83.3,GOOD,16,36.4,,ONLINE,ON
TEL-14855,2024-09-29 16:00:00,EQX1039,36.746917,-119.769922,32.9,620.5,620.5,298.9,7592.2,161.3,84.5,83.2,GOOD,2,244.2,,ONLINE,ON
TEL-14856,2024-09-29 17:00:00,EQX1039,36.742769,-119.769729,32.7,621.0,621.0,299.0,7599.0,162.2,82.6,83.1,GOOD,2,269.3,,ONLINE,ON
TEL-14857,2024-09-29 18:00:00,EQX1039,36.7468,-119.7726,0.0,621.0,621.0,299.0,7599.1,2.4,82.5,83.0,WARNING,7,271.1,P0217,ONLINE,OFF
TEL-14858,2024-09-29 19:00:00,EQX1039,36.7468,-119.7726,0.0,621.0,621.0,299.0,7599.2,2.4,82.5,82.9,GOOD,11,266.5,,ONLINE,OFF
TEL-14859,2024-09-29 20:00:00,EQX1039,36.7468,-119.7726,0.0,621.0,621.0,299.0,7599.3,2.4,82.5,82.8,GOOD,26,238.2,,ONLINE,OFF
TEL-14860,2024-09-29 21:00:00,EQX1039,36.7468,-119.7726,0.0,621.0,621.0,299.0,7599.4,2.4,82.5,82.7,GOOD,10,27.4,,ONLINE,OFF
TEL-14861,2024-09-29 22:00:00,EQX1039,36.7468,-119.7726,0.0,621.0,621.0,299.0,7599.5,2.4,82.4,82.6,GOOD,26,101.0,,ONLINE,OFF
TEL-14862,2024-09-29 23:00:00,EQX1039,36.7468,-119.7726,0.0,621.0,621.0,299.0,7599.6,2.4,82.4,82.5,GOOD,29,270.3,,ONLINE,OFF
TEL-14863,2024-09-30 00:00:00,EQX1039,36.7468,-119.7726,0.0,621.0,621.0,299.0,7599.7,2.4,82.4,82.4,WARNING,15,30.7,P0017,ONLINE,OFF
TEL-14864,2024-09-30 01:00:00,EQX1039,36.7468,-119.7726,0.0,621.0,621.0,299.0,7599.8,2.4,82.3,82.3,GOOD,25,9.9,,ONLINE,OFF
TEL-14865,2024-09-30 02:00:00,EQX1039,36.7468,-119.7726,0.0,621.0,621.0,299.0,7599.9,2.4,82.3,82.2,GOOD,9,79.4,,ONLINE,OFF
TEL-14866,2024-09-30 03:00:00,EQX1039,36.7468,-119.7726,0.0,621.0,621.0,299.0,7600.0,2.4,82.3,82.1,GOOD,20,295.9,,ONLINE,OFF
TEL-14867,2024-09-30 04:00:00,EQX1039,36.7468,-119.7726,0.0,621.0,621.0,299.0,7600.1,2.4,82.3,82.0,GOOD,17,79.7,,ONLINE,OFF
TEL-14868,2024-09-30 05:00:00,EQX1039,36.7468,-119.7726,0.0,621.0,621.0,299.0,7600.2,2.4,82.2,81.9,GOOD,26,122.8,,ONLINE,OFF
TEL-14869,2024-09-30 06:00:00,EQX1039,36.7468,-119.7726,0.0,621.0,621.0,299.0,7600.3,2.4,82.2,81.8,GOOD,18,214.6,,ONLINE,OFF
TEL-14870,2024-09-30 07:00:00,EQX1039,36.7468,-119.7726,0.0,621.0,621.0,299.0,7600.4,2.4,82.2,81.7,GOOD,22,25.6,,ONLINE,OFF
TEL-14871,2024-09-30 08:00:00,EQX1039,36.746186,-119.76986,13.3,621.5,621.5,299.1,7607.7,175.4,80.1,81.6,GOOD,4,120.4,,ONLINE,ON
TEL-14872,2024-09-30 09:00:00,EQX1039,36.747139,-119.774903,8.8,622.0,622.0,299.2,7614.2,157.4,78.2,81.5,GOOD,21,93.3,,ONLINE,ON
TEL-14873,2024-09-30 10:00:00,EQX1039,36.745273,-119.773896,5.9,622.5,622.5,299.3,7621.4,172.8,76.2,81.4,GOOD,1,208.1,,ONLINE,ON
TEL-14874,2024-09-30 11:00:00,EQX1039,36.750559,-119.775886,33.5,623.0,623.0,299.4,7628.4,166.8,74.2,81.3,GOOD,29,241.8,,ONLINE,ON
TEL-14875,2024-09-30 12:00:00,EQX1039,36.746885,-119.771741,14.5,623.5,623.5,299.5,7635.9,179.8,72.0,81.2,GOOD,14,242.5,,ONLINE,ON
TEL-14876,2025-05-30 08:00:00,EQX1040,37.774823,-122.419576,15.7,1454.8,1454.8,634.9,19590.6,122.9,83.5,96.4,GOOD,18,117.2,,ONLINE,ON
TEL-14877,2025-05-30 09:00:00,EQX1040,37.772723,-122.423871,28.8,1455.3,1455.3,635.0,19595.6,119.5,82.1,96.3,GOOD,17,262.1,,ONLINE,ON
TEL-14878,2025-05-30 10:00:00,EQX1040,37.771159,-122.416983,32.7,1455.8,1455.8,635.1,19601.2,133.4,80.5,96.2,GOOD,25,62.4,,ONLINE,ON
TEL-14879,2025-05-30 11:00:00,EQX1040,37.779875,-122.420884,18.9,1456.3,1456.3,635.2,19606.1,117.8,79.1,96.1,GOOD,25,114.0,,ONLINE,ON
TEL-14880,2025-05-30 12:00:00,EQX1040,37.778364,-122.424156,22.5,1456.8,1456.8,635.3,19610.6,109.4,77.8,96.0,GOOD,25,293.3,,OFFLINE,ON
TEL-14881,2025-05-30 13:00:00,EQX1040,37.777457,-122.423796,26.9,1457.3,1457.3,635.4,19617.0,153.8,76.0,95.9,GOOD,26,66.8,,ONLINE,ON
TEL-14882,2025-05-30 14:00:00,EQX1040,37.774304,-122.422967,30.3,1457.8,1457.8,635.5,19624.0,167.3,74.0,95.8,GOOD,30,267.8,,ONLINE,ON
TEL-14883,2025-05-30 15:00:00,EQX1040,37.776756,-122.416661,8.1,1458.3,1458.3,635.6,19629.9,141.8,72.3,95.7,GOOD,20,247.6,,ONLINE,ON
TEL-14884,2025-05-30 16:00:00,EQX1040,37.772871,-122.41766,27.5,1458.8,1458.8,635.7,19637.8,189.8,70.0,95.6,GOOD,8,284.3,,ONLINE,ON
TEL-14885,2025-05-30 17:00:00,EQX1040,37.771453,-122.415154,33.1,1459.3,1459.3,635.8,19643.7,140.2,68.4,95.5,GOOD,15,177.5,,ONLINE,ON
TEL-14886,2025-05-30 18:00:00,EQX1040,37.7749,-122.4194,0.0,1459.3,1459.3,635.8,19643.8,2.4,68.4,95.4,GOOD,29,239.5,,ONLINE,OFF
TEL-14887,2025-05-30 19:00:00,EQX1040,37.7749,-122.4194,0.0,1459.3,1459.3,635.8,19643.9,2.4,68.3,95.3,GOOD,19,106.2,,ONLINE,OFF
TEL-14888,2025-05-30 20:00:00,EQX1040,37.7749,-122.4194,0.0,1459.3,1459.3,635.8,19644.0,2.4,68.3,95.2,GOOD,14,217.5,,ONLINE,OFF
TEL-14889,2025-05-30 21:00:00,EQX1040,37.7749,-122.4194,0.0,1459.3,1459.3,635.8,19644.1,2.4,68.3,95.1,GOOD,21,218.4,,ONLINE,OFF
TEL-14890,2025-05-30 22:00:00,EQX1040,37.7749,-122.4194,0.0,1459.3,1459.3,635.8,19644.2,2.4,68.2,95.0,GOOD,16,68.6,,ONLINE,OFF
TEL-14891,2025-05-30 23:00:00,EQX1040,37.7749,-122.4194,0.0,1459.3,1459.3,635.8,19644.3,2.4,68.2,94.9,GOOD,0,48.4,,ONLINE,OFF
TEL-14892,2025-05-31 00:00:00,EQX1040,37.7749,-122.4194,0.0,1459.3,1459.3,635.8,19644.4,2.4,68.2,94.8,GOOD,29,38.8,,ONLINE,OFF
TEL-14893,2025-05-31 01:00:00,EQX1040,37.7749,-122.4194,0.0,1459.3,1459.3,635.8,19644.5,2.4,68.2,94.7,GOOD,8,213.1,,ONLINE,OFF
TEL-14894,2025-05-31 02:00:00,EQX1040,37.7749,-122.4194,0.0,1459.3,1459.3,635.8,19644.6,2.4,68.1,94.6,GOOD,23,276.9,,ONLINE,OFF
TEL-14895,2025-05-31 03:00:00,EQX1040,37.7749,-122.4194,0.0,1459.3,1459.3,635.8,19644.7,2.4,68.1,94.5,GOOD,17,113.3,,ONLINE,OFF
TEL-14896,2025-05-31 04:00:00,EQX1040,37.7749,-122.4194,0.0,1459.3,1459.3,635.8,19644.8,2.4,68.1,94.4,GOOD,11,2.0,,ONLINE,OFF
TEL-14897,2025-05-31 05:00:00,EQX1040,37.7749,-122.4194,0.0,1459.3,1459.3,635.8,19644.9,2.4,68.0,94.3,GOOD,22,180.9,,ONLINE,OFF
TEL-14898,2025-05-31 06:00:00,EQX1040,37.7749,-122.4194,0.0,1459.3,1459.3,635.8,19645.0,2.4,68.0,94.2,GOOD,20,101.6,,ONLINE,OFF
TEL-14899,2025-05-31 07:00:00,EQX1040,37.7749,-122.4194,0.0,1459.3,1459.3,635.8,19645.1,2.4,68.0,94.1,GOOD,22,284.2,,ONLINE,OFF
TEL-14900,2025-05-31 08:00:00,EQX1040,37.774715,-122.421671,18.3,1459.8,1459.8,635.9,19652.8,185.5,65.8,94.0,GOOD,22,79.5,,ONLINE,ON
TEL-14901,2025-05-31 09:00:00,EQX1040,37.778702,-122.422465,32.3,1460.3,1460.3,636.0,19657.7,118.1,64.4,93.9,GOOD,16,289.0,,ONLINE,ON
TEL-14902,2025-05-31 10:00:00,EQX1040,37.770698,-122.414815,23.2,1460.8,1460.8,636.1,19664.8,169.9,62.3,93.8,CRITICAL,0,146.9,P0300,ONLINE,ON
TEL-14903,2025-05-31 11:00:00,EQX1040,37.77618,-122.421886,27.7,1461.3,1461.3,636.2,19669.1,102.5,61.1,93.7,GOOD,30,263.2,,ONLINE,ON
TEL-14904,2025-05-31 12:00:00,EQX1040,37.778213,-122.422234,25.0,1461.8,1461.8,636.3,19674.6,132.7,59.5,93.6,GOOD,11,142.9,,ONLINE,ON
TEL-14905,2025-05-31 13:00:00,EQX1040,37.775503,-122.418806,8.3,1462.3,1462.3,636.4,19678.7,98.6,58.4,93.5,GOOD,0,199.6,,ONLINE,ON
TEL-14906,2025-05-31 14:00:00,EQX1040,37.771996,-122.422071,22.1,1462.8,1462.8,636.5,19684.2,130.8,56.8,93.4,GOOD,7,31.6,,ONLINE,ON
TEL-14907,2025-05-31 15:00:00,EQX1040,37.779365,-122.414987,8.9,1463.3,1463.3,636.6,19690.1,141.8,55.1,93.3,GOOD,1,268.1,,ONLINE,ON
TEL-14908,2025-05-31 16:00:00,EQX1040,37.779024,-122.420669,28.0,1463.8,1463.8,636.7,19696.8,161.8,53.2,93.2,GOOD,0,157.6,,ONLINE,ON
TEL-14909,2025-05-31 17:00:00,EQX1040,37.770488,-122.422893,17.4,1464.3,1464.3,636.8,19703.7,164.6,51.2,93.1,WARNING,20,143.3,P0562,OFFLINE,ON
TEL-14910,2025-05-31 18:00:00,EQX1040,37.7749,-122.4194,0.0,1464.3,1464.3,636.8,19703.8,2.4,51.2,93.0,GOOD,18,253.6,,ONLINE,OFF
TEL-14911,2025-05-31 19:00:00,EQX1040,37.7749,-122.4194,0.0,1464.3,1464.3,636.8,19703.9,2.4,51.2,92.9,GOOD,20,209.9,,ONLINE,OFF
TEL-14912,2025-05-31 20:00:00,EQX1040,37.7749,-122.4194,0.0,1464.3,1464.3,636.8,19704.0,2.4,51.2,92.8,GOOD,6,22.6,,ONLINE,OFF
TEL-14913,2025-05-31 21:00:00,EQX1040,37.7749,-122.4194,0.0,1464.3,1464.3,636.8,19704.1,2.4,51.1,92.7,GOOD,19,154.8,,ONLINE,OFF
TEL-14914,2025-05-31 22:00:00,EQX1040,37.7749,-122.4194,0.0,1464.3,1464.3,636.8,19704.2,2.4,51.1,92.6,GOOD,14,236.9,,ONLINE,OFF
TEL-14915,2025-05-31 23:00:00,EQX1040,37.7749,-122.4194,0.0,1464.3,1464.3,636.8,19704.3,2.4,51.1,92.5,CRITICAL,16,161.5,P0420,OFFLINE,OFF
TEL-14916,2025-06-01 00:00:00,EQX1040,37.7749,-122.4194,0.0,1464.3,1464.3,636.8,19704.4,2.4,51.0,92.4,GOOD,9,281.7,,ONLINE,OFF
TEL-14917,2025-06-01 01:00:00,EQX1040,37.7749,-122.4194,0.0,1464.3,1464.3,636.8,19704.5,2.4,51.0,92.3,WARNING,8,36.5,P0562,ONLINE,OFF
TEL-14918,2025-06-01 02:00:00,EQX1040,37.7749,-122.4194,0.0,1464.3,1464.3,636.8,19704.6,2.4,51.0,92.2,WARNING,16,187.6,P0300,ONLINE,OFF
TEL-14919,2025-06-01 03:00:00,EQX1040,37.7749,-122.4194,0.0,1464.3,1464.3,636.8,19704.7,2.4,51.0,92.1,GOOD,25,145.4,,ONLINE,OFF
TEL-14920,2025-06-01 04:00:00,EQX1040,37.7749,-122.4194,0.0,1464.3,1464.3,636.8,19704.8,2.4,50.9,92.0,GOOD,0,176.3,,ONLINE,OFF
TEL-14921,2025-06-01 05:00:00,EQX1040,37.7749,-122.4194,0.0,1464.3,1464.3,636.8,19704.9,2.4,50.9,91.9,GOOD,9,185.6,,ONLINE,OFF
TEL-14922,2025-06-01 06:00:00,EQX1040,37.7749,-122.4194,0.0,1464.3,1464.3,636.8,19705.0,2.4,50.9,91.8,GOOD,13,186.6,,ONLINE,OFF
TEL-14923,2025-06-01 07:00:00,EQX1040,37.7749,-122.4194,0.0,1464.3,1464.3,636.8,19705.1,2.4,50.8,91.7,GOOD,13,286.6,,ONLINE,OFF
TEL-14924,2025-06-01 08:00:00,EQX1040,37.776798,-122.424006,8.1,1464.8,1464.8,636.9,19712.7,183.6,48.7,91.6,GOOD,20,166.0,,ONLINE,ON
TEL-14925,2025-06-01 09:00:00,EQX1040,37.779444,-122.421807,28.0,1465.3,1465.3,637.0,19718.0,127.2,47.1,91.5,GOOD,28,115.8,,ONLINE,ON
TEL-14926,2025-06-01 10:00:00,EQX1040,37.771912,-122.41866,24.9,1465.8,1465.8,637.1,19725.7,185.3,44.9,91.4,GOOD,28,276.4,,ONLINE,ON
TEL-14927,2025-06-01 11:00:00,EQX1040,37.779587,-122.419984,26.4,1466.3,1466.3,637.2,19733.3,181.2,42.8,91.3,GOOD,28,208.5,,ONLINE,ON
TEL-14928,2025-06-01 12:00:00,EQX1040,37.776865,-122.416041,21.9,1466.8,1466.8,637.3,19740.2,166.6,40.8,91.2,GOOD,8,186.2,,ONLINE,ON
TEL-14929,2025-06-01 13:00:00,EQX1040,37.77801,-122.420032,33.7,1467.3,1467.3,637.4,19744.6,104.2,39.6,91.1,GOOD,9,284.9,,ONLINE,ON
TEL-14930,2025-06-01 14:00:00,EQX1040,37.7744,-122.418288,20.1,1467.8,1467.8,637.5,19751.1,156.0,37.7,91.0,GOOD,1,21.7,,ONLINE,ON
TEL-14931,2025-06-01 15:00:00,EQX1040,37.770995,-122.416995,9.8,1468.3,1468.3,637.6,19757.4,151.2,35.9,90.9,GOOD,16,299.5,,ONLINE,ON
TEL-14932,2025-06-01 16:00:00,EQX1040,37.779265,-122.418934,32.8,1468.8,1468.8,637.7,19762.4,120.7,34.5,90.8,CRITICAL,15,188.5,P0017,ONLINE,ON
TEL-14933,2025-06-01 17:00:00,EQX1040,37.77828,-122.420667,11.0,1469.3,1469.3,637.8,19767.8,129.1,32.9,90.7,GOOD,13,270.0,,ONLINE,ON
TEL-14934,2025-06-01 18:00:00,EQX1040,37.7749,-122.4194,0.0,1469.3,1469.3,637.8,19767.9,2.4,32.9,90.6,GOOD,24,233.2,,ONLINE,OFF
TEL-14935,2025-06-01 19:00:00,EQX1040,37.7749,-122.4194,0.0,1469.3,1469.3,637.8,19768.0,2.4,32.9,90.5,GOOD,5,140.9,,ONLINE,OFF
TEL-14936,2025-06-01 20:00:00,EQX1040,37.7749,-122.4194,0.0,1469.3,1469.3,637.8,19768.1,2.4,32.8,90.4,GOOD,4,109.3,,ONLINE,OFF
TEL-14937,2025-06-01 21:00:00,EQX1040,37.7749,-122.4194,0.0,1469.3,1469.3,637.8,19768.2,2.4,32.8,90.3,GOOD,4,255.8,,ONLINE,OFF
TEL-14938,2025-06-01 22:00:00,EQX1040,37.7749,-122.4194,0.0,1469.3,1469.3,637.8,19768.3,2.4,32.8,90.2,GOOD,21,151.8,,OFFLINE,OFF
TEL-14939,2025-06-01 23:00:00,EQX1040,37.7749,-122.4194,0.0,1469.3,1469.3,637.8,19768.4,2.4,32.7,90.1,GOOD,7,42.6,,ONLINE,OFF
TEL-14940,2025-06-02 00:00:00,EQX1040,37.7749,-122.4194,0.0,1469.3,1469.3,637.8,19768.5,2.4,32.7,90.0,GOOD,0,2.1,,ONLINE,OFF
TEL-14941,2025-06-02 01:00:00,EQX1040,37.7749,-122.4194,0.0,1469.3,1469.3,637.8,19768.6,2.4,32.7,89.9,CRITICAL,29,147.3,P0217,ONLINE,OFF
TEL-14942,2025-06-02 02:00:00,EQX1040,37.7749,-122.4194,0.0,1469.3,1469.3,637.8,19768.7,2.4,32.7,89.8,GOOD,22,286.1,,ONLINE,OFF
TEL-14943,2025-06-02 03:00:00,EQX1040,37.7749,-122.4194,0.0,1469.3,1469.3,637.8,19768.8,2.4,32.6,89.7,GOOD,26,273.1,,ONLINE,OFF
TEL-14944,2025-06-02 04:00:00,EQX1040,37.7749,-122.4194,0.0,1469.3,1469.3,637.8,19768.9,2.4,32.6,89.6,GOOD,6,37.5,,ONLINE,OFF
TEL-14945,2025-06-02 05:00:00,EQX1040,37.7749,-122.4194,0.0,1469.3,1469.3,637.8,19769.0,2.4,32.6,89.5,GOOD,8,185.0,,ONLINE,OFF
TEL-14946,2025-06-02 06:00:00,EQX1040,37.7749,-122.4194,0.0,1469.3,1469.3,637.8,19769.1,2.4,32.5,89.4,GOOD,23,240.8,,ONLINE,OFF
TEL-14947,2025-06-02 07:00:00,EQX1040,37.7749,-122.4194,0.0,1469.3,1469.3,637.8,19769.2,2.4,32.5,89.3,WARNING,25,13.1,P0300,ONLINE,OFF
TEL-14948,2025-06-02 08:00:00,EQX1040,37.770893,-122.42162,6.3,1469.8,1469.8,637.9,19775.2,143.8,30.8,89.2,GOOD,1,297.9,,ONLINE,ON
TEL-14949,2025-06-02 09:00:00,EQX1040,37.778577,-122.419518,28.5,1470.3,1470.3,638.0,19782.1,166.3,28.8,89.1,GOOD,6,116.3,,ONLINE,ON
TEL-14950,2025-06-02 10:00:00,EQX1040,37.778376,-122.420584,18.1,1470.8,1470.8,638.1,19788.7,159.4,26.9,89.0,GOOD,13,55.9,,ONLINE,ON
TEL-14951,2025-06-02 11:00:00,EQX1040,37.774798,-122.421389,7.4,1471.3,1471.3,638.2,19794.2,130.3,25.4,88.9,WARNING,8,291.7,P0217,ONLINE,ON
TEL-14952,2025-06-02 12:00:00,EQX1040,37.771392,-122.416797,30.0,1471.8,1471.8,638.3,19799.9,138.0,23.7,88.8,GOOD,8,51.1,,ONLINE,ON
TEL-14953,2025-06-02 13:00:00,EQX1040,37.772407,-122.417142,20.2,1472.3,1472.3,638.4,19807.4,180.7,21.6,88.7,GOOD,5,125.5,,ONLINE,ON
TEL-14954,2025-06-02 14:00:00,EQX1040,37.77623,-122.423036,26.3,1472.8,1472.8,638.5,19814.2,161.8,19.7,88.6,GOOD,18,250.3,,ONLINE,ON
TEL-14955,2025-06-02 15:00:00,EQX1040,37.771127,-122.418768,20.7,1473.3,1473.3,638.6,19821.5,176.6,17.6,88.5,WARNING,22,246.7,P0300,ONLINE,ON
TEL-14956,2025-06-02 16:00:00,EQX1040,37.769967,-122.417216,11.3,1473.8,1473.8,638.7,19829.4,189.1,15.3,88.4,GOOD,24,105.3,,ONLINE,ON
TEL-14957,2025-06-02 17:00:00,EQX1040,37.7782,-122.417732,18.6,1474.3,1474.3,638.8,19836.6,172.3,13.3,88.3,GOOD,20,208.7,,ONLINE,ON
TEL-14958,2025-06-02 18:00:00,EQX1040,37.7749,-122.4194,0.0,1474.3,1474.3,638.8,19836.7,2.4,13.2,88.2,GOOD,18,251.3,,ONLINE,OFF
TEL-14959,2025-06-02 19:00:00,EQX1040,37.7749,-122.4194,0.0,1474.3,1474.3,638.8,19836.8,2.4,13.2,88.1,GOOD,26,221.6,,ONLINE,OFF
TEL-14960,2025-06-02 20:00:00,EQX1040,37.7749,-122.4194,0.0,1474.3,1474.3,638.8,19836.9,2.4,13.2,88.0,GOOD,25,245.8,,ONLINE,OFF
TEL-14961,2025-06-02 21:00:00,EQX1040,37.7749,-122.4194,0.0,1474.3,1474.3,638.8,19837.0,2.4,13.1,87.9,GOOD,11,244.9,,ONLINE,OFF
TEL-14962,2025-06-02 22:00:00,EQX1040,37.7749,-122.4194,0.0,1474.3,1474.3,638.8,19837.1,2.4,13.1,87.8,GOOD,15,291.8,,ONLINE,OFF
TEL-14963,2025-06-02 23:00:00,EQX1040,37.7749,-122.4194,0.0,1474.3,1474.3,638.8,19837.2,2.4,13.1,87.7,CRITICAL,23,278.5,P0562,ONLINE,OFF
TEL-14964,2025-06-03 00:00:00,EQX1040,37.7749,-122.4194,0.0,1474.3,1474.3,638.8,19837.3,2.4,13.1,87.6,GOOD,10,264.1,,ONLINE,OFF
TEL-14965,2025-06-03 01:00:00,EQX1040,37.7749,-122.4194,0.0,1474.3,1474.3,638.8,19837.4,2.4,13.0,87.5,GOOD,9,172.0,,ONLINE,OFF
TEL-14966,2025-06-03 02:00:00,EQX1040,37.7749,-122.4194,0.0,1474.3,1474.3,638.8,19837.5,2.4,13.0,87.4,GOOD,17,150.4,,ONLINE,OFF
TEL-14967,2025-06-03 03:00:00,EQX1040,37.7749,-122.4194,0.0,1474.3,1474.3,638.8,19837.6,2.4,13.0,87.3,GOOD,8,42.5,,ONLINE,OFF
TEL-14968,2025-06-03 04:00:00,EQX1040,37.7749,-122.4194,0.0,1474.3,1474.3,638.8,19837.7,2.4,12.9,87.2,GOOD,11,207.7,,OFFLINE,OFF
TEL-14969,2025-06-03 05:00:00,EQX1040,37.7749,-122.4194,0.0,1474.3,1474.3,638.8,19837.8,2.4,12.9,87.1,GOOD,17,140.2,,ONLINE,OFF
TEL-14970,2025-06-03 06:00:00,EQX1040,37.7749,-122.4194,0.0,1474.3,1474.3,638.8,19837.9,2.4,12.9,87.0,GOOD,21,82.7,,ONLINE,OFF
TEL-14971,2025-06-03 07:00:00,EQX1040,37.7749,-122.4194,0.0,1474.3,1474.3,638.8,19838.0,2.4,12.9,86.9,GOOD,13,258.3,,ONLINE,OFF
TEL-14972,2025-06-03 08:00:00,EQX1040,37.777901,-122.423523,18.0,1474.8,1474.8,638.9,19844.3,152.2,11.0,86.8,GOOD,17,208.9,,ONLINE,ON
TEL-14973,2025-06-03 09:00:00,EQX1040,37.778108,-122.415432,35.0,1475.3,1475.3,639.0,19851.6,174.7,95.0,86.7,GOOD,27,152.5,,ONLINE,ON
TEL-14974,2025-06-03 10:00:00,EQX1040,37.775218,-122.420969,25.1,1475.8,1475.8,639.1,19857.2,134.4,93.4,86.6,GOOD,22,86.9,,ONLINE,ON
TEL-14975,2025-06-03 11:00:00,EQX1040,37.772665,-122.420279,9.6,1476.3,1476.3,639.2,19862.8,133.7,91.8,86.5,GOOD,14,212.3,,ONLINE,ON
TEL-14976,2025-06-03 12:00:00,EQX1040,37.779476,-122.415603,20.7,1476.8,1476.8,639.3,19868.1,126.5,90.3,86.4,GOOD,22,277.6,,ONLINE,ON
TEL-14977,2025-06-03 13:00:00,EQX1040,37.779452,-122.415261,24.7,1477.3,1477.3,639.4,19873.4,127.4,88.8,86.3,GOOD,21,296.1,,ONLINE,ON
TEL-14978,2025-06-03 14:00:00,EQX1040,37.773454,-122.415548,29.2,1477.8,1477.8,639.5,19879.5,148.1,87.0,86.2,GOOD,2,139.2,,ONLINE,ON
TEL-14979,2025-06-03 15:00:00,EQX1040,37.773771,-122.423941,21.0,1478.3,1478.3,639.6,19884.1,109.4,85.7,86.1,GOOD,18,298.0,,ONLINE,ON
TEL-14980,2025-06-03 16:00:00,EQX1040,37.772537,-122.420154,28.2,1478.8,1478.8,639.7,19891.8,183.8,83.5,86.0,GOOD,13,211.1,,ONLINE,ON
TEL-14981,2025-06-03 17:00:00,EQX1040,37.77674,-122.419033,10.0,1479.3,1479.3,639.8,19896.5,114.7,82.2,85.9,GOOD,11,251.0,,ONLINE,ON
TEL-14982,2025-06-03 18:00:00,EQX1040,37.7749,-122.4194,0.0,1479.3,1479.3,639.8,19896.6,2.4,82.1,85.8,GOOD,15,169.4,,ONLINE,OFF
TEL-14983,2025-06-03 19:00:00,EQX1040,37.7749,-122.4194,0.0,1479.3,1479.3,639.8,19896.7,2.4,82.1,85.7,GOOD,26,263.3,,ONLINE,OFF
TEL-14984,2025-06-03 20:00:00,EQX1040,37.7749,-122.4194,0.0,1479.3,1479.3,639.8,19896.8,2.4,82.1,85.6,GOOD,15,244.0,,ONLINE,OFF
TEL-14985,2025-06-03 21:00:00,EQX1040,37.7749,-122.4194,0.0,1479.3,1479.3,639.8,19896.9,2.4,82.1,85.5,GOOD,19,93.8,,ONLINE,OFF
TEL-14986,2025-06-03 22:00:00,EQX1040,37.7749,-122.4194,0.0,1479.3,1479.3,639.8,19897.0,2.4,82.0,85.4,GOOD,0,56.4,,ONLINE,OFF
TEL-14987,2025-06-03 23:00:00,EQX1040,37.7749,-122.4194,0.0,1479.3,1479.3,639.8,19897.1,2.4,82.0,85.3,GOOD,4,37.3,,ONLINE,OFF
TEL-14988,2025-06-04 00:00:00,EQX1040,37.7749,-122.4194,0.0,1479.3,1479.3,639.8,19897.2,2.4,82.0,85.2,GOOD,1,190.2,,ONLINE,OFF
TEL-14989,2025-06-04 01:00:00,EQX1040,37.7749,-122.4194,0.0,1479.3,1479.3,639.8,19897.3,2.4,81.9,85.1,GOOD,26,91.4,,ONLINE,OFF
TEL-14990,2025-06-04 02:00:00,EQX1040,37.7749,-122.4194,0.0,1479.3,1479.3,639.8,19897.4,2.4,81.9,85.0,GOOD,4,10.7,,ONLINE,OFF
TEL-14991,2025-06-04 03:00:00,EQX1040,37.7749,-122.4194,0.0,1479.3,1479.3,639.8,19897.5,2.4,81.9,84.9,GOOD,25,70.7,,ONLINE,OFF
TEL-14992,2025-06-04 04:00:00,EQX1040,37.7749,-122.4194,0.0,1479.3,1479.3,639.8,19897.6,2.4,81.9,84.8,GOOD,4,86.4,,ONLINE,OFF
TEL-14993,2025-06-04 05:00:00,EQX1040,37.7749,-122.4194,0.0,1479.3,1479.3,639.8,19897.7,2.4,81.8,84.7,GOOD,21,161.5,,ONLINE,OFF
TEL-14994,2025-06-04 06:00:00,EQX1040,37.7749,-122.4194,0.0,1479.3,1479.3,639.8,19897.8,2.4,81.8,84.6,WARNING,20,148.4,P0017,ONLINE,OFF
TEL-14995,2025-06-04 07:00:00,EQX1040,37.7749,-122.4194,0.0,1479.3,1479.3,639.8,19897.9,2.4,81.8,84.5,GOOD,26,85.1,,ONLINE,OFF
TEL-14996,2025-06-04 08:00:00,EQX1040,37.778741,-122.419108,25.2,1479.8,1479.8,639.9,19905.5,181.9,79.6,84.4,GOOD,1,146.4,,ONLINE,ON
TEL-14997,2025-06-04 09:00:00,EQX1040,37.772024,-122.415729,16.1,1480.3,1480.3,640.0,19912.6,169.0,77.6,84.3,GOOD,27,175.3,,ONLINE,ON
TEL-14998,2025-06-04 10:00:00,EQX1040,37.770144,-122.42175,33.2,1480.8,1480.8,640.1,19918.8,150.2,75.8,84.2,WARNING,2,7.2,P0087,ONLINE,ON
TEL-14999,2025-06-04 11:00:00,EQX1040,37.775473,-122.422044,23.6,1481.3,1481.3,640.2,19924.7,140.9,74.1,84.1,GOOD,30,278.6,,ONLINE,ON
TEL-15000,2025-06-04 12:00:00,EQX1040,37.772106,-122.420038,27.7,1481.8,1481.8,640.3,19930.7,143.0,72.4,84.0,GOOD,2,131.3,,ONLINE,ON
